{"v":"4.5.7","fr":25,"ip":11,"op":64,"w":800,"h":600,"ddd":0,"assets":[],"layers":[{"ddd":0,"ind":0,"ty":4,"nm":"Shape Layer 12","ks":{"o":{"a":0,"k":100},"r":{"a":1,"k":[{"i":{"x":[0],"y":[1]},"o":{"x":[0.7],"y":[0]},"n":["0_1_0p7_0"],"t":90,"s":[90],"e":[180]},{"t":110}]},"p":{"a":0,"k":[400,300.25,0]},"a":{"a":0,"k":[60,-40,0]},"s":{"a":0,"k":[100,100,100]}},"ao":0,"shapes":[{"ty":"gr","it":[{"ind":0,"ty":"sh","ks":{"a":1,"k":[{"i":{"x":0,"y":1},"o":{"x":0.7,"y":0},"n":"0_1_0p7_0","t":90,"s":[{"i":[[0,0],[0,0],[0,0],[0,0]],"o":[[0,0],[0,0],[0,0],[0,0]],"v":[[60,-100],[-0.25,-99.75],[0,20],[60,20]],"c":true}],"e":[{"i":[[0,0],[0,0],[0,0],[0,0]],"o":[[0,0],[0,0],[0,0],[0,0]],"v":[[50.75,-100],[-0.25,-99.75],[0,20],[50.75,20]],"c":true}]},{"t":110}]},"nm":"Path 1","mn":"ADBE Vector Shape - Group"},{"ty":"st","c":{"a":0,"k":[1,1,1,1]},"o":{"a":0,"k":100},"w":{"a":0,"k":0},"lc":1,"lj":1,"ml":4,"nm":"Stroke 1","mn":"ADBE Vector Graphic - Stroke"},{"ty":"fl","c":{"a":0,"k":[1,0.25,0.51,1]},"o":{"a":0,"k":100},"nm":"Fill 1","mn":"ADBE Vector Graphic - Fill"},{"ty":"tr","p":{"a":0,"k":[0,0],"ix":2},"a":{"a":0,"k":[0,0],"ix":1},"s":{"a":0,"k":[100,100],"ix":3},"r":{"a":0,"k":0,"ix":6},"o":{"a":0,"k":100,"ix":7},"sk":{"a":0,"k":0,"ix":4},"sa":{"a":0,"k":0,"ix":5},"nm":"Transform"}],"nm":"Shape 1","np":3,"mn":"ADBE Vector Group"}],"ip":90,"op":111,"st":65,"bm":0,"sr":1},{"ddd":0,"ind":1,"ty":4,"nm":"Shape Layer 2","ks":{"o":{"a":0,"k":100},"r":{"a":1,"k":[{"i":{"x":[0],"y":[1]},"o":{"x":[0.7],"y":[0]},"n":["0_1_0p7_0"],"t":90,"s":[90],"e":[180]},{"t":110}]},"p":{"a":0,"k":[400,300.25,0]},"a":{"a":0,"k":[60,-40,0]},"s":{"a":0,"k":[100,100,100]}},"ao":0,"shapes":[{"ty":"gr","it":[{"ind":0,"ty":"sh","ks":{"a":1,"k":[{"i":{"x":0,"y":1},"o":{"x":0.7,"y":0},"n":"0_1_0p7_0","t":90,"s":[{"i":[[0,0],[0,0],[0,0],[0,0]],"o":[[0,0],[0,0],[0,0],[0,0]],"v":[[120,-100],[60,-100],[60.25,20],[120,20]],"c":true}],"e":[{"i":[[0,0],[0,0],[0,0],[0,0]],"o":[[0,0],[0,0],[0,0],[0,0]],"v":[[120,-100],[69.75,-100],[70,20],[120,20]],"c":true}]},{"t":110}]},"nm":"Path 1","mn":"ADBE Vector Shape - Group"},{"ty":"st","c":{"a":0,"k":[1,1,1,1]},"o":{"a":0,"k":100},"w":{"a":0,"k":0},"lc":1,"lj":1,"ml":4,"nm":"Stroke 1","mn":"ADBE Vector Graphic - Stroke"},{"ty":"fl","c":{"a":0,"k":[1,0.25,0.51,1]},"o":{"a":0,"k":100},"nm":"Fill 1","mn":"ADBE Vector Graphic - Fill"},{"ty":"tr","p":{"a":0,"k":[0,0],"ix":2},"a":{"a":0,"k":[0,0],"ix":1},"s":{"a":0,"k":[100,100],"ix":3},"r":{"a":0,"k":0,"ix":6},"o":{"a":0,"k":100,"ix":7},"sk":{"a":0,"k":0,"ix":4},"sa":{"a":0,"k":0,"ix":5},"nm":"Transform"}],"nm":"Shape 1","np":3,"mn":"ADBE Vector Group"}],"ip":90,"op":111,"st":65,"bm":0,"sr":1},{"ddd":0,"ind":2,"ty":4,"nm":"Shape Layer 11","ks":{"o":{"a":0,"k":100},"r":{"a":1,"k":[{"i":{"x":[0],"y":[1]},"o":{"x":[0.7],"y":[0.006]},"n":["0_1_0p7_0p006"],"t":110,"s":[180],"e":[270]},{"t":130}]},"p":{"a":1,"k":[{"i":{"x":0,"y":1},"o":{"x":0.7,"y":0},"n":"0_1_0p7_0","t":110,"s":[400,300,0],"e":[410,300,0],"to":[0,0,0],"ti":[0,0,0]},{"t":130}]},"a":{"a":0,"k":[60,-40,0]},"s":{"a":0,"k":[100,100,100]}},"ao":0,"shapes":[{"ty":"gr","it":[{"ind":0,"ty":"sh","ks":{"a":1,"k":[{"i":{"x":0,"y":1},"o":{"x":0.7,"y":0},"n":"0_1_0p7_0","t":110,"s":[{"i":[[0,0],[0,0],[0,0],[0,0]],"o":[[0,0],[0,0],[0,0],[0,0]],"v":[[50.75,-100],[-0.25,-99.75],[0,20],[50.75,20]],"c":true}],"e":[{"i":[[0,0],[0,0],[0,0],[0,0]],"o":[[0,0],[0,0],[0,0],[0,0]],"v":[[74,-100],[-0.25,-99.75],[60,0],[60,0]],"c":true}]},{"t":130}]},"nm":"Path 1","mn":"ADBE Vector Shape - Group"},{"ty":"st","c":{"a":0,"k":[1,1,1,1]},"o":{"a":0,"k":100},"w":{"a":0,"k":0},"lc":1,"lj":1,"ml":4,"nm":"Stroke 1","mn":"ADBE Vector Graphic - Stroke"},{"ty":"fl","c":{"a":0,"k":[1,0.25,0.51,1]},"o":{"a":0,"k":100},"nm":"Fill 1","mn":"ADBE Vector Graphic - Fill"},{"ty":"tr","p":{"a":0,"k":[0,0],"ix":2},"a":{"a":0,"k":[0,0],"ix":1},"s":{"a":0,"k":[100,100],"ix":3},"r":{"a":0,"k":0,"ix":6},"o":{"a":0,"k":100,"ix":7},"sk":{"a":0,"k":0,"ix":4},"sa":{"a":0,"k":0,"ix":5},"nm":"Transform"}],"nm":"Shape 1","np":3,"mn":"ADBE Vector Group"}],"ip":110,"op":131,"st":60,"bm":0,"sr":1},{"ddd":0,"ind":3,"ty":4,"nm":"Shape Layer 5","ks":{"o":{"a":0,"k":100},"r":{"a":1,"k":[{"i":{"x":[0],"y":[1]},"o":{"x":[0.7],"y":[0]},"n":["0_1_0p7_0"],"t":110,"s":[180],"e":[270]},{"t":130}]},"p":{"a":1,"k":[{"i":{"x":0,"y":1},"o":{"x":0.7,"y":0},"n":"0_1_0p7_0","t":110,"s":[400,300,0],"e":[410,300,0],"to":[0,0,0],"ti":[0,0,0]},{"t":130}]},"a":{"a":0,"k":[60,-40,0]},"s":{"a":0,"k":[100,100,100]}},"ao":0,"shapes":[{"ty":"gr","it":[{"ind":0,"ty":"sh","ks":{"a":1,"k":[{"i":{"x":0,"y":1},"o":{"x":0.7,"y":0},"n":"0_1_0p7_0","t":110,"s":[{"i":[[0,0],[0,0],[0,0],[0,0]],"o":[[0,0],[0,0],[0,0],[0,0]],"v":[[120,-100],[69.75,-100],[70,20],[120,20]],"c":true}],"e":[{"i":[[0,0],[0,0],[0,0],[0,0]],"o":[[0,0],[0,0],[0,0],[0,0]],"v":[[120,-100],[44.5,-100],[60,0],[60,0]],"c":true}]},{"t":130}]},"nm":"Path 1","mn":"ADBE Vector Shape - Group"},{"ty":"st","c":{"a":0,"k":[1,1,1,1]},"o":{"a":0,"k":100},"w":{"a":0,"k":0},"lc":1,"lj":1,"ml":4,"nm":"Stroke 1","mn":"ADBE Vector Graphic - Stroke"},{"ty":"fl","c":{"a":0,"k":[1,0.25,0.51,1]},"o":{"a":0,"k":100},"nm":"Fill 1","mn":"ADBE Vector Graphic - Fill"},{"ty":"tr","p":{"a":0,"k":[0,0],"ix":2},"a":{"a":0,"k":[0,0],"ix":1},"s":{"a":0,"k":[100,100],"ix":3},"r":{"a":0,"k":0,"ix":6},"o":{"a":0,"k":100,"ix":7},"sk":{"a":0,"k":0,"ix":4},"sa":{"a":0,"k":0,"ix":5},"nm":"Transform"}],"nm":"Shape 1","np":3,"mn":"ADBE Vector Group"}],"ip":110,"op":131,"st":60,"bm":0,"sr":1},{"ddd":0,"ind":4,"ty":4,"nm":"Shape Layer 6","ks":{"o":{"a":0,"k":100},"r":{"a":1,"k":[{"i":{"x":[0],"y":[1]},"o":{"x":[0.7],"y":[0]},"n":["0_1_0p7_0"],"t":131,"s":[0],"e":[90]},{"i":{"x":[0],"y":[1]},"o":{"x":[0.7],"y":[0]},"n":["0_1_0p7_0"],"t":151,"s":[90],"e":[180]},{"t":181}]},"p":{"a":1,"k":[{"i":{"x":0,"y":1},"o":{"x":0.7,"y":0},"n":"0_1_0p7_0","t":131,"s":[410.125,299.875,0],"e":[400.118,299.929,0],"to":[0,0,0],"ti":[0,0,0]},{"t":151}]},"a":{"a":0,"k":[60,-40,0]},"s":{"a":0,"k":[100,100,100]}},"ao":0,"shapes":[{"ty":"gr","it":[{"ind":0,"ty":"sh","ks":{"a":1,"k":[{"i":{"x":0,"y":1},"o":{"x":0.7,"y":0},"n":"0_1_0p7_0","t":131,"s":[{"i":[[0,0],[0,0],[0,0],[0,0]],"o":[[0,0],[0,0],[0,0],[0,0]],"v":[[100,-40],[-0.25,-99.75],[0,20],[100,-40]],"c":true}],"e":[{"i":[[0,0],[0,0],[0,0],[0,0]],"o":[[0,0],[0,0],[0,0],[0,0]],"v":[[119.5,-100.087],[-0.25,-99.75],[0,20],[120.5,19.901]],"c":true}]},{"t":151}]},"nm":"Path 1","mn":"ADBE Vector Shape - Group"},{"ty":"st","c":{"a":0,"k":[1,1,1,1]},"o":{"a":0,"k":100},"w":{"a":0,"k":0},"lc":1,"lj":1,"ml":4,"nm":"Stroke 1","mn":"ADBE Vector Graphic - Stroke"},{"ty":"fl","c":{"a":0,"k":[1,0.25,0.51,1]},"o":{"a":0,"k":100},"nm":"Fill 1","mn":"ADBE Vector Graphic - Fill"},{"ty":"tr","p":{"a":0,"k":[0,0],"ix":2},"a":{"a":0,"k":[0,0],"ix":1},"s":{"a":0,"k":[100,100],"ix":3},"r":{"a":0,"k":0,"ix":6},"o":{"a":0,"k":100,"ix":7},"sk":{"a":0,"k":0,"ix":4},"sa":{"a":0,"k":0,"ix":5},"nm":"Transform"}],"nm":"Shape 1","np":3,"mn":"ADBE Vector Group"}],"ip":131,"op":151,"st":131,"bm":0,"sr":1},{"ddd":0,"ind":5,"ty":4,"nm":"Shape Layer 7","ks":{"o":{"a":0,"k":100},"r":{"a":1,"k":[{"i":{"x":[0],"y":[1]},"o":{"x":[0.7],"y":[0]},"n":["0_1_0p7_0"],"t":126,"s":[0],"e":[90]},{"i":{"x":[0],"y":[1]},"o":{"x":[0.7],"y":[0]},"n":["0_1_0p7_0"],"t":151,"s":[90],"e":[180]},{"t":171}]},"p":{"a":0,"k":[400,300.25,0]},"a":{"a":0,"k":[60,-40,0]},"s":{"a":0,"k":[100,100,100]}},"ao":0,"shapes":[{"ty":"gr","it":[{"ind":0,"ty":"sh","ks":{"a":1,"k":[{"i":{"x":0,"y":1},"o":{"x":0.7,"y":0},"n":"0_1_0p7_0","t":126,"s":[{"i":[[0,0],[0,0],[0,0],[0,0]],"o":[[0,0],[0,0],[0,0],[0,0]],"v":[[100,-40],[-0.25,-99.75],[0,20],[100,-40]],"c":true}],"e":[{"i":[[0,0],[0,0],[0,0],[0,0]],"o":[[0,0],[0,0],[0,0],[0,0]],"v":[[60,-100],[-0.25,-99.75],[0,20],[60,20]],"c":true}]},{"i":{"x":0,"y":1},"o":{"x":0.7,"y":0},"n":"0_1_0p7_0","t":151,"s":[{"i":[[0,0],[0,0],[0,0],[0,0]],"o":[[0,0],[0,0],[0,0],[0,0]],"v":[[60,-100],[-0.25,-99.75],[0,20],[60,20]],"c":true}],"e":[{"i":[[0,0],[0,0],[0,0],[0,0]],"o":[[0,0],[0,0],[0,0],[0,0]],"v":[[50.75,-100],[-0.25,-99.75],[0,20],[50.75,20]],"c":true}]},{"t":171}]},"nm":"Path 1","mn":"ADBE Vector Shape - Group"},{"ty":"st","c":{"a":0,"k":[1,1,1,1]},"o":{"a":0,"k":100},"w":{"a":0,"k":0},"lc":1,"lj":1,"ml":4,"nm":"Stroke 1","mn":"ADBE Vector Graphic - Stroke"},{"ty":"fl","c":{"a":0,"k":[1,0.25,0.51,1]},"o":{"a":0,"k":100},"nm":"Fill 1","mn":"ADBE Vector Graphic - Fill"},{"ty":"tr","p":{"a":0,"k":[0,0],"ix":2},"a":{"a":0,"k":[0,0],"ix":1},"s":{"a":0,"k":[100,100],"ix":3},"r":{"a":0,"k":0,"ix":6},"o":{"a":0,"k":100,"ix":7},"sk":{"a":0,"k":0,"ix":4},"sa":{"a":0,"k":0,"ix":5},"nm":"Transform"}],"nm":"Shape 1","np":3,"mn":"ADBE Vector Group"}],"ip":151,"op":172,"st":126,"bm":0,"sr":1},{"ddd":0,"ind":6,"ty":4,"nm":"Shape Layer 8","ks":{"o":{"a":0,"k":100},"r":{"a":1,"k":[{"i":{"x":[0],"y":[1]},"o":{"x":[0.7],"y":[0]},"n":["0_1_0p7_0"],"t":126,"s":[0],"e":[90]},{"i":{"x":[0],"y":[1]},"o":{"x":[0.7],"y":[0]},"n":["0_1_0p7_0"],"t":151,"s":[90],"e":[180]},{"t":171}]},"p":{"a":0,"k":[400,300.25,0]},"a":{"a":0,"k":[60,-40,0]},"s":{"a":0,"k":[100,100,100]}},"ao":0,"shapes":[{"ty":"gr","it":[{"ind":0,"ty":"sh","ks":{"a":1,"k":[{"i":{"x":0,"y":1},"o":{"x":0.7,"y":0},"n":"0_1_0p7_0","t":126,"s":[{"i":[[0,0],[0,0],[0,0],[0,0]],"o":[[0,0],[0,0],[0,0],[0,0]],"v":[[100,-40],[-0.25,-99.75],[0,20],[100,-40]],"c":true}],"e":[{"i":[[0,0],[0,0],[0,0],[0,0]],"o":[[0,0],[0,0],[0,0],[0,0]],"v":[[120,-100],[60,-100],[60.25,20],[120,20]],"c":true}]},{"i":{"x":0,"y":1},"o":{"x":0.7,"y":0},"n":"0_1_0p7_0","t":151,"s":[{"i":[[0,0],[0,0],[0,0],[0,0]],"o":[[0,0],[0,0],[0,0],[0,0]],"v":[[120,-100],[60,-100],[60.25,20],[120,20]],"c":true}],"e":[{"i":[[0,0],[0,0],[0,0],[0,0]],"o":[[0,0],[0,0],[0,0],[0,0]],"v":[[120,-100],[69.75,-100],[70,20],[120,20]],"c":true}]},{"t":171}]},"nm":"Path 1","mn":"ADBE Vector Shape - Group"},{"ty":"st","c":{"a":0,"k":[1,1,1,1]},"o":{"a":0,"k":100},"w":{"a":0,"k":0},"lc":1,"lj":1,"ml":4,"nm":"Stroke 1","mn":"ADBE Vector Graphic - Stroke"},{"ty":"fl","c":{"a":0,"k":[1,0.25,0.51,1]},"o":{"a":0,"k":100},"nm":"Fill 1","mn":"ADBE Vector Graphic - Fill"},{"ty":"tr","p":{"a":0,"k":[0,0],"ix":2},"a":{"a":0,"k":[0,0],"ix":1},"s":{"a":0,"k":[100,100],"ix":3},"r":{"a":0,"k":0,"ix":6},"o":{"a":0,"k":100,"ix":7},"sk":{"a":0,"k":0,"ix":4},"sa":{"a":0,"k":0,"ix":5},"nm":"Transform"}],"nm":"Shape 1","np":3,"mn":"ADBE Vector Group"}],"ip":151,"op":172,"st":126,"bm":0,"sr":1},{"ddd":0,"ind":7,"ty":4,"nm":"Shape Layer 14","ks":{"o":{"a":0,"k":100},"r":{"a":1,"k":[{"i":{"x":[0],"y":[1]},"o":{"x":[0.7],"y":[0.006]},"n":["0_1_0p7_0p006"],"t":172,"s":[180],"e":[270]},{"t":192}]},"p":{"a":1,"k":[{"i":{"x":0,"y":1},"o":{"x":0.7,"y":0},"n":"0_1_0p7_0","t":172,"s":[400,300,0],"e":[410,300,0],"to":[0,0,0],"ti":[0,0,0]},{"t":192}]},"a":{"a":0,"k":[60,-40,0]},"s":{"a":0,"k":[100,100,100]}},"ao":0,"shapes":[{"ty":"gr","it":[{"ind":0,"ty":"sh","ks":{"a":1,"k":[{"i":{"x":0,"y":1},"o":{"x":0.7,"y":0},"n":"0_1_0p7_0","t":172,"s":[{"i":[[0,0],[0,0],[0,0],[0,0]],"o":[[0,0],[0,0],[0,0],[0,0]],"v":[[50.75,-100],[-0.25,-99.75],[0,20],[50.75,20]],"c":true}],"e":[{"i":[[0,0],[0,0],[0,0],[0,0]],"o":[[0,0],[0,0],[0,0],[0,0]],"v":[[74,-100],[-0.25,-99.75],[60,0],[60,0]],"c":true}]},{"t":192}]},"nm":"Path 1","mn":"ADBE Vector Shape - Group"},{"ty":"st","c":{"a":0,"k":[1,1,1,1]},"o":{"a":0,"k":100},"w":{"a":0,"k":0},"lc":1,"lj":1,"ml":4,"nm":"Stroke 1","mn":"ADBE Vector Graphic - Stroke"},{"ty":"fl","c":{"a":0,"k":[1,0.25,0.51,1]},"o":{"a":0,"k":100},"nm":"Fill 1","mn":"ADBE Vector Graphic - Fill"},{"ty":"tr","p":{"a":0,"k":[0,0],"ix":2},"a":{"a":0,"k":[0,0],"ix":1},"s":{"a":0,"k":[100,100],"ix":3},"r":{"a":0,"k":0,"ix":6},"o":{"a":0,"k":100,"ix":7},"sk":{"a":0,"k":0,"ix":4},"sa":{"a":0,"k":0,"ix":5},"nm":"Transform"}],"nm":"Shape 1","np":3,"mn":"ADBE Vector Group"}],"ip":172,"op":193,"st":122,"bm":0,"sr":1},{"ddd":0,"ind":8,"ty":4,"nm":"Shape Layer 13","ks":{"o":{"a":0,"k":100},"r":{"a":1,"k":[{"i":{"x":[0],"y":[1]},"o":{"x":[0.7],"y":[0]},"n":["0_1_0p7_0"],"t":172,"s":[180],"e":[270]},{"t":192}]},"p":{"a":1,"k":[{"i":{"x":0,"y":1},"o":{"x":0.7,"y":0},"n":"0_1_0p7_0","t":172,"s":[400,300,0],"e":[410,300,0],"to":[0,0,0],"ti":[0,0,0]},{"t":192}]},"a":{"a":0,"k":[60,-40,0]},"s":{"a":0,"k":[100,100,100]}},"ao":0,"shapes":[{"ty":"gr","it":[{"ind":0,"ty":"sh","ks":{"a":1,"k":[{"i":{"x":0,"y":1},"o":{"x":0.7,"y":0},"n":"0_1_0p7_0","t":172,"s":[{"i":[[0,0],[0,0],[0,0],[0,0]],"o":[[0,0],[0,0],[0,0],[0,0]],"v":[[120,-100],[69.75,-100],[70,20],[120,20]],"c":true}],"e":[{"i":[[0,0],[0,0],[0,0],[0,0]],"o":[[0,0],[0,0],[0,0],[0,0]],"v":[[120,-100],[44.5,-100],[60,0],[60,0]],"c":true}]},{"t":192}]},"nm":"Path 1","mn":"ADBE Vector Shape - Group"},{"ty":"st","c":{"a":0,"k":[1,1,1,1]},"o":{"a":0,"k":100},"w":{"a":0,"k":0},"lc":1,"lj":1,"ml":4,"nm":"Stroke 1","mn":"ADBE Vector Graphic - Stroke"},{"ty":"fl","c":{"a":0,"k":[1,0.25,0.51,1]},"o":{"a":0,"k":100},"nm":"Fill 1","mn":"ADBE Vector Graphic - Fill"},{"ty":"tr","p":{"a":0,"k":[0,0],"ix":2},"a":{"a":0,"k":[0,0],"ix":1},"s":{"a":0,"k":[100,100],"ix":3},"r":{"a":0,"k":0,"ix":6},"o":{"a":0,"k":100,"ix":7},"sk":{"a":0,"k":0,"ix":4},"sa":{"a":0,"k":0,"ix":5},"nm":"Transform"}],"nm":"Shape 1","np":3,"mn":"ADBE Vector Group"}],"ip":172,"op":193,"st":122,"bm":0,"sr":1},{"ddd":0,"ind":9,"ty":4,"nm":"Shape Layer 1","ks":{"o":{"a":0,"k":100},"r":{"a":1,"k":[{"i":{"x":[0],"y":[0]},"o":{"x":[0.7],"y":[0.7]},"n":["0_0_0p7_0p7"],"t":11,"s":[0],"e":[0]},{"i":{"x":[0],"y":[1]},"o":{"x":[0.7],"y":[0]},"n":["0_1_0p7_0"],"t":18,"s":[0],"e":[180]},{"i":{"x":[0],"y":[0]},"o":{"x":[0.7],"y":[0.7]},"n":["0_0_0p7_0p7"],"t":33,"s":[180],"e":[180]},{"i":{"x":[0],"y":[1]},"o":{"x":[0.7],"y":[0]},"n":["0_1_0p7_0"],"t":47,"s":[180],"e":[360]},{"t":63}]},"p":{"a":0,"k":[403.5,300,0]},"a":{"a":0,"k":[-15.881,-126.664,0]},"s":{"a":0,"k":[100,100,100]}},"ao":0,"shapes":[{"ty":"gr","it":[{"ty":"rc","d":1,"s":{"a":1,"k":[{"i":{"x":[0,0],"y":[1,0]},"o":{"x":[0.7,0.7],"y":[0,0.7]},"n":["0_1_0p7_0","0_0_0p7_0p7"],"t":3,"s":[0,17],"e":[120,17]},{"i":{"x":[0,0],"y":[0,0]},"o":{"x":[0.7,0.7],"y":[0.7,0.7]},"n":["0_0_0p7_0p7","0_0_0p7_0p7"],"t":11,"s":[120,17],"e":[120,17]},{"i":{"x":[0,0],"y":[1,0]},"o":{"x":[0.7,0.7],"y":[0,0.7]},"n":["0_1_0p7_0","0_0_0p7_0p7"],"t":18,"s":[120,17],"e":[80,17]},{"i":{"x":[0,0],"y":[0,0]},"o":{"x":[0.7,0.7],"y":[0.7,0.7]},"n":["0_0_0p7_0p7","0_0_0p7_0p7"],"t":33,"s":[80,17],"e":[80,17]},{"i":{"x":[0,0],"y":[1,0]},"o":{"x":[0.7,0.7],"y":[0,0.7]},"n":["0_1_0p7_0","0_0_0p7_0p7"],"t":47,"s":[80,17],"e":[120,17]},{"i":{"x":[0,0],"y":[0,0]},"o":{"x":[0.167,0.167],"y":[0.167,0.167]},"n":["0_0_0p167_0p167","0_0_0p167_0p167"],"t":63,"s":[120,17],"e":[120,17]},{"i":{"x":[0,0],"y":[0,1]},"o":{"x":[0.7,0.7],"y":[0.7,0]},"n":["0_0_0p7_0p7","0_1_0p7_0"],"t":75,"s":[120,17],"e":[120,120]},{"t":91}]},"p":{"a":0,"k":[0,0]},"r":{"a":0,"k":0},"nm":"Rectangle Path 1","mn":"ADBE Vector Shape - Rect"},{"ty":"st","c":{"a":0,"k":[1,1,1,1]},"o":{"a":0,"k":100},"w":{"a":0,"k":0},"lc":1,"lj":1,"ml":4,"nm":"Stroke 1","mn":"ADBE Vector Graphic - Stroke"},{"ty":"fl","c":{"a":0,"k":[0.03,0.03,0.03,1]},"o":{"a":0,"k":100},"nm":"Fill 1","mn":"ADBE Vector Graphic - Fill"},{"ty":"tr","p":{"a":0,"k":[-19.381,-126.664],"ix":2},"a":{"a":0,"k":[0,0],"ix":1},"s":{"a":0,"k":[100,100],"ix":3},"r":{"a":0,"k":0,"ix":6},"o":{"a":0,"k":100,"ix":7},"sk":{"a":0,"k":0,"ix":4},"sa":{"a":0,"k":0,"ix":5},"nm":"Transform"}],"nm":"Rectangle 1","np":3,"mn":"ADBE Vector Group"}],"ip":2,"op":91,"st":11,"bm":0,"sr":1},{"ddd":0,"ind":10,"ty":4,"nm":"Shape Layer 4","parent":9,"ks":{"o":{"a":0,"k":100},"r":{"a":1,"k":[{"i":{"x":[0],"y":[0]},"o":{"x":[0.7],"y":[0.7]},"n":["0_0_0p7_0p7"],"t":11,"s":[0],"e":[0]},{"i":{"x":[0],"y":[1]},"o":{"x":[0.7],"y":[0]},"n":["0_1_0p7_0"],"t":18,"s":[0],"e":[45]},{"i":{"x":[0],"y":[0]},"o":{"x":[0.7],"y":[0.7]},"n":["0_0_0p7_0p7"],"t":33,"s":[45],"e":[45]},{"i":{"x":[0],"y":[1]},"o":{"x":[0.7],"y":[0]},"n":["0_1_0p7_0"],"t":47,"s":[45],"e":[0]},{"t":63}]},"p":{"a":1,"k":[{"i":{"x":0,"y":0},"o":{"x":0.7,"y":0.7},"n":"0_0_0p7_0p7","t":11,"s":[-19.381,-156.914,0],"e":[-19.381,-156.914,0],"to":[0,0,0],"ti":[0,0,0]},{"i":{"x":0,"y":1},"o":{"x":0.7,"y":0},"n":"0_1_0p7_0","t":18,"s":[-19.381,-156.914,0],"e":[13.619,-143.01,0],"to":[0,0,0],"ti":[0,0,0]},{"i":{"x":0,"y":0},"o":{"x":0.7,"y":0.7},"n":"0_0_0p7_0p7","t":33,"s":[13.619,-143.01,0],"e":[13.619,-143.01,0],"to":[0,0,0],"ti":[0,0,0]},{"i":{"x":0,"y":1},"o":{"x":0.7,"y":0},"n":"0_1_0p7_0","t":47,"s":[13.619,-143.01,0],"e":[-19.381,-156.914,0],"to":[0,0,0],"ti":[0,0,0]},{"t":63}]},"a":{"a":0,"k":[-19.381,-126.664,0]},"s":{"a":1,"k":[{"i":{"x":[0,0,0.833],"y":[0,0,0.833]},"o":{"x":[0.7,0.7,0.167],"y":[0.7,0.7,0.167]},"n":["0_0_0p7_0p7","0_0_0p7_0p7","0p833_0p833_0p167_0p167"],"t":11,"s":[100,100,100],"e":[100,100,100]},{"i":{"x":[0,0,0.833],"y":[1,0,0.833]},"o":{"x":[0.7,0.7,0.167],"y":[0,0.7,0.167]},"n":["0_1_0p7_0","0_0_0p7_0p7","0p833_0p833_0p167_0p167"],"t":18,"s":[100,100,100],"e":[50,100,100]},{"i":{"x":[0,0,0.833],"y":[0,0,0.833]},"o":{"x":[0.7,0.7,0.167],"y":[0.7,0.7,0.167]},"n":["0_0_0p7_0p7","0_0_0p7_0p7","0p833_0p833_0p167_0p167"],"t":33,"s":[50,100,100],"e":[50,100,100]},{"i":{"x":[0,0,0.833],"y":[1,0,0.833]},"o":{"x":[0.7,0.7,0.167],"y":[0,0.7,0.167]},"n":["0_1_0p7_0","0_0_0p7_0p7","0p833_0p833_0p167_0p167"],"t":47,"s":[50,100,100],"e":[100,100,100]},{"t":63}]}},"ao":0,"shapes":[{"ty":"gr","it":[{"ty":"rc","d":1,"s":{"a":1,"k":[{"i":{"x":[0,0],"y":[1,0]},"o":{"x":[0.7,0.7],"y":[0,0.7]},"n":["0_1_0p7_0","0_0_0p7_0p7"],"t":2,"s":[0,17],"e":[120,17]},{"i":{"x":[0,0],"y":[0,0]},"o":{"x":[0.7,0.7],"y":[0.7,0.7]},"n":["0_0_0p7_0p7","0_0_0p7_0p7"],"t":11,"s":[120,17],"e":[120,17]},{"i":{"x":[0,0],"y":[0,0]},"o":{"x":[0.167,0.167],"y":[0.167,0.167]},"n":["0_0_0p167_0p167","0_0_0p167_0p167"],"t":18,"s":[120,17],"e":[120,17]},{"i":{"x":[0,0],"y":[1,0]},"o":{"x":[0.7,0.7],"y":[0,0.7]},"n":["0_1_0p7_0","0_0_0p7_0p7"],"t":71,"s":[120,17],"e":[0,17]},{"t":86}]},"p":{"a":0,"k":[0,0]},"r":{"a":0,"k":0},"nm":"Rectangle Path 1","mn":"ADBE Vector Shape - Rect"},{"ty":"st","c":{"a":0,"k":[1,1,1,1]},"o":{"a":0,"k":100},"w":{"a":0,"k":0},"lc":1,"lj":1,"ml":4,"nm":"Stroke 1","mn":"ADBE Vector Graphic - Stroke"},{"ty":"fl","c":{"a":0,"k":[0.03,0.03,0.03,1]},"o":{"a":0,"k":100},"nm":"Fill 1","mn":"ADBE Vector Graphic - Fill"},{"ty":"tr","p":{"a":0,"k":[-19.381,-126.664],"ix":2},"a":{"a":0,"k":[0,0],"ix":1},"s":{"a":0,"k":[100,100],"ix":3},"r":{"a":0,"k":0,"ix":6},"o":{"a":0,"k":100,"ix":7},"sk":{"a":0,"k":0,"ix":4},"sa":{"a":0,"k":0,"ix":5},"nm":"Transform"}],"nm":"Rectangle 1","np":3,"mn":"ADBE Vector Group"}],"ip":2,"op":87,"st":11,"bm":0,"sr":1},{"ddd":0,"ind":11,"ty":4,"nm":"Shape Layer 3","parent":9,"ks":{"o":{"a":0,"k":100},"r":{"a":1,"k":[{"i":{"x":[0],"y":[0]},"o":{"x":[0.7],"y":[0.7]},"n":["0_0_0p7_0p7"],"t":11,"s":[0],"e":[0]},{"i":{"x":[0],"y":[1]},"o":{"x":[0.7],"y":[0]},"n":["0_1_0p7_0"],"t":18,"s":[0],"e":[-45]},{"i":{"x":[0],"y":[0]},"o":{"x":[0.7],"y":[0.7]},"n":["0_0_0p7_0p7"],"t":33,"s":[-45],"e":[-45]},{"i":{"x":[0],"y":[1]},"o":{"x":[0.7],"y":[0]},"n":["0_1_0p7_0"],"t":47,"s":[-45],"e":[0]},{"t":63}]},"p":{"a":1,"k":[{"i":{"x":0,"y":0},"o":{"x":0.7,"y":0.7},"n":"0_0_0p7_0p7","t":11,"s":[-19.381,-96.664,0],"e":[-19.381,-96.664,0],"to":[0,0,0],"ti":[0,0,0]},{"i":{"x":0,"y":1},"o":{"x":0.7,"y":0},"n":"0_1_0p7_0","t":18,"s":[-19.381,-96.664,0],"e":[13.744,-110.898,0],"to":[0,0,0],"ti":[0,0,0]},{"i":{"x":0,"y":0},"o":{"x":0.7,"y":0.7},"n":"0_0_0p7_0p7","t":33,"s":[13.744,-110.898,0],"e":[13.744,-110.898,0],"to":[0,0,0],"ti":[0,0,0]},{"i":{"x":0,"y":1},"o":{"x":0.7,"y":0},"n":"0_1_0p7_0","t":47,"s":[13.744,-110.898,0],"e":[-19.381,-96.664,0],"to":[0,0,0],"ti":[0,0,0]},{"t":63}]},"a":{"a":0,"k":[-19.381,-126.664,0]},"s":{"a":1,"k":[{"i":{"x":[0,0,0.833],"y":[0,0,0.833]},"o":{"x":[0.7,0.7,0.167],"y":[0.7,0.7,0.167]},"n":["0_0_0p7_0p7","0_0_0p7_0p7","0p833_0p833_0p167_0p167"],"t":11,"s":[100,100,100],"e":[100,100,100]},{"i":{"x":[0,0,0.833],"y":[1,0,0.833]},"o":{"x":[0.7,0.7,0.167],"y":[0,0.7,0.167]},"n":["0_1_0p7_0","0_0_0p7_0p7","0p833_0p833_0p167_0p167"],"t":18,"s":[100,100,100],"e":[50,100,100]},{"i":{"x":[0,0,0.833],"y":[0,0,0.833]},"o":{"x":[0.7,0.7,0.167],"y":[0.7,0.7,0.167]},"n":["0_0_0p7_0p7","0_0_0p7_0p7","0p833_0p833_0p167_0p167"],"t":33,"s":[50,100,100],"e":[50,100,100]},{"i":{"x":[0,0,0.833],"y":[1,0,0.833]},"o":{"x":[0.7,0.7,0.167],"y":[0,0.7,0.167]},"n":["0_1_0p7_0","0_0_0p7_0p7","0p833_0p833_0p167_0p167"],"t":47,"s":[50,100,100],"e":[100,100,100]},{"t":63}]}},"ao":0,"shapes":[{"ty":"gr","it":[{"ty":"rc","d":1,"s":{"a":1,"k":[{"i":{"x":[0,0],"y":[1,0]},"o":{"x":[0.7,0.7],"y":[0,0.7]},"n":["0_1_0p7_0","0_0_0p7_0p7"],"t":4,"s":[0,17],"e":[120,17]},{"i":{"x":[0,0],"y":[0,0]},"o":{"x":[0.7,0.7],"y":[0.7,0.7]},"n":["0_0_0p7_0p7","0_0_0p7_0p7"],"t":11,"s":[120,17],"e":[120,17]},{"i":{"x":[0,0],"y":[0,0]},"o":{"x":[0.167,0.167],"y":[0.167,0.167]},"n":["0_0_0p167_0p167","0_0_0p167_0p167"],"t":18,"s":[120,17],"e":[120,17]},{"i":{"x":[0,0],"y":[1,0]},"o":{"x":[0.7,0.7],"y":[0,0.7]},"n":["0_1_0p7_0","0_0_0p7_0p7"],"t":71,"s":[120,17],"e":[0,17]},{"t":86}]},"p":{"a":0,"k":[0,0]},"r":{"a":0,"k":0},"nm":"Rectangle Path 1","mn":"ADBE Vector Shape - Rect"},{"ty":"st","c":{"a":0,"k":[1,1,1,1]},"o":{"a":0,"k":100},"w":{"a":0,"k":0},"lc":1,"lj":1,"ml":4,"nm":"Stroke 1","mn":"ADBE Vector Graphic - Stroke"},{"ty":"fl","c":{"a":0,"k":[0.03,0.03,0.03,1]},"o":{"a":0,"k":100},"nm":"Fill 1","mn":"ADBE Vector Graphic - Fill"},{"ty":"tr","p":{"a":0,"k":[-19.381,-126.664],"ix":2},"a":{"a":0,"k":[0,0],"ix":1},"s":{"a":0,"k":[100,100],"ix":3},"r":{"a":0,"k":0,"ix":6},"o":{"a":0,"k":100,"ix":7},"sk":{"a":0,"k":0,"ix":4},"sa":{"a":0,"k":0,"ix":5},"nm":"Transform"}],"nm":"Rectangle 1","np":3,"mn":"ADBE Vector Group"}],"ip":2,"op":87,"st":11,"bm":0,"sr":1}]}