{"v":"5.5.10","fr":30,"ip":0,"op":180,"w":1000,"h":1000,"nm":"Mobile Marketing","ddd":0,"assets":[],"layers":[{"ddd":0,"ind":1,"ty":4,"nm":"Heart Outlines","sr":1,"ks":{"o":{"a":0,"k":100,"ix":11},"r":{"a":0,"k":0,"ix":10},"p":{"a":0,"k":[426.199,113.577,0],"ix":2},"a":{"a":0,"k":[23.642,20.648,0],"ix":1},"s":{"a":1,"k":[{"i":{"x":[0.667,0.667,0.667],"y":[1,1,1]},"o":{"x":[0.333,0.333,0.333],"y":[0,0,0]},"t":100,"s":[0,0,100]},{"i":{"x":[0.667,0.667,0.667],"y":[1,1,1]},"o":{"x":[0.333,0.333,0.333],"y":[0,0,0]},"t":110,"s":[125,125,100]},{"t":115,"s":[100,100,100]}],"ix":6}},"ao":0,"shapes":[{"ty":"gr","it":[{"ind":0,"ty":"sh","ix":1,"ks":{"a":0,"k":{"i":[[6.017,3.618],[3.669,-5.708],[0,0],[0,0],[3.839,-5.594],[-5.863,-3.77],[0,0],[-1.173,1.736],[0,0]],"o":[[-5.815,-3.496],[0,0],[0,0],[-5.707,-3.669],[-3.972,5.79],[0,0],[1.788,1.093],[0,0],[3.769,-5.863]],"v":[[15.577,-16.903],[-1.505,-12.542],[-1.726,-12.198],[-2.069,-12.419],[-19.42,-9.295],[-15.908,8.148],[2.351,19.305],[7.644,18.156],[19.623,0.424]],"c":true},"ix":2},"nm":"Path 1","mn":"ADBE Vector Shape - Group","hd":false},{"ty":"fl","c":{"a":0,"k":[1,1,1,1],"ix":4},"o":{"a":0,"k":100,"ix":5},"r":1,"bm":0,"nm":"Fill 1","mn":"ADBE Vector Graphic - Fill","hd":false},{"ty":"tr","p":{"a":0,"k":[23.642,20.649],"ix":2},"a":{"a":0,"k":[0,0],"ix":1},"s":{"a":0,"k":[100,100],"ix":3},"r":{"a":0,"k":0,"ix":6},"o":{"a":0,"k":100,"ix":7},"sk":{"a":0,"k":0,"ix":4},"sa":{"a":0,"k":0,"ix":5},"nm":"Transform"}],"nm":"Group 1","np":4,"cix":2,"bm":0,"ix":1,"mn":"ADBE Vector Group","hd":false}],"ip":100,"op":450,"st":0,"bm":0},{"ddd":0,"ind":2,"ty":4,"nm":"Heart Bubble Outlines","sr":1,"ks":{"o":{"a":0,"k":100,"ix":11},"r":{"a":0,"k":0,"ix":10},"p":{"a":0,"k":[436.218,158.677,0],"ix":2},"a":{"a":0,"k":[51.171,86.844,0],"ix":1},"s":{"a":1,"k":[{"i":{"x":[0.667,0.667,0.667],"y":[1,1,1]},"o":{"x":[0.333,0.333,0.333],"y":[0,0,0]},"t":90,"s":[0,0,100]},{"i":{"x":[0.667,0.667,0.667],"y":[1,1,1]},"o":{"x":[0.333,0.333,0.333],"y":[0,0,0]},"t":100,"s":[125,125,100]},{"t":105,"s":[100,100,100]}],"ix":6}},"ao":0,"shapes":[{"ty":"gr","it":[{"ind":0,"ty":"sh","ix":1,"ks":{"a":0,"k":{"i":[[0,0],[0,0],[0,0]],"o":[[0,0],[0,0],[0,0]],"v":[[15.78,-9.295],[2.809,9.295],[-15.78,-3.676]],"c":false},"ix":2},"nm":"Path 1","mn":"ADBE Vector Shape - Group","hd":false},{"ty":"fl","c":{"a":0,"k":[0.9686274509803922,0.48627450980392156,0.00784313725490196,1],"ix":4},"o":{"a":0,"k":100,"ix":5},"r":1,"bm":0,"nm":"Fill 1","mn":"ADBE Vector Graphic - Fill","hd":false},{"ty":"tr","p":{"a":0,"k":[49.124,80.144],"ix":2},"a":{"a":0,"k":[0,0],"ix":1},"s":{"a":0,"k":[100,100],"ix":3},"r":{"a":0,"k":0,"ix":6},"o":{"a":0,"k":100,"ix":7},"sk":{"a":0,"k":0,"ix":4},"sa":{"a":0,"k":0,"ix":5},"nm":"Transform"}],"nm":"Group 1","np":4,"cix":2,"bm":0,"ix":1,"mn":"ADBE Vector Group","hd":false},{"ty":"gr","it":[{"ind":0,"ty":"sh","ix":1,"ks":{"a":0,"k":{"i":[[1.606,-0.349],[0,0],[0.35,1.606],[0,0],[-1.606,0.349],[0,0],[-0.349,-1.606],[0,0]],"o":[[0,0],[-1.606,0.349],[0,0],[-0.349,-1.606],[0,0],[1.606,-0.35],[0,0],[0.349,1.606]],"v":[[39.296,27.764],[-24.224,41.573],[-27.765,39.297],[-41.572,-24.224],[-39.296,-27.765],[24.224,-41.572],[27.765,-39.297],[41.572,24.224]],"c":true},"ix":2},"nm":"Path 1","mn":"ADBE Vector Shape - Group","hd":false},{"ty":"fl","c":{"a":0,"k":[0.9686274509803922,0.48627450980392156,0.00784313725490196,1],"ix":4},"o":{"a":0,"k":100,"ix":5},"r":1,"bm":0,"nm":"Fill 1","mn":"ADBE Vector Graphic - Fill","hd":false},{"ty":"tr","p":{"a":0,"k":[42.171,42.172],"ix":2},"a":{"a":0,"k":[0,0],"ix":1},"s":{"a":0,"k":[100,100],"ix":3},"r":{"a":0,"k":0,"ix":6},"o":{"a":0,"k":100,"ix":7},"sk":{"a":0,"k":0,"ix":4},"sa":{"a":0,"k":0,"ix":5},"nm":"Transform"}],"nm":"Group 2","np":4,"cix":2,"bm":0,"ix":2,"mn":"ADBE Vector Group","hd":false}],"ip":90,"op":450,"st":0,"bm":0},{"ddd":0,"ind":3,"ty":4,"nm":"Speaker Outlines","sr":1,"ks":{"o":{"a":0,"k":100,"ix":11},"r":{"a":0,"k":0,"ix":10},"p":{"a":0,"k":[196.749,654.678,0],"ix":2},"a":{"a":0,"k":[98.348,257.135,0],"ix":1},"s":{"a":1,"k":[{"i":{"x":[0.667,0.667,0.667],"y":[1,1,1]},"o":{"x":[0.333,0.333,0.333],"y":[0,0,0]},"t":55,"s":[0,0,100]},{"i":{"x":[0.667,0.667,0.667],"y":[1,1,1]},"o":{"x":[0.333,0.333,0.333],"y":[0,0,0]},"t":65,"s":[125,125,100]},{"t":70,"s":[100,100,100]}],"ix":6}},"ao":0,"shapes":[{"ty":"gr","it":[{"ind":0,"ty":"sh","ix":1,"ks":{"a":0,"k":{"i":[[0,0],[-0.211,-0.181],[0,0],[-1.361,1.533],[0,0],[0,0],[0,0],[-1.779,1.069],[0,0],[1.07,1.78],[0,0],[1.698,-1.016],[3.556,5.917],[3.919,6.52],[0,0],[0.697,1.329]],"o":[[0.164,0.21],[0,0],[1.562,1.327],[0,0],[0,0],[0,0],[1.072,1.784],[0,0],[1.778,-1.072],[0,0],[-1.069,-1.783],[0,0],[-4.48,-7.441],[0,0],[1.035,-1.212],[0,0]],"v":[[-38.338,-20.232],[-37.84,-19.593],[-28.189,-11.369],[-22.914,-11.751],[5.441,37.085],[6.499,38.845],[8.389,41.983],[13.581,43.276],[35.973,29.805],[37.268,24.612],[34.318,19.715],[29.124,18.42],[16.217,-0.122],[-4.065,-33.836],[1.292,-40.124],[1.749,-44.344]],"c":true},"ix":2},"nm":"Path 1","mn":"ADBE Vector Shape - Group","hd":false},{"ty":"fl","c":{"a":0,"k":[0.9686274509803922,0.48627450980392156,0.00784313725490196,1],"ix":4},"o":{"a":0,"k":100,"ix":5},"r":1,"bm":0,"nm":"Fill 1","mn":"ADBE Vector Graphic - Fill","hd":false},{"ty":"tr","p":{"a":0,"k":[88.668,221.675],"ix":2},"a":{"a":0,"k":[0,0],"ix":1},"s":{"a":0,"k":[100,100],"ix":3},"r":{"a":0,"k":0,"ix":6},"o":{"a":0,"k":100,"ix":7},"sk":{"a":0,"k":0,"ix":4},"sa":{"a":0,"k":0,"ix":5},"nm":"Transform"}],"nm":"Group 1","np":4,"cix":2,"bm":0,"ix":1,"mn":"ADBE Vector Group","hd":false},{"ty":"gr","it":[{"ind":0,"ty":"sh","ix":1,"ks":{"a":0,"k":{"i":[[48.547,-34.898],[0,0],[-16.862,-1.951],[0,0]],"o":[[0,0],[54.014,-27.081],[0,0],[-6.138,16.628]],"v":[[-76.539,22.246],[-44.291,75.849],[76.539,53.247],[-1.122,-75.849]],"c":true},"ix":2},"nm":"Path 1","mn":"ADBE Vector Shape - Group","hd":false},{"ty":"fl","c":{"a":0,"k":[0.9686274509803922,0.48627450980392156,0.00784313725490196,1],"ix":4},"o":{"a":0,"k":100,"ix":5},"r":1,"bm":0,"nm":"Fill 1","mn":"ADBE Vector Graphic - Fill","hd":false},{"ty":"tr","p":{"a":0,"k":[138.707,91.306],"ix":2},"a":{"a":0,"k":[0,0],"ix":1},"s":{"a":0,"k":[100,100],"ix":3},"r":{"a":0,"k":0,"ix":6},"o":{"a":0,"k":100,"ix":7},"sk":{"a":0,"k":0,"ix":4},"sa":{"a":0,"k":0,"ix":5},"nm":"Transform"}],"nm":"Group 2","np":4,"cix":2,"bm":0,"ix":2,"mn":"ADBE Vector Group","hd":false},{"ty":"gr","it":[{"ind":0,"ty":"sh","ix":1,"ks":{"a":0,"k":{"i":[[0,0],[-6.548,-10.88],[0,0],[-11.646,3.598]],"o":[[-8.634,8.607],[0,0],[6.543,10.881],[0,0]],"v":[[-10.046,-27.427],[-14.24,5.761],[-10.495,11.983],[20.788,23.829]],"c":true},"ix":2},"nm":"Path 1","mn":"ADBE Vector Shape - Group","hd":false},{"ty":"fl","c":{"a":0,"k":[0.9686274509803922,0.48627450980392156,0.00784313725490196,1],"ix":4},"o":{"a":0,"k":100,"ix":5},"r":1,"bm":0,"nm":"Fill 1","mn":"ADBE Vector Graphic - Fill","hd":false},{"ty":"tr","p":{"a":0,"k":[21.037,173.568],"ix":2},"a":{"a":0,"k":[0,0],"ix":1},"s":{"a":0,"k":[100,100],"ix":3},"r":{"a":0,"k":0,"ix":6},"o":{"a":0,"k":100,"ix":7},"sk":{"a":0,"k":0,"ix":4},"sa":{"a":0,"k":0,"ix":5},"nm":"Transform"}],"nm":"Group 3","np":4,"cix":2,"bm":0,"ix":3,"mn":"ADBE Vector Group","hd":false},{"ty":"gr","it":[{"ind":0,"ty":"sh","ix":1,"ks":{"a":0,"k":{"i":[[0,0],[0,0],[2.146,3.57],[0,0],[-3.572,2.147],[0,0],[-2.149,-3.571]],"o":[[0,0],[-3.571,2.149],[0,0],[-2.149,-3.572],[0,0],[3.571,-2.147],[0,0]],"v":[[44.902,17.272],[-0.578,44.629],[-10.977,42.042],[-42.753,-10.778],[-40.166,-21.173],[-1.176,-44.631],[9.221,-42.043]],"c":true},"ix":2},"nm":"Path 1","mn":"ADBE Vector Shape - Group","hd":false},{"ty":"fl","c":{"a":0,"k":[0.161000001197,0.161000001197,0.161000001197,1],"ix":4},"o":{"a":0,"k":100,"ix":5},"r":1,"bm":0,"nm":"Fill 1","mn":"ADBE Vector Graphic - Fill","hd":false},{"ty":"tr","p":{"a":0,"k":[52.946,155.589],"ix":2},"a":{"a":0,"k":[0,0],"ix":1},"s":{"a":0,"k":[100,100],"ix":3},"r":{"a":0,"k":0,"ix":6},"o":{"a":0,"k":100,"ix":7},"sk":{"a":0,"k":0,"ix":4},"sa":{"a":0,"k":0,"ix":5},"nm":"Transform"}],"nm":"Group 4","np":4,"cix":2,"bm":0,"ix":4,"mn":"ADBE Vector Group","hd":false},{"ty":"gr","it":[{"ind":0,"ty":"sh","ix":1,"ks":{"a":0,"k":{"i":[[0,0],[2.977,-1.787],[0,0],[1.789,2.972],[0,0],[-2.973,1.791],[0,0],[-1.787,-2.972]],"o":[[1.784,2.971],[0,0],[-2.974,1.786],[0,0],[-1.785,-2.972],[0,0],[2.971,-1.789],[0,0]],"v":[[47.46,63.447],[45.299,72.109],[42.476,73.809],[33.815,71.655],[-47.459,-63.444],[-45.304,-72.108],[-42.476,-73.806],[-33.814,-71.651]],"c":true},"ix":2},"nm":"Path 1","mn":"ADBE Vector Shape - Group","hd":false},{"ty":"fl","c":{"a":0,"k":[0.161000001197,0.161000001197,0.161000001197,1],"ix":4},"o":{"a":0,"k":100,"ix":5},"r":1,"bm":0,"nm":"Fill 1","mn":"ADBE Vector Graphic - Fill","hd":false},{"ty":"tr","p":{"a":0,"k":[183.201,75.845],"ix":2},"a":{"a":0,"k":[0,0],"ix":1},"s":{"a":0,"k":[100,100],"ix":3},"r":{"a":0,"k":0,"ix":6},"o":{"a":0,"k":100,"ix":7},"sk":{"a":0,"k":0,"ix":4},"sa":{"a":0,"k":0,"ix":5},"nm":"Transform"}],"nm":"Group 5","np":4,"cix":2,"bm":0,"ix":5,"mn":"ADBE Vector Group","hd":false},{"ty":"gr","it":[{"ind":0,"ty":"sh","ix":1,"ks":{"a":0,"k":{"i":[[0,0],[0,0],[0,0]],"o":[[0,0],[0,0],[0,0]],"v":[[-5.934,-7.261],[5.934,2.865],[2.825,7.261]],"c":true},"ix":2},"nm":"Path 1","mn":"ADBE Vector Shape - Group","hd":false},{"ty":"fl","c":{"a":0,"k":[0.685999971278,0.685999971278,0.685999971278,1],"ix":4},"o":{"a":0,"k":100,"ix":5},"r":1,"bm":0,"nm":"Fill 1","mn":"ADBE Vector Graphic - Fill","hd":false},{"ty":"tr","p":{"a":0,"k":[90.538,195.099],"ix":2},"a":{"a":0,"k":[0,0],"ix":1},"s":{"a":0,"k":[100,100],"ix":3},"r":{"a":0,"k":0,"ix":6},"o":{"a":0,"k":100,"ix":7},"sk":{"a":0,"k":0,"ix":4},"sa":{"a":0,"k":0,"ix":5},"nm":"Transform"}],"nm":"Group 6","np":2,"cix":2,"bm":0,"ix":6,"mn":"ADBE Vector Group","hd":false}],"ip":55,"op":450,"st":0,"bm":0},{"ddd":0,"ind":4,"ty":4,"nm":"Sound Outlines","sr":1,"ks":{"o":{"a":0,"k":100,"ix":11},"r":{"a":0,"k":0,"ix":10},"p":{"a":0,"k":[261.325,500.683,0],"ix":2},"a":{"a":0,"k":[3.195,116.841,0],"ix":1},"s":{"a":1,"k":[{"i":{"x":[0.667,0.667,0.667],"y":[1,1,1]},"o":{"x":[0.333,0.333,0.333],"y":[0,0,0]},"t":65,"s":[0,0,100]},{"i":{"x":[0.667,0.667,0.667],"y":[1,1,1]},"o":{"x":[0.333,0.333,0.333],"y":[0,0,0]},"t":75,"s":[125,125,100]},{"t":80,"s":[100,100,100]}],"ix":6}},"ao":0,"shapes":[{"ty":"gr","it":[{"ind":0,"ty":"sh","ix":1,"ks":{"a":0,"k":{"i":[[1.774,-0.168],[0,0],[0.168,1.775],[0,0],[-1.775,0.168],[0,0],[-0.168,-1.775]],"o":[[0,0],[-1.775,0.169],[0,0],[-0.168,-1.774],[0,0],[1.775,-0.168],[0.168,1.774]],"v":[[19.285,1.412],[-18.675,5.012],[-22.193,2.104],[-22.193,2.102],[-19.284,-1.415],[18.676,-5.013],[22.193,-2.104]],"c":true},"ix":2},"nm":"Path 1","mn":"ADBE Vector Shape - Group","hd":false},{"ty":"fl","c":{"a":0,"k":[0.9686274509803922,0.48627450980392156,0.00784313725490196,1],"ix":4},"o":{"a":0,"k":100,"ix":5},"r":1,"bm":0,"nm":"Fill 1","mn":"ADBE Vector Graphic - Fill","hd":false},{"ty":"tr","p":{"a":0,"k":[98.147,101.57],"ix":2},"a":{"a":0,"k":[0,0],"ix":1},"s":{"a":0,"k":[100,100],"ix":3},"r":{"a":0,"k":0,"ix":6},"o":{"a":0,"k":100,"ix":7},"sk":{"a":0,"k":0,"ix":4},"sa":{"a":0,"k":0,"ix":5},"nm":"Transform"}],"nm":"Group 1","np":4,"cix":2,"bm":0,"ix":1,"mn":"ADBE Vector Group","hd":false},{"ty":"gr","it":[{"ind":0,"ty":"sh","ix":1,"ks":{"a":0,"k":{"i":[[1.687,-0.574],[0,0],[0.573,1.688],[0,0],[-1.687,0.574],[0,0],[-0.574,-1.689]],"o":[[0,0],[-1.688,0.574],[0,0],[-0.574,-1.687],[0,0],[1.688,-0.575],[0.574,1.687]],"v":[[19.088,-3.087],[-17.007,9.199],[-21.103,7.183],[-21.104,7.182],[-19.088,3.087],[17.008,-9.199],[21.104,-7.182]],"c":true},"ix":2},"nm":"Path 1","mn":"ADBE Vector Shape - Group","hd":false},{"ty":"fl","c":{"a":0,"k":[0.9686274509803922,0.48627450980392156,0.00784313725490196,1],"ix":4},"o":{"a":0,"k":100,"ix":5},"r":1,"bm":0,"nm":"Fill 1","mn":"ADBE Vector Graphic - Fill","hd":false},{"ty":"tr","p":{"a":0,"k":[89.923,71.667],"ix":2},"a":{"a":0,"k":[0,0],"ix":1},"s":{"a":0,"k":[100,100],"ix":3},"r":{"a":0,"k":0,"ix":6},"o":{"a":0,"k":100,"ix":7},"sk":{"a":0,"k":0,"ix":4},"sa":{"a":0,"k":0,"ix":5},"nm":"Transform"}],"nm":"Group 2","np":4,"cix":2,"bm":0,"ix":2,"mn":"ADBE Vector Group","hd":false},{"ty":"gr","it":[{"ind":0,"ty":"sh","ix":1,"ks":{"a":0,"k":{"i":[[1.258,-1.264],[0,0],[1.264,1.258],[-1.258,1.265],[0,0],[-1.264,-1.257],[0,0]],"o":[[0,0],[-1.258,1.264],[-1.264,-1.257],[0,0],[1.257,-1.265],[0,0],[1.264,1.257]],"v":[[15.733,-11.24],[-11.155,15.794],[-15.72,15.806],[-15.733,11.24],[11.154,-15.794],[15.72,-15.807],[15.72,-15.806]],"c":true},"ix":2},"nm":"Path 1","mn":"ADBE Vector Shape - Group","hd":false},{"ty":"fl","c":{"a":0,"k":[0.9686274509803922,0.48627450980392156,0.00784313725490196,1],"ix":4},"o":{"a":0,"k":100,"ix":5},"r":1,"bm":0,"nm":"Fill 1","mn":"ADBE Vector Graphic - Fill","hd":false},{"ty":"tr","p":{"a":0,"k":[73.368,43.715],"ix":2},"a":{"a":0,"k":[0,0],"ix":1},"s":{"a":0,"k":[100,100],"ix":3},"r":{"a":0,"k":0,"ix":6},"o":{"a":0,"k":100,"ix":7},"sk":{"a":0,"k":0,"ix":4},"sa":{"a":0,"k":0,"ix":5},"nm":"Transform"}],"nm":"Group 3","np":4,"cix":2,"bm":0,"ix":3,"mn":"ADBE Vector Group","hd":false},{"ty":"gr","it":[{"ind":0,"ty":"sh","ix":1,"ks":{"a":0,"k":{"i":[[0.669,-1.653],[0,0],[1.654,0.669],[-0.67,1.653],[0,0],[-1.653,-0.67]],"o":[[0,0],[-0.669,1.653],[-1.652,-0.669],[0,0],[0.669,-1.653],[1.653,0.669]],"v":[[10.147,-16.459],[-4.16,18.883],[-8.366,20.664],[-10.146,16.46],[4.16,-18.882],[8.366,-20.663]],"c":true},"ix":2},"nm":"Path 1","mn":"ADBE Vector Shape - Group","hd":false},{"ty":"fl","c":{"a":0,"k":[0.9686274509803922,0.48627450980392156,0.00784313725490196,1],"ix":4},"o":{"a":0,"k":100,"ix":5},"r":1,"bm":0,"nm":"Fill 1","mn":"ADBE Vector Graphic - Fill","hd":false},{"ty":"tr","p":{"a":0,"k":[46.325,21.583],"ix":2},"a":{"a":0,"k":[0,0],"ix":1},"s":{"a":0,"k":[100,100],"ix":3},"r":{"a":0,"k":0,"ix":6},"o":{"a":0,"k":100,"ix":7},"sk":{"a":0,"k":0,"ix":4},"sa":{"a":0,"k":0,"ix":5},"nm":"Transform"}],"nm":"Group 4","np":4,"cix":2,"bm":0,"ix":4,"mn":"ADBE Vector Group","hd":false},{"ty":"gr","it":[{"ind":0,"ty":"sh","ix":1,"ks":{"a":0,"k":{"i":[[-3.906,-14.205],[14.205,-3.906],[3.906,14.204],[-14.204,3.906]],"o":[[3.907,14.203],[-14.204,3.907],[-3.907,-14.205],[14.206,-3.907]],"v":[[25.719,-7.073],[7.074,25.718],[-25.718,7.074],[-7.074,-25.719]],"c":true},"ix":2},"nm":"Path 1","mn":"ADBE Vector Shape - Group","hd":false},{"ty":"fl","c":{"a":0,"k":[0.9686274509803922,0.48627450980392156,0.00784313725490196,1],"ix":4},"o":{"a":0,"k":100,"ix":5},"r":1,"bm":0,"nm":"Fill 1","mn":"ADBE Vector Graphic - Fill","hd":false},{"ty":"tr","p":{"a":0,"k":[29.875,90.16],"ix":2},"a":{"a":0,"k":[0,0],"ix":1},"s":{"a":0,"k":[100,100],"ix":3},"r":{"a":0,"k":0,"ix":6},"o":{"a":0,"k":100,"ix":7},"sk":{"a":0,"k":0,"ix":4},"sa":{"a":0,"k":0,"ix":5},"nm":"Transform"}],"nm":"Group 5","np":4,"cix":2,"bm":0,"ix":5,"mn":"ADBE Vector Group","hd":false}],"ip":65,"op":450,"st":0,"bm":0},{"ddd":0,"ind":5,"ty":4,"nm":"Bubble  3 Outlines","sr":1,"ks":{"o":{"a":0,"k":100,"ix":11},"r":{"a":0,"k":0,"ix":10},"p":{"a":0,"k":[726.299,298.791,0],"ix":2},"a":{"a":0,"k":[7.196,7.196,0],"ix":1},"s":{"a":1,"k":[{"i":{"x":[0.667,0.667,0.667],"y":[1,1,1]},"o":{"x":[0.333,0.333,0.333],"y":[0,0,0]},"t":95,"s":[0,0,100]},{"i":{"x":[0.667,0.667,0.667],"y":[1,1,1]},"o":{"x":[0.333,0.333,0.333],"y":[0,0,0]},"t":105,"s":[125,125,100]},{"t":110,"s":[100,100,100]}],"ix":6}},"ao":0,"shapes":[{"ty":"gr","it":[{"ind":0,"ty":"sh","ix":1,"ks":{"a":0,"k":{"i":[[0,-3.836],[3.836,0],[0,3.836],[-3.837,0]],"o":[[0,3.836],[-3.837,0],[0,-3.836],[3.836,0]],"v":[[6.947,0],[0,6.946],[-6.947,0],[0,-6.946]],"c":true},"ix":2},"nm":"Path 1","mn":"ADBE Vector Shape - Group","hd":false},{"ty":"fl","c":{"a":0,"k":[1,1,1,1],"ix":4},"o":{"a":0,"k":100,"ix":5},"r":1,"bm":0,"nm":"Fill 1","mn":"ADBE Vector Graphic - Fill","hd":false},{"ty":"tr","p":{"a":0,"k":[7.197,7.196],"ix":2},"a":{"a":0,"k":[0,0],"ix":1},"s":{"a":0,"k":[100,100],"ix":3},"r":{"a":0,"k":0,"ix":6},"o":{"a":0,"k":100,"ix":7},"sk":{"a":0,"k":0,"ix":4},"sa":{"a":0,"k":0,"ix":5},"nm":"Transform"}],"nm":"Group 1","np":4,"cix":2,"bm":0,"ix":1,"mn":"ADBE Vector Group","hd":false}],"ip":95,"op":450,"st":0,"bm":0},{"ddd":0,"ind":6,"ty":4,"nm":"Bubble  2 Outlines","sr":1,"ks":{"o":{"a":0,"k":100,"ix":11},"r":{"a":0,"k":0,"ix":10},"p":{"a":0,"k":[691.67,298.791,0],"ix":2},"a":{"a":0,"k":[7.197,7.196,0],"ix":1},"s":{"a":1,"k":[{"i":{"x":[0.667,0.667,0.667],"y":[1,1,1]},"o":{"x":[0.333,0.333,0.333],"y":[0,0,0]},"t":90,"s":[0,0,100]},{"i":{"x":[0.667,0.667,0.667],"y":[1,1,1]},"o":{"x":[0.333,0.333,0.333],"y":[0,0,0]},"t":100,"s":[125,125,100]},{"t":105,"s":[100,100,100]}],"ix":6}},"ao":0,"shapes":[{"ty":"gr","it":[{"ind":0,"ty":"sh","ix":1,"ks":{"a":0,"k":{"i":[[0,-3.836],[3.836,0],[0,3.836],[-3.837,0]],"o":[[0,3.836],[-3.837,0],[0,-3.836],[3.836,0]],"v":[[6.947,0],[0,6.946],[-6.947,0],[0,-6.946]],"c":true},"ix":2},"nm":"Path 1","mn":"ADBE Vector Shape - Group","hd":false},{"ty":"fl","c":{"a":0,"k":[1,1,1,1],"ix":4},"o":{"a":0,"k":100,"ix":5},"r":1,"bm":0,"nm":"Fill 1","mn":"ADBE Vector Graphic - Fill","hd":false},{"ty":"tr","p":{"a":0,"k":[7.197,7.196],"ix":2},"a":{"a":0,"k":[0,0],"ix":1},"s":{"a":0,"k":[100,100],"ix":3},"r":{"a":0,"k":0,"ix":6},"o":{"a":0,"k":100,"ix":7},"sk":{"a":0,"k":0,"ix":4},"sa":{"a":0,"k":0,"ix":5},"nm":"Transform"}],"nm":"Group 1","np":4,"cix":2,"bm":0,"ix":1,"mn":"ADBE Vector Group","hd":false}],"ip":90,"op":450,"st":0,"bm":0},{"ddd":0,"ind":7,"ty":4,"nm":"Bubble 1 Outlines","sr":1,"ks":{"o":{"a":0,"k":100,"ix":11},"r":{"a":0,"k":0,"ix":10},"p":{"a":0,"k":[657.041,298.791,0],"ix":2},"a":{"a":0,"k":[7.197,7.196,0],"ix":1},"s":{"a":1,"k":[{"i":{"x":[0.667,0.667,0.667],"y":[1,1,1]},"o":{"x":[0.333,0.333,0.333],"y":[0,0,0]},"t":85,"s":[0,0,100]},{"i":{"x":[0.667,0.667,0.667],"y":[1,1,1]},"o":{"x":[0.333,0.333,0.333],"y":[0,0,0]},"t":95,"s":[125,125,100]},{"t":100,"s":[100,100,100]}],"ix":6}},"ao":0,"shapes":[{"ty":"gr","it":[{"ind":0,"ty":"sh","ix":1,"ks":{"a":0,"k":{"i":[[0,-3.836],[3.836,0],[0,3.836],[-3.837,0]],"o":[[0,3.836],[-3.837,0],[0,-3.836],[3.836,0]],"v":[[6.947,0],[0,6.946],[-6.947,0],[0,-6.946]],"c":true},"ix":2},"nm":"Path 1","mn":"ADBE Vector Shape - Group","hd":false},{"ty":"fl","c":{"a":0,"k":[1,1,1,1],"ix":4},"o":{"a":0,"k":100,"ix":5},"r":1,"bm":0,"nm":"Fill 1","mn":"ADBE Vector Graphic - Fill","hd":false},{"ty":"tr","p":{"a":0,"k":[7.197,7.196],"ix":2},"a":{"a":0,"k":[0,0],"ix":1},"s":{"a":0,"k":[100,100],"ix":3},"r":{"a":0,"k":0,"ix":6},"o":{"a":0,"k":100,"ix":7},"sk":{"a":0,"k":0,"ix":4},"sa":{"a":0,"k":0,"ix":5},"nm":"Transform"}],"nm":"Group 1","np":4,"cix":2,"bm":0,"ix":1,"mn":"ADBE Vector Group","hd":false}],"ip":85,"op":450,"st":0,"bm":0},{"ddd":0,"ind":8,"ty":4,"nm":"Speech Bubble Outlines","sr":1,"ks":{"o":{"a":0,"k":100,"ix":11},"r":{"a":0,"k":0,"ix":10},"p":{"a":0,"k":[648.082,369.106,0],"ix":2},"a":{"a":0,"k":[42.327,110.428,0],"ix":1},"s":{"a":1,"k":[{"i":{"x":[0.667,0.667,0.667],"y":[1,1,1]},"o":{"x":[0.333,0.333,0.333],"y":[0,0,0]},"t":75,"s":[0,0,100]},{"i":{"x":[0.667,0.667,0.667],"y":[1,1,1]},"o":{"x":[0.333,0.333,0.333],"y":[0,0,0]},"t":85,"s":[125,125,100]},{"t":90,"s":[100,100,100]}],"ix":6}},"ao":0,"shapes":[{"ty":"gr","it":[{"ind":0,"ty":"sh","ix":1,"ks":{"a":0,"k":{"i":[[0,-12.478],[0,0],[-12.478,0],[0,0],[0,0],[0,0],[0,0],[0,22.65],[0,0],[22.65,0],[0,0]],"o":[[0,0],[0,12.477],[0,0],[0,0],[0,0],[0,0],[22.65,0],[0,0],[0,-22.649],[0,0],[-12.478,0]],"v":[[-86.077,-33.585],[-86.077,3.253],[-63.484,25.846],[-45.556,25.846],[-45.556,56.178],[-12.401,25.846],[45.066,25.846],[86.077,-15.166],[86.077,-15.167],[45.066,-56.178],[-63.484,-56.178]],"c":true},"ix":2},"nm":"Path 1","mn":"ADBE Vector Shape - Group","hd":false},{"ty":"fl","c":{"a":0,"k":[0.9686274509803922,0.48627450980392156,0.00784313725490196,1],"ix":4},"o":{"a":0,"k":100,"ix":5},"r":1,"bm":0,"nm":"Fill 1","mn":"ADBE Vector Graphic - Fill","hd":false},{"ty":"tr","p":{"a":0,"k":[86.327,56.428],"ix":2},"a":{"a":0,"k":[0,0],"ix":1},"s":{"a":0,"k":[100,100],"ix":3},"r":{"a":0,"k":0,"ix":6},"o":{"a":0,"k":100,"ix":7},"sk":{"a":0,"k":0,"ix":4},"sa":{"a":0,"k":0,"ix":5},"nm":"Transform"}],"nm":"Group 1","np":4,"cix":2,"bm":0,"ix":1,"mn":"ADBE Vector Group","hd":false}],"ip":75,"op":450,"st":0,"bm":0},{"ddd":0,"ind":9,"ty":4,"nm":"Gear  6 Outlines","sr":1,"ks":{"o":{"a":0,"k":100,"ix":11},"r":{"a":1,"k":[{"i":{"x":[0.667],"y":[1]},"o":{"x":[0.333],"y":[0]},"t":120,"s":[0]},{"t":200,"s":[-360]}],"ix":10},"p":{"a":0,"k":[202.091,293.233,0],"ix":2},"a":{"a":0,"k":[58.736,57.648,0],"ix":1},"s":{"a":1,"k":[{"i":{"x":[0.667,0.667,0.667],"y":[1,1,1]},"o":{"x":[0.333,0.333,0.333],"y":[0,0,0]},"t":120,"s":[0,0,100]},{"i":{"x":[0.667,0.667,0.667],"y":[1,1,1]},"o":{"x":[0.333,0.333,0.333],"y":[0,0,0]},"t":130,"s":[125,125,100]},{"t":135,"s":[100,100,100]}],"ix":6}},"ao":0,"shapes":[{"ty":"gr","it":[{"ind":0,"ty":"sh","ix":1,"ks":{"a":0,"k":{"i":[[-11.056,9.334],[-9.372,-11.088],[11.065,-9.321],[9.338,11.047]],"o":[[11.032,-9.329],[9.318,11.075],[-11.021,9.376],[-9.388,-11.069]],"v":[[-16.91,-19.97],[20.023,-16.884],[16.91,20.022],[-19.99,16.976]],"c":true},"ix":2},"nm":"Path 1","mn":"ADBE Vector Shape - Group","hd":false},{"ind":1,"ty":"sh","ix":2,"ks":{"a":0,"k":{"i":[[-0.036,-2.312],[-0.286,-2.179],[0,0],[0,0],[0,0],[-3.084,-3.28],[0,0],[0,0],[0,0],[-4.363,-0.842],[0,0],[0,0],[0,0],[-4.047,1.895],[0,0],[0,0],[0,0],[-2.194,3.982],[0,0],[0,0],[0,0],[0.028,2.396],[0.256,2.119],[0,0],[0,0],[0,0],[3.085,3.29],[0,0],[0,0],[0,0],[4.498,0.857],[0,0],[0,0],[0,0],[4.044,-1.904],[0,0],[0,0],[0,0],[2.177,-3.977],[0,0],[0,0],[0,0]],"o":[[0.021,2.248],[0,0],[0,0],[0,0],[2.265,3.935],[0,0],[0,0],[0,0],[3.956,1.757],[0,0],[0,0],[0,0],[4.49,-0.934],[0,0],[0,0],[0,0],[3.021,-3.328],[0,0],[0,0],[0,0],[0.249,-2.303],[-0.04,-2.188],[0,0],[0,0],[0,0],[-2.273,-3.936],[0,0],[0,0],[0,0],[-4.084,-1.819],[0,0],[0,0],[0,0],[-4.486,0.955],[0,0],[0,0],[0,0],[-3.021,3.352],[0,0],[0,0],[0,0],[-0.227,2.263]],"v":[[-58.449,0.781],[-57.968,7.433],[-46.436,9.567],[-42.719,20.587],[-50.594,29.279],[-42.531,40.126],[-31.943,35.058],[-22.449,41.778],[-23.708,53.456],[-11.193,57.398],[-5.548,47.091],[6.089,47.037],[11.872,57.27],[24.71,53.004],[23.215,41.354],[32.59,34.456],[43.273,39.309],[51.137,28.318],[43.098,19.784],[46.609,8.701],[58.104,6.337],[58.457,-0.717],[58.005,-7.17],[46.467,-9.338],[42.788,-20.369],[50.715,-29.04],[42.654,-39.938],[32.047,-34.903],[22.572,-41.65],[23.881,-53.33],[10.982,-57.398],[5.368,-47.066],[-6.268,-46.963],[-12.072,-57.182],[-24.898,-52.864],[-23.37,-41.22],[-32.714,-34.283],[-43.41,-39.105],[-51.251,-28.089],[-43.163,-19.587],[-46.633,-8.47],[-58.139,-6.087]],"c":true},"ix":2},"nm":"Path 2","mn":"ADBE Vector Shape - Group","hd":false},{"ty":"mm","mm":1,"nm":"Merge Paths 1","mn":"ADBE Vector Filter - Merge","hd":false},{"ty":"fl","c":{"a":0,"k":[0.9686274509803922,0.48627450980392156,0.00784313725490196,1],"ix":4},"o":{"a":0,"k":100,"ix":5},"r":1,"bm":0,"nm":"Fill 1","mn":"ADBE Vector Graphic - Fill","hd":false},{"ty":"tr","p":{"a":0,"k":[58.735,57.648],"ix":2},"a":{"a":0,"k":[0,0],"ix":1},"s":{"a":0,"k":[100,100],"ix":3},"r":{"a":0,"k":0,"ix":6},"o":{"a":0,"k":100,"ix":7},"sk":{"a":0,"k":0,"ix":4},"sa":{"a":0,"k":0,"ix":5},"nm":"Transform"}],"nm":"Group 1","np":6,"cix":2,"bm":0,"ix":1,"mn":"ADBE Vector Group","hd":false}],"ip":120,"op":450,"st":0,"bm":0},{"ddd":0,"ind":10,"ty":4,"nm":"Gear  5 Outlines","sr":1,"ks":{"o":{"a":0,"k":100,"ix":11},"r":{"a":1,"k":[{"i":{"x":[0.667],"y":[1]},"o":{"x":[0.333],"y":[0]},"t":130,"s":[0]},{"t":210,"s":[360]}],"ix":10},"p":{"a":0,"k":[338.94,908.395,0],"ix":2},"a":{"a":0,"k":[17.257,16.965,0],"ix":1},"s":{"a":1,"k":[{"i":{"x":[0.667,0.667,0.667],"y":[1,1,1]},"o":{"x":[0.333,0.333,0.333],"y":[0,0,0]},"t":130,"s":[0,0,100]},{"i":{"x":[0.667,0.667,0.667],"y":[1,1,1]},"o":{"x":[0.333,0.333,0.333],"y":[0,0,0]},"t":140,"s":[125,125,100]},{"t":145,"s":[100,100,100]}],"ix":6}},"ao":0,"shapes":[{"ty":"gr","it":[{"ind":0,"ty":"sh","ix":1,"ks":{"a":0,"k":{"i":[[-3.273,2.646],[-2.657,-3.283],[3.275,-2.643],[2.648,3.27]],"o":[[3.266,-2.645],[2.642,3.277],[-3.263,2.658],[-2.661,-3.277]],"v":[[-4.792,-5.924],[5.928,-4.798],[4.796,5.915],[-5.917,4.801]],"c":true},"ix":2},"nm":"Path 1","mn":"ADBE Vector Shape - Group","hd":false},{"ind":1,"ty":"sh","ix":2,"ks":{"a":0,"k":{"i":[[0.004,-0.673],[-0.07,-0.635],[0,0],[0,0],[0,0],[-0.877,-0.972],[0,0],[0,0],[0,0],[-1.264,-0.272],[0,0],[0,0],[0,0],[-1.188,0.526],[0,0],[0,0],[0,0],[-0.663,1.143],[0,0],[0,0],[0,0],[-0.006,0.698],[0.061,0.618],[0,0],[0,0],[0,0],[0.877,0.975],[0,0],[0,0],[0,0],[1.303,0.277],[0,0],[0,0],[0,0],[1.188,-0.529],[0,0],[0,0],[0,0],[0.658,-1.143],[0,0],[0,0],[0,0]],"o":[[-0.007,0.654],[0,0],[0,0],[0,0],[0.635,1.158],[0,0],[0,0],[0,0],[1.139,0.535],[0,0],[0,0],[0,0],[1.311,-0.244],[0,0],[0,0],[0,0],[0.898,-0.949],[0,0],[0,0],[0,0],[0.086,-0.668],[0.002,-0.636],[0,0],[0,0],[0,0],[-0.637,-1.159],[0,0],[0,0],[0,0],[-1.176,-0.554],[0,0],[0,0],[0,0],[-1.311,0.25],[0,0],[0,0],[0,0],[-0.899,0.957],[0,0],[0,0],[0,0],[-0.08,0.657]],"v":[[-17,-0.146],[-16.901,1.791],[-13.56,2.483],[-12.548,5.711],[-14.892,8.189],[-12.613,11.393],[-9.504,9.984],[-6.784,11.998],[-7.223,15.387],[-3.607,16.61],[-1.902,13.646],[1.482,13.704],[3.1,16.715],[6.859,15.554],[6.497,12.157],[9.267,10.209],[12.344,11.686],[14.698,8.538],[12.413,6.008],[13.501,2.805],[16.859,2.189],[17.005,0.14],[16.915,-1.74],[13.573,-2.441],[12.57,-5.671],[14.928,-8.145],[12.652,-11.363],[9.536,-9.964],[6.824,-11.986],[7.276,-15.374],[3.549,-16.637],[1.854,-13.667],[-1.531,-13.708],[-3.155,-16.715],[-6.913,-15.54],[-6.539,-12.145],[-9.299,-10.184],[-12.38,-11.654],[-14.728,-8.497],[-12.43,-5.975],[-13.507,-2.764],[-16.867,-2.143]],"c":true},"ix":2},"nm":"Path 2","mn":"ADBE Vector Shape - Group","hd":false},{"ty":"mm","mm":1,"nm":"Merge Paths 1","mn":"ADBE Vector Filter - Merge","hd":false},{"ty":"fl","c":{"a":0,"k":[0.9686274509803922,0.48627450980392156,0.00784313725490196,1],"ix":4},"o":{"a":0,"k":100,"ix":5},"r":1,"bm":0,"nm":"Fill 1","mn":"ADBE Vector Graphic - Fill","hd":false},{"ty":"tr","p":{"a":0,"k":[17.257,16.966],"ix":2},"a":{"a":0,"k":[0,0],"ix":1},"s":{"a":0,"k":[100,100],"ix":3},"r":{"a":0,"k":0,"ix":6},"o":{"a":0,"k":100,"ix":7},"sk":{"a":0,"k":0,"ix":4},"sa":{"a":0,"k":0,"ix":5},"nm":"Transform"}],"nm":"Group 1","np":6,"cix":2,"bm":0,"ix":1,"mn":"ADBE Vector Group","hd":false}],"ip":130,"op":450,"st":0,"bm":0},{"ddd":0,"ind":11,"ty":4,"nm":"Gear 4 Outlines","sr":1,"ks":{"o":{"a":0,"k":100,"ix":11},"r":{"a":1,"k":[{"i":{"x":[0.667],"y":[1]},"o":{"x":[0.333],"y":[0]},"t":140,"s":[0]},{"t":220,"s":[360]}],"ix":10},"p":{"a":0,"k":[687.497,156.33,0],"ix":2},"a":{"a":0,"k":[17.257,16.965,0],"ix":1},"s":{"a":1,"k":[{"i":{"x":[0.667,0.667,0.667],"y":[1,1,1]},"o":{"x":[0.333,0.333,0.333],"y":[0,0,0]},"t":140,"s":[0,0,100]},{"i":{"x":[0.667,0.667,0.667],"y":[1,1,1]},"o":{"x":[0.333,0.333,0.333],"y":[0,0,0]},"t":150,"s":[125,125,100]},{"t":155,"s":[100,100,100]}],"ix":6}},"ao":0,"shapes":[{"ty":"gr","it":[{"ind":0,"ty":"sh","ix":1,"ks":{"a":0,"k":{"i":[[-3.272,2.646],[-2.658,-3.282],[3.275,-2.642],[2.647,3.27]],"o":[[3.266,-2.645],[2.64,3.278],[-3.263,2.659],[-2.662,-3.277]],"v":[[-4.792,-5.924],[5.93,-4.799],[4.795,5.914],[-5.916,4.802]],"c":true},"ix":2},"nm":"Path 1","mn":"ADBE Vector Shape - Group","hd":false},{"ind":1,"ty":"sh","ix":2,"ks":{"a":0,"k":{"i":[[0.003,-0.673],[-0.071,-0.636],[0,0],[0,0],[0,0],[-0.877,-0.973],[0,0],[0,0],[0,0],[-1.264,-0.271],[0,0],[0,0],[0,0],[-1.188,0.526],[0,0],[0,0],[0,0],[-0.663,1.144],[0,0],[0,0],[0,0],[-0.006,0.697],[0.062,0.617],[0,0],[0,0],[0,0],[0.877,0.976],[0,0],[0,0],[0,0],[1.303,0.277],[0,0],[0,0],[0,0],[1.187,-0.529],[0,0],[0,0],[0,0],[0.658,-1.143],[0,0],[0,0],[0,0]],"o":[[-0.008,0.653],[0,0],[0,0],[0,0],[0.635,1.158],[0,0],[0,0],[0,0],[1.14,0.535],[0,0],[0,0],[0,0],[1.311,-0.244],[0,0],[0,0],[0,0],[0.898,-0.949],[0,0],[0,0],[0,0],[0.086,-0.668],[0.002,-0.636],[0,0],[0,0],[0,0],[-0.637,-1.159],[0,0],[0,0],[0,0],[-1.176,-0.553],[0,0],[0,0],[0,0],[-1.311,0.25],[0,0],[0,0],[0,0],[-0.899,0.957],[0,0],[0,0],[0,0],[-0.08,0.657]],"v":[[-17,-0.146],[-16.901,1.792],[-13.562,2.484],[-12.549,5.711],[-14.893,8.19],[-12.614,11.393],[-9.504,9.986],[-6.784,11.999],[-7.223,15.387],[-3.607,16.609],[-1.903,13.648],[1.482,13.703],[3.1,16.716],[6.859,15.554],[6.496,12.158],[9.266,10.21],[12.344,11.687],[14.698,8.539],[12.412,6.008],[13.501,2.805],[16.859,2.19],[17.005,0.141],[16.914,-1.738],[13.573,-2.44],[12.57,-5.672],[14.93,-8.143],[12.652,-11.362],[9.536,-9.964],[6.823,-11.984],[7.276,-15.373],[3.55,-16.635],[1.854,-13.665],[-1.531,-13.708],[-3.156,-16.716],[-6.911,-15.539],[-6.539,-12.143],[-9.299,-10.183],[-12.38,-11.652],[-14.729,-8.497],[-12.43,-5.974],[-13.507,-2.763],[-16.867,-2.141]],"c":true},"ix":2},"nm":"Path 2","mn":"ADBE Vector Shape - Group","hd":false},{"ty":"mm","mm":1,"nm":"Merge Paths 1","mn":"ADBE Vector Filter - Merge","hd":false},{"ty":"fl","c":{"a":0,"k":[0.9686274509803922,0.48627450980392156,0.00784313725490196,1],"ix":4},"o":{"a":0,"k":100,"ix":5},"r":1,"bm":0,"nm":"Fill 1","mn":"ADBE Vector Graphic - Fill","hd":false},{"ty":"tr","p":{"a":0,"k":[17.257,16.966],"ix":2},"a":{"a":0,"k":[0,0],"ix":1},"s":{"a":0,"k":[100,100],"ix":3},"r":{"a":0,"k":0,"ix":6},"o":{"a":0,"k":100,"ix":7},"sk":{"a":0,"k":0,"ix":4},"sa":{"a":0,"k":0,"ix":5},"nm":"Transform"}],"nm":"Group 1","np":6,"cix":2,"bm":0,"ix":1,"mn":"ADBE Vector Group","hd":false}],"ip":140,"op":450,"st":0,"bm":0},{"ddd":0,"ind":12,"ty":4,"nm":"Gear 3 Outlines","sr":1,"ks":{"o":{"a":0,"k":100,"ix":11},"r":{"a":1,"k":[{"i":{"x":[0.667],"y":[1]},"o":{"x":[0.333],"y":[0]},"t":150,"s":[0]},{"t":230,"s":[360]}],"ix":10},"p":{"a":0,"k":[244.338,214.534,0],"ix":2},"a":{"a":0,"k":[25.104,24.676,0],"ix":1},"s":{"a":1,"k":[{"i":{"x":[0.667,0.667,0.667],"y":[1,1,1]},"o":{"x":[0.333,0.333,0.333],"y":[0,0,0]},"t":150,"s":[0,0,100]},{"i":{"x":[0.667,0.667,0.667],"y":[1,1,1]},"o":{"x":[0.333,0.333,0.333],"y":[0,0,0]},"t":160,"s":[125,125,100]},{"t":165,"s":[100,100,100]}],"ix":6}},"ao":0,"shapes":[{"ty":"gr","it":[{"ind":0,"ty":"sh","ix":1,"ks":{"a":0,"k":{"i":[[-4.782,3.867],[-3.882,-4.797],[4.786,-3.861],[3.868,4.779]],"o":[[4.772,-3.865],[3.86,4.79],[-4.768,3.885],[-3.89,-4.788]],"v":[[-7.003,-8.657],[8.663,-7.012],[7.007,8.644],[-8.645,7.016]],"c":true},"ix":2},"nm":"Path 1","mn":"ADBE Vector Shape - Group","hd":false},{"ind":1,"ty":"sh","ix":2,"ks":{"a":0,"k":{"i":[[0.006,-0.983],[-0.101,-0.928],[0,0],[0,0],[0,0],[-1.281,-1.422],[0,0],[0,0],[0,0],[-1.846,-0.397],[0,0],[0,0],[0,0],[-1.736,0.769],[0,0],[0,0],[0,0],[-0.968,1.672],[0,0],[0,0],[0,0],[-0.009,1.018],[0.09,0.903],[0,0],[0,0],[0,0],[1.281,1.426],[0,0],[0,0],[0,0],[1.904,0.404],[0,0],[0,0],[0,0],[1.736,-0.773],[0,0],[0,0],[0,0],[0.961,-1.671],[0,0],[0,0],[0,0]],"o":[[-0.011,0.956],[0,0],[0,0],[0,0],[0.927,1.692],[0,0],[0,0],[0,0],[1.666,0.782],[0,0],[0,0],[0,0],[1.916,-0.356],[0,0],[0,0],[0,0],[1.313,-1.387],[0,0],[0,0],[0,0],[0.126,-0.976],[0.003,-0.93],[0,0],[0,0],[0,0],[-0.93,-1.693],[0,0],[0,0],[0,0],[-1.718,-0.81],[0,0],[0,0],[0,0],[-1.916,0.366],[0,0],[0,0],[0,0],[-1.314,1.397],[0,0],[0,0],[0,0],[-0.117,0.96]],"v":[[-24.842,-0.213],[-24.699,2.618],[-19.816,3.629],[-18.337,8.345],[-21.762,11.968],[-18.432,16.65],[-13.887,14.592],[-9.915,17.533],[-10.555,22.485],[-5.273,24.272],[-2.779,19.944],[2.165,20.025],[4.531,24.426],[10.025,22.73],[9.494,17.764],[13.54,14.918],[18.037,17.077],[21.477,12.478],[18.139,8.779],[19.73,4.1],[24.637,3.199],[24.85,0.206],[24.716,-2.541],[19.833,-3.566],[18.369,-8.288],[21.816,-11.9],[18.489,-16.605],[13.936,-14.561],[9.971,-17.512],[10.632,-22.465],[5.188,-24.309],[2.708,-19.97],[-2.238,-20.032],[-4.611,-24.426],[-10.1,-22.707],[-9.557,-17.744],[-13.59,-14.882],[-18.092,-17.027],[-21.523,-12.416],[-18.163,-8.73],[-19.738,-4.038],[-24.648,-3.129]],"c":true},"ix":2},"nm":"Path 2","mn":"ADBE Vector Shape - Group","hd":false},{"ty":"mm","mm":1,"nm":"Merge Paths 1","mn":"ADBE Vector Filter - Merge","hd":false},{"ty":"fl","c":{"a":0,"k":[0.9686274509803922,0.48627450980392156,0.00784313725490196,1],"ix":4},"o":{"a":0,"k":100,"ix":5},"r":1,"bm":0,"nm":"Fill 1","mn":"ADBE Vector Graphic - Fill","hd":false},{"ty":"tr","p":{"a":0,"k":[25.104,24.677],"ix":2},"a":{"a":0,"k":[0,0],"ix":1},"s":{"a":0,"k":[100,100],"ix":3},"r":{"a":0,"k":0,"ix":6},"o":{"a":0,"k":100,"ix":7},"sk":{"a":0,"k":0,"ix":4},"sa":{"a":0,"k":0,"ix":5},"nm":"Transform"}],"nm":"Group 1","np":6,"cix":2,"bm":0,"ix":1,"mn":"ADBE Vector Group","hd":false}],"ip":150,"op":450,"st":0,"bm":0},{"ddd":0,"ind":13,"ty":4,"nm":"Gear 2 Outlines","sr":1,"ks":{"o":{"a":0,"k":100,"ix":11},"r":{"a":1,"k":[{"i":{"x":[0.667],"y":[1]},"o":{"x":[0.333],"y":[0]},"t":110,"s":[0]},{"t":190,"s":[-360]}],"ix":10},"p":{"a":0,"k":[636.526,136.881,0],"ix":2},"a":{"a":0,"k":[33.95,33.37,0],"ix":1},"s":{"a":1,"k":[{"i":{"x":[0.667,0.667,0.667],"y":[1,1,1]},"o":{"x":[0.333,0.333,0.333],"y":[0,0,0]},"t":110,"s":[0,0,100]},{"i":{"x":[0.667,0.667,0.667],"y":[1,1,1]},"o":{"x":[0.333,0.333,0.333],"y":[0,0,0]},"t":120,"s":[125,125,100]},{"t":125,"s":[100,100,100]}],"ix":6}},"ao":0,"shapes":[{"ty":"gr","it":[{"ind":0,"ty":"sh","ix":1,"ks":{"a":0,"k":{"i":[[-6.484,5.243],[-5.265,-6.504],[6.489,-5.235],[5.246,6.479]],"o":[[6.471,-5.241],[5.234,6.496],[-6.465,5.268],[-5.274,-6.494]],"v":[[-9.495,-11.738],[11.749,-9.507],[9.503,11.72],[-11.721,9.514]],"c":true},"ix":2},"nm":"Path 1","mn":"ADBE Vector Shape - Group","hd":false},{"ind":1,"ty":"sh","ix":2,"ks":{"a":0,"k":{"i":[[0.006,-1.332],[-0.138,-1.259],[0,0],[0,0],[0,0],[-1.736,-1.928],[0,0],[0,0],[0,0],[-2.505,-0.538],[0,0],[0,0],[0,0],[-2.356,1.043],[0,0],[0,0],[0,0],[-1.313,2.267],[0,0],[0,0],[0,0],[-0.012,1.38],[0.122,1.224],[0,0],[0,0],[0,0],[1.738,1.933],[0,0],[0,0],[0,0],[2.582,0.548],[0,0],[0,0],[0,0],[2.353,-1.048],[0,0],[0,0],[0,0],[1.302,-2.265],[0,0],[0,0],[0,0]],"o":[[-0.016,1.296],[0,0],[0,0],[0,0],[1.257,2.295],[0,0],[0,0],[0,0],[2.258,1.061],[0,0],[0,0],[0,0],[2.598,-0.483],[0,0],[0,0],[0,0],[1.78,-1.881],[0,0],[0,0],[0,0],[0.172,-1.324],[0.004,-1.261],[0,0],[0,0],[0,0],[-1.261,-2.296],[0,0],[0,0],[0,0],[-2.331,-1.098],[0,0],[0,0],[0,0],[-2.597,0.495],[0,0],[0,0],[0,0],[-1.782,1.895],[0,0],[0,0],[0,0],[-0.158,1.301]],"v":[[-33.684,-0.289],[-33.488,3.55],[-26.869,4.921],[-24.863,11.316],[-29.507,16.228],[-24.993,22.577],[-18.83,19.785],[-13.441,23.774],[-14.31,30.488],[-7.147,32.912],[-3.768,27.042],[2.936,27.154],[6.144,33.121],[13.594,30.819],[12.874,24.089],[18.361,20.228],[24.457,23.155],[29.123,16.918],[24.595,11.904],[26.754,5.56],[33.407,4.339],[33.696,0.279],[33.514,-3.445],[26.894,-4.837],[24.908,-11.238],[29.581,-16.137],[25.071,-22.514],[18.897,-19.742],[13.521,-23.746],[14.417,-30.46],[7.034,-32.962],[3.673,-27.077],[-3.033,-27.16],[-6.252,-33.121],[-13.695,-30.789],[-12.957,-24.061],[-18.427,-20.177],[-24.53,-23.088],[-29.182,-16.837],[-24.626,-11.838],[-26.763,-5.475],[-33.421,-4.243]],"c":true},"ix":2},"nm":"Path 2","mn":"ADBE Vector Shape - Group","hd":false},{"ty":"mm","mm":1,"nm":"Merge Paths 1","mn":"ADBE Vector Filter - Merge","hd":false},{"ty":"fl","c":{"a":0,"k":[0.9686274509803922,0.48627450980392156,0.00784313725490196,1],"ix":4},"o":{"a":0,"k":100,"ix":5},"r":1,"bm":0,"nm":"Fill 1","mn":"ADBE Vector Graphic - Fill","hd":false},{"ty":"tr","p":{"a":0,"k":[33.949,33.37],"ix":2},"a":{"a":0,"k":[0,0],"ix":1},"s":{"a":0,"k":[100,100],"ix":3},"r":{"a":0,"k":0,"ix":6},"o":{"a":0,"k":100,"ix":7},"sk":{"a":0,"k":0,"ix":4},"sa":{"a":0,"k":0,"ix":5},"nm":"Transform"}],"nm":"Group 1","np":6,"cix":2,"bm":0,"ix":1,"mn":"ADBE Vector Group","hd":false}],"ip":110,"op":450,"st":0,"bm":0},{"ddd":0,"ind":14,"ty":4,"nm":"Gear 1 Outlines","sr":1,"ks":{"o":{"a":0,"k":100,"ix":11},"r":{"a":1,"k":[{"i":{"x":[0.667],"y":[1]},"o":{"x":[0.333],"y":[0]},"t":100,"s":[0]},{"t":180,"s":[-360]}],"ix":10},"p":{"a":0,"k":[836.074,860.0720000000001,0],"ix":2},"a":{"a":0,"k":[30.37,30.51,0],"ix":1},"s":{"a":1,"k":[{"i":{"x":[0.667,0.667,0.667],"y":[1,1,1]},"o":{"x":[0.333,0.333,0.333],"y":[0,0,0]},"t":100,"s":[0,0,100]},{"i":{"x":[0.667,0.667,0.667],"y":[1,1,1]},"o":{"x":[0.333,0.333,0.333],"y":[0,0,0]},"t":110,"s":[125,125,100]},{"t":115,"s":[100,100,100]}],"ix":6}},"ao":0,"shapes":[{"ty":"gr","it":[{"ind":0,"ty":"sh","ix":1,"ks":{"a":0,"k":{"i":[[-4.668,5.851],[-5.874,-4.682],[4.674,-5.846],[5.853,4.664]],"o":[[4.657,-5.847],[5.844,4.68],[-4.646,5.87],[-5.881,-4.67]],"v":[[-10.6,-8.435],[8.454,-10.595],[10.596,8.446],[-8.435,10.623]],"c":true},"ix":2},"nm":"Path 1","mn":"ADBE Vector Shape - Group","hd":false},{"ind":1,"ty":"sh","ix":2,"ks":{"a":0,"k":{"i":[[-0.252,-1.17],[-0.365,-1.077],[0,0],[0,0],[0,0],[-1.896,-1.353],[0,0],[0,0],[0,0],[-2.3,0.012],[0,0],[0,0],[0,0],[-1.861,1.37],[0,0],[0,0],[0,0],[-0.712,2.242],[0,0],[0,0],[0,0],[0.255,1.213],[0.343,1.049],[0,0],[0,0],[0,0],[1.897,1.359],[0,0],[0,0],[0,0],[2.369,-0.018],[0,0],[0,0],[0,0],[1.86,-1.374],[0,0],[0,0],[0,0],[0.704,-2.239],[0,0],[0,0],[0,0]],"o":[[0.237,1.138],[0,0],[0,0],[0,0],[1.546,1.768],[0,0],[0,0],[0,0],[2.185,0.493],[0,0],[0,0],[0,0],[2.184,-0.927],[0,0],[0,0],[0,0],[1.197,-1.993],[0,0],[0,0],[0,0],[-0.107,-1.193],[-0.242,-1.106],[0,0],[0,0],[0,0],[-1.549,-1.768],[0,0],[0,0],[0,0],[-2.256,-0.512],[0,0],[0,0],[0,0],[-2.181,0.936],[0,0],[0,0],[0,0],[-1.195,2.005],[0,0],[0,0],[0,0],[0.114,1.171]],"v":[[-29.584,6.285],[-28.67,9.612],[-22.602,9.531],[-19.605,14.748],[-22.724,19.953],[-17.538,24.644],[-12.676,21.003],[-7.181,23.456],[-6.642,29.509],[0.106,30.248],[1.93,24.448],[7.83,23.247],[11.797,27.856],[17.88,24.396],[15.947,18.635],[20.009,14.189],[25.92,15.574],[28.801,9.204],[23.861,5.684],[24.524,-0.294],[30.12,-2.654],[29.588,-6.268],[28.707,-9.497],[22.633,-9.433],[19.653,-14.66],[22.8,-19.859],[17.612,-24.577],[12.737,-20.951],[7.249,-23.419],[6.734,-29.478],[-0.221,-30.242],[-2.029,-24.432],[-7.922,-23.206],[-11.898,-27.806],[-17.971,-24.322],[-16.021,-18.567],[-20.063,-14.104],[-25.977,-15.472],[-28.844,-9.091],[-23.882,-5.593],[-24.522,0.399],[-30.12,2.768]],"c":true},"ix":2},"nm":"Path 2","mn":"ADBE Vector Shape - Group","hd":false},{"ty":"mm","mm":1,"nm":"Merge Paths 1","mn":"ADBE Vector Filter - Merge","hd":false},{"ty":"fl","c":{"a":0,"k":[0.9686274509803922,0.48627450980392156,0.00784313725490196,1],"ix":4},"o":{"a":0,"k":100,"ix":5},"r":1,"bm":0,"nm":"Fill 1","mn":"ADBE Vector Graphic - Fill","hd":false},{"ty":"tr","p":{"a":0,"k":[30.37,30.51],"ix":2},"a":{"a":0,"k":[0,0],"ix":1},"s":{"a":0,"k":[100,100],"ix":3},"r":{"a":0,"k":0,"ix":6},"o":{"a":0,"k":100,"ix":7},"sk":{"a":0,"k":0,"ix":4},"sa":{"a":0,"k":0,"ix":5},"nm":"Transform"}],"nm":"Group 1","np":6,"cix":2,"bm":0,"ix":1,"mn":"ADBE Vector Group","hd":false}],"ip":100,"op":450,"st":0,"bm":0},{"ddd":0,"ind":15,"ty":4,"nm":"Profile Line 4 Outlines","parent":21,"sr":1,"ks":{"o":{"a":0,"k":100,"ix":11},"r":{"a":0,"k":0,"ix":10},"p":{"a":0,"k":[158.046,121.163,0],"ix":2},"a":{"a":0,"k":[55.68,12.15,0],"ix":1},"s":{"a":0,"k":[100,100,100],"ix":6}},"ao":0,"shapes":[{"ty":"gr","it":[{"ind":0,"ty":"sh","ix":1,"ks":{"a":0,"k":{"i":[[0,0],[0,0]],"o":[[0,0],[0,0]],"v":[[-52.4,8.87],[52.4,-8.87]],"c":false},"ix":2},"nm":"Path 1","mn":"ADBE Vector Shape - Group","hd":false},{"ty":"st","c":{"a":0,"k":[0.9686274509803922,0.48627450980392156,0.00784313725490196,1],"ix":3},"o":{"a":0,"k":100,"ix":4},"w":{"a":0,"k":6.56,"ix":5},"lc":1,"lj":1,"ml":10,"bm":0,"nm":"Stroke 1","mn":"ADBE Vector Graphic - Stroke","hd":false},{"ty":"tr","p":{"a":0,"k":[55.68,12.15],"ix":2},"a":{"a":0,"k":[0,0],"ix":1},"s":{"a":0,"k":[100,100],"ix":3},"r":{"a":0,"k":0,"ix":6},"o":{"a":0,"k":100,"ix":7},"sk":{"a":0,"k":0,"ix":4},"sa":{"a":0,"k":0,"ix":5},"nm":"Transform"}],"nm":"Group 1","np":2,"cix":2,"bm":0,"ix":1,"mn":"ADBE Vector Group","hd":false},{"ty":"tm","s":{"a":0,"k":0,"ix":1},"e":{"a":1,"k":[{"i":{"x":[0.667],"y":[1]},"o":{"x":[0.333],"y":[0]},"t":65,"s":[0]},{"t":75,"s":[100]}],"ix":2},"o":{"a":0,"k":0,"ix":3},"m":1,"ix":2,"nm":"Trim Paths 1","mn":"ADBE Vector Filter - Trim","hd":false}],"ip":30,"op":450,"st":0,"bm":0},{"ddd":0,"ind":16,"ty":4,"nm":"Profile Line 3 Outlines","parent":21,"sr":1,"ks":{"o":{"a":0,"k":100,"ix":11},"r":{"a":0,"k":0,"ix":10},"p":{"a":0,"k":[155.678,107.212,0],"ix":2},"a":{"a":0,"k":[55.679,12.15,0],"ix":1},"s":{"a":0,"k":[100,100,100],"ix":6}},"ao":0,"shapes":[{"ty":"gr","it":[{"ind":0,"ty":"sh","ix":1,"ks":{"a":0,"k":{"i":[[0,0],[0,0]],"o":[[0,0],[0,0]],"v":[[-52.399,8.87],[52.399,-8.87]],"c":false},"ix":2},"nm":"Path 1","mn":"ADBE Vector Shape - Group","hd":false},{"ty":"st","c":{"a":0,"k":[0.9686274509803922,0.48627450980392156,0.00784313725490196,1],"ix":3},"o":{"a":0,"k":100,"ix":4},"w":{"a":0,"k":6.56,"ix":5},"lc":1,"lj":1,"ml":10,"bm":0,"nm":"Stroke 1","mn":"ADBE Vector Graphic - Stroke","hd":false},{"ty":"tr","p":{"a":0,"k":[55.679,12.15],"ix":2},"a":{"a":0,"k":[0,0],"ix":1},"s":{"a":0,"k":[100,100],"ix":3},"r":{"a":0,"k":0,"ix":6},"o":{"a":0,"k":100,"ix":7},"sk":{"a":0,"k":0,"ix":4},"sa":{"a":0,"k":0,"ix":5},"nm":"Transform"}],"nm":"Group 1","np":2,"cix":2,"bm":0,"ix":1,"mn":"ADBE Vector Group","hd":false},{"ty":"tm","s":{"a":0,"k":0,"ix":1},"e":{"a":1,"k":[{"i":{"x":[0.667],"y":[1]},"o":{"x":[0.333],"y":[0]},"t":60,"s":[0]},{"t":70,"s":[100]}],"ix":2},"o":{"a":0,"k":0,"ix":3},"m":1,"ix":2,"nm":"Trim Paths 1","mn":"ADBE Vector Filter - Trim","hd":false}],"ip":30,"op":450,"st":0,"bm":0},{"ddd":0,"ind":17,"ty":4,"nm":"Profile Line 2 Outlines","parent":21,"sr":1,"ks":{"o":{"a":0,"k":100,"ix":11},"r":{"a":0,"k":0,"ix":10},"p":{"a":0,"k":[153.301,93.207,0],"ix":2},"a":{"a":0,"k":[55.68,12.15,0],"ix":1},"s":{"a":0,"k":[100,100,100],"ix":6}},"ao":0,"shapes":[{"ty":"gr","it":[{"ind":0,"ty":"sh","ix":1,"ks":{"a":0,"k":{"i":[[0,0],[0,0]],"o":[[0,0],[0,0]],"v":[[-52.399,8.87],[52.399,-8.87]],"c":false},"ix":2},"nm":"Path 1","mn":"ADBE Vector Shape - Group","hd":false},{"ty":"st","c":{"a":0,"k":[0.9686274509803922,0.48627450980392156,0.00784313725490196,1],"ix":3},"o":{"a":0,"k":100,"ix":4},"w":{"a":0,"k":6.56,"ix":5},"lc":1,"lj":1,"ml":10,"bm":0,"nm":"Stroke 1","mn":"ADBE Vector Graphic - Stroke","hd":false},{"ty":"tr","p":{"a":0,"k":[55.679,12.15],"ix":2},"a":{"a":0,"k":[0,0],"ix":1},"s":{"a":0,"k":[100,100],"ix":3},"r":{"a":0,"k":0,"ix":6},"o":{"a":0,"k":100,"ix":7},"sk":{"a":0,"k":0,"ix":4},"sa":{"a":0,"k":0,"ix":5},"nm":"Transform"}],"nm":"Group 1","np":2,"cix":2,"bm":0,"ix":1,"mn":"ADBE Vector Group","hd":false},{"ty":"tm","s":{"a":0,"k":0,"ix":1},"e":{"a":1,"k":[{"i":{"x":[0.667],"y":[1]},"o":{"x":[0.333],"y":[0]},"t":55,"s":[0]},{"t":65,"s":[100]}],"ix":2},"o":{"a":0,"k":0,"ix":3},"m":1,"ix":2,"nm":"Trim Paths 1","mn":"ADBE Vector Filter - Trim","hd":false}],"ip":30,"op":450,"st":0,"bm":0},{"ddd":0,"ind":18,"ty":4,"nm":"Profile Line 1 Outlines","parent":21,"sr":1,"ks":{"o":{"a":0,"k":100,"ix":11},"r":{"a":0,"k":0,"ix":10},"p":{"a":0,"k":[150.943,79.314,0],"ix":2},"a":{"a":0,"k":[55.68,12.15,0],"ix":1},"s":{"a":0,"k":[100,100,100],"ix":6}},"ao":0,"shapes":[{"ty":"gr","it":[{"ind":0,"ty":"sh","ix":1,"ks":{"a":0,"k":{"i":[[0,0],[0,0]],"o":[[0,0],[0,0]],"v":[[-52.399,8.87],[52.399,-8.87]],"c":false},"ix":2},"nm":"Path 1","mn":"ADBE Vector Shape - Group","hd":false},{"ty":"st","c":{"a":0,"k":[0.9686274509803922,0.48627450980392156,0.00784313725490196,1],"ix":3},"o":{"a":0,"k":100,"ix":4},"w":{"a":0,"k":6.56,"ix":5},"lc":1,"lj":1,"ml":10,"bm":0,"nm":"Stroke 1","mn":"ADBE Vector Graphic - Stroke","hd":false},{"ty":"tr","p":{"a":0,"k":[55.679,12.151],"ix":2},"a":{"a":0,"k":[0,0],"ix":1},"s":{"a":0,"k":[100,100],"ix":3},"r":{"a":0,"k":0,"ix":6},"o":{"a":0,"k":100,"ix":7},"sk":{"a":0,"k":0,"ix":4},"sa":{"a":0,"k":0,"ix":5},"nm":"Transform"}],"nm":"Group 1","np":2,"cix":2,"bm":0,"ix":1,"mn":"ADBE Vector Group","hd":false},{"ty":"tm","s":{"a":0,"k":0,"ix":1},"e":{"a":1,"k":[{"i":{"x":[0.667],"y":[1]},"o":{"x":[0.333],"y":[0]},"t":50,"s":[0]},{"t":60,"s":[100]}],"ix":2},"o":{"a":0,"k":0,"ix":3},"m":1,"ix":2,"nm":"Trim Paths 1","mn":"ADBE Vector Filter - Trim","hd":false}],"ip":30,"op":450,"st":0,"bm":0},{"ddd":0,"ind":19,"ty":4,"nm":"Profile Icon Outlines","parent":21,"sr":1,"ks":{"o":{"a":0,"k":100,"ix":11},"r":{"a":0,"k":0,"ix":10},"p":{"a":0,"k":[59.054,115.465,0],"ix":2},"a":{"a":0,"k":[9.154,12.765,0],"ix":1},"s":{"a":1,"k":[{"i":{"x":[0.667,0.667,0.667],"y":[1,1,1]},"o":{"x":[0.333,0.333,0.333],"y":[0,0,0]},"t":45,"s":[0,0,100]},{"i":{"x":[0.667,0.667,0.667],"y":[1,1,1]},"o":{"x":[0.333,0.333,0.333],"y":[0,0,0]},"t":55,"s":[125,125,100]},{"t":60,"s":[100,100,100]}],"ix":6}},"ao":0,"shapes":[{"ty":"gr","it":[{"ind":0,"ty":"sh","ix":1,"ks":{"a":0,"k":{"i":[[3.203,0.656],[0.265,1.564],[2.797,-0.475],[-0.475,-2.796],[-1.392,-0.714],[-0.555,-3.274],[0,0],[0,0],[0,0]],"o":[[0.958,-1.118],[-0.475,-2.797],[-2.798,0.474],[0.282,1.662],[-2.594,1.733],[0,0],[0,0],[0,0],[-0.58,-3.416]],"v":[[1.328,-3.679],[2.542,-7.835],[-3.383,-12.04],[-7.589,-6.116],[-4.825,-2.481],[-8.349,5.663],[-7.186,12.515],[8.904,9.785],[7.741,2.931]],"c":true},"ix":2},"nm":"Path 1","mn":"ADBE Vector Shape - Group","hd":false},{"ty":"fl","c":{"a":0,"k":[1,1,1,1],"ix":4},"o":{"a":0,"k":100,"ix":5},"r":1,"bm":0,"nm":"Fill 1","mn":"ADBE Vector Graphic - Fill","hd":false},{"ty":"tr","p":{"a":0,"k":[9.154,12.765],"ix":2},"a":{"a":0,"k":[0,0],"ix":1},"s":{"a":0,"k":[100,100],"ix":3},"r":{"a":0,"k":0,"ix":6},"o":{"a":0,"k":100,"ix":7},"sk":{"a":0,"k":0,"ix":4},"sa":{"a":0,"k":0,"ix":5},"nm":"Transform"}],"nm":"Group 1","np":4,"cix":2,"bm":0,"ix":1,"mn":"ADBE Vector Group","hd":false}],"ip":45,"op":450,"st":0,"bm":0},{"ddd":0,"ind":20,"ty":4,"nm":"Profile Circle Outlines","parent":21,"sr":1,"ks":{"o":{"a":0,"k":100,"ix":11},"r":{"a":0,"k":0,"ix":10},"p":{"a":0,"k":[58.809,118.054,0],"ix":2},"a":{"a":0,"k":[31.508,31.509,0],"ix":1},"s":{"a":1,"k":[{"i":{"x":[0.667,0.667,0.667],"y":[1,1,1]},"o":{"x":[0.333,0.333,0.333],"y":[0,0,0]},"t":40,"s":[0,0,100]},{"i":{"x":[0.667,0.667,0.667],"y":[1,1,1]},"o":{"x":[0.333,0.333,0.333],"y":[0,0,0]},"t":50,"s":[125,125,100]},{"t":55,"s":[100,100,100]}],"ix":6}},"ao":0,"shapes":[{"ty":"gr","it":[{"ind":0,"ty":"sh","ix":1,"ks":{"a":0,"k":{"i":[[-2.679,-15.784],[15.785,-2.679],[2.68,15.784],[-15.784,2.679]],"o":[[2.679,15.783],[-15.784,2.679],[-2.678,-15.784],[15.784,-2.679]],"v":[[28.579,-4.851],[4.85,28.579],[-28.58,4.85],[-4.851,-28.579]],"c":true},"ix":2},"nm":"Path 1","mn":"ADBE Vector Shape - Group","hd":false},{"ty":"fl","c":{"a":0,"k":[0.9686274509803922,0.48627450980392156,0.00784313725490196,1],"ix":4},"o":{"a":0,"k":100,"ix":5},"r":1,"bm":0,"nm":"Fill 1","mn":"ADBE Vector Graphic - Fill","hd":false},{"ty":"tr","p":{"a":0,"k":[31.508,31.509],"ix":2},"a":{"a":0,"k":[0,0],"ix":1},"s":{"a":0,"k":[100,100],"ix":3},"r":{"a":0,"k":0,"ix":6},"o":{"a":0,"k":100,"ix":7},"sk":{"a":0,"k":0,"ix":4},"sa":{"a":0,"k":0,"ix":5},"nm":"Transform"}],"nm":"Group 1","np":4,"cix":2,"bm":0,"ix":1,"mn":"ADBE Vector Group","hd":false}],"ip":40,"op":450,"st":0,"bm":0},{"ddd":0,"ind":21,"ty":4,"nm":"Profile Header Outlines","parent":34,"sr":1,"ks":{"o":{"a":0,"k":100,"ix":11},"r":{"a":0,"k":0,"ix":10},"p":{"a":0,"k":[136.653,514.282,0],"ix":2},"a":{"a":0,"k":[0.275,36.291,0],"ix":1},"s":{"a":1,"k":[{"i":{"x":[0.667,0.667,0.667],"y":[1,1,1]},"o":{"x":[0.333,0.333,0.333],"y":[0,0,0]},"t":30,"s":[0,0,100]},{"i":{"x":[0.667,0.667,0.667],"y":[1,1,1]},"o":{"x":[0.333,0.333,0.333],"y":[0,0,0]},"t":40,"s":[125,125,100]},{"t":45,"s":[100,100,100]}],"ix":6}},"ao":0,"shapes":[{"ty":"gr","it":[{"ind":0,"ty":"sh","ix":1,"ks":{"a":0,"k":{"i":[[-0.269,-1.585],[1.584,-0.268],[0.269,1.585],[-1.585,0.27]],"o":[[0.269,1.584],[-1.585,0.27],[-0.269,-1.585],[1.584,-0.268]],"v":[[2.87,-0.487],[0.488,2.868],[-2.869,0.487],[-0.486,-2.87]],"c":true},"ix":2},"nm":"Path 1","mn":"ADBE Vector Shape - Group","hd":false},{"ty":"fl","c":{"a":0,"k":[1,1,1,1],"ix":4},"o":{"a":0,"k":100,"ix":5},"r":1,"bm":0,"nm":"Fill 1","mn":"ADBE Vector Graphic - Fill","hd":false},{"ty":"tr","p":{"a":0,"k":[44.078,47.297],"ix":2},"a":{"a":0,"k":[0,0],"ix":1},"s":{"a":0,"k":[100,100],"ix":3},"r":{"a":0,"k":0,"ix":6},"o":{"a":0,"k":100,"ix":7},"sk":{"a":0,"k":0,"ix":4},"sa":{"a":0,"k":0,"ix":5},"nm":"Transform"}],"nm":"Group 1","np":4,"cix":2,"bm":0,"ix":1,"mn":"ADBE Vector Group","hd":false},{"ty":"gr","it":[{"ind":0,"ty":"sh","ix":1,"ks":{"a":0,"k":{"i":[[-0.269,-1.585],[1.585,-0.269],[0.269,1.585],[-1.584,0.27]],"o":[[0.27,1.584],[-1.584,0.269],[-0.269,-1.585],[1.585,-0.268]],"v":[[2.869,-0.487],[0.486,2.869],[-2.869,0.487],[-0.488,-2.87]],"c":true},"ix":2},"nm":"Path 1","mn":"ADBE Vector Shape - Group","hd":false},{"ty":"fl","c":{"a":0,"k":[1,1,1,1],"ix":4},"o":{"a":0,"k":100,"ix":5},"r":1,"bm":0,"nm":"Fill 1","mn":"ADBE Vector Graphic - Fill","hd":false},{"ty":"tr","p":{"a":0,"k":[33.175,49.147],"ix":2},"a":{"a":0,"k":[0,0],"ix":1},"s":{"a":0,"k":[100,100],"ix":3},"r":{"a":0,"k":0,"ix":6},"o":{"a":0,"k":100,"ix":7},"sk":{"a":0,"k":0,"ix":4},"sa":{"a":0,"k":0,"ix":5},"nm":"Transform"}],"nm":"Group 2","np":4,"cix":2,"bm":0,"ix":2,"mn":"ADBE Vector Group","hd":false},{"ty":"gr","it":[{"ind":0,"ty":"sh","ix":1,"ks":{"a":0,"k":{"i":[[-0.269,-1.584],[1.585,-0.268],[0.269,1.585],[-1.585,0.27]],"o":[[0.269,1.585],[-1.585,0.27],[-0.268,-1.585],[1.585,-0.268]],"v":[[2.869,-0.488],[0.487,2.868],[-2.87,0.487],[-0.487,-2.87]],"c":true},"ix":2},"nm":"Path 1","mn":"ADBE Vector Shape - Group","hd":false},{"ty":"fl","c":{"a":0,"k":[1,1,1,1],"ix":4},"o":{"a":0,"k":100,"ix":5},"r":1,"bm":0,"nm":"Fill 1","mn":"ADBE Vector Graphic - Fill","hd":false},{"ty":"tr","p":{"a":0,"k":[22.271,50.998],"ix":2},"a":{"a":0,"k":[0,0],"ix":1},"s":{"a":0,"k":[100,100],"ix":3},"r":{"a":0,"k":0,"ix":6},"o":{"a":0,"k":100,"ix":7},"sk":{"a":0,"k":0,"ix":4},"sa":{"a":0,"k":0,"ix":5},"nm":"Transform"}],"nm":"Group 3","np":4,"cix":2,"bm":0,"ix":3,"mn":"ADBE Vector Group","hd":false},{"ty":"gr","it":[{"ind":0,"ty":"sh","ix":1,"ks":{"a":0,"k":{"i":[[0,0],[0,0],[0,0],[0,0]],"o":[[0,0],[0,0],[0,0],[0,0]],"v":[[105.364,-35.042],[111.024,-1.685],[-105.362,35.042],[-111.024,1.686]],"c":true},"ix":2},"nm":"Path 1","mn":"ADBE Vector Shape - Group","hd":false},{"ty":"fl","c":{"a":0,"k":[0.9686274509803922,0.48627450980392156,0.00784313725490196,1],"ix":4},"o":{"a":0,"k":100,"ix":5},"r":1,"bm":0,"nm":"Fill 1","mn":"ADBE Vector Graphic - Fill","hd":false},{"ty":"tr","p":{"a":0,"k":[111.275,35.291],"ix":2},"a":{"a":0,"k":[0,0],"ix":1},"s":{"a":0,"k":[100,100],"ix":3},"r":{"a":0,"k":0,"ix":6},"o":{"a":0,"k":100,"ix":7},"sk":{"a":0,"k":0,"ix":4},"sa":{"a":0,"k":0,"ix":5},"nm":"Transform"}],"nm":"Group 4","np":2,"cix":2,"bm":0,"ix":4,"mn":"ADBE Vector Group","hd":false}],"ip":30,"op":450,"st":0,"bm":0},{"ddd":0,"ind":24,"ty":4,"nm":"Text Line 4 Outlines","parent":28,"sr":1,"ks":{"o":{"a":0,"k":100,"ix":11},"r":{"a":0,"k":0,"ix":10},"p":{"a":0,"k":[134.132,125.672,0],"ix":2},"a":{"a":0,"k":[31.28,8.02,0],"ix":1},"s":{"a":0,"k":[100,100,100],"ix":6}},"ao":0,"shapes":[{"ty":"gr","it":[{"ind":0,"ty":"sh","ix":1,"ks":{"a":0,"k":{"i":[[0,0],[0,0]],"o":[[0,0],[0,0]],"v":[[-28,4.739],[28,-4.739]],"c":false},"ix":2},"nm":"Path 1","mn":"ADBE Vector Shape - Group","hd":false},{"ty":"st","c":{"a":0,"k":[0.9686274509803922,0.48627450980392156,0.00784313725490196,1],"ix":3},"o":{"a":0,"k":100,"ix":4},"w":{"a":0,"k":6.56,"ix":5},"lc":1,"lj":1,"ml":10,"bm":0,"nm":"Stroke 1","mn":"ADBE Vector Graphic - Stroke","hd":false},{"ty":"tr","p":{"a":0,"k":[31.28,8.02],"ix":2},"a":{"a":0,"k":[0,0],"ix":1},"s":{"a":0,"k":[100,100],"ix":3},"r":{"a":0,"k":0,"ix":6},"o":{"a":0,"k":100,"ix":7},"sk":{"a":0,"k":0,"ix":4},"sa":{"a":0,"k":0,"ix":5},"nm":"Transform"}],"nm":"Group 1","np":2,"cix":2,"bm":0,"ix":1,"mn":"ADBE Vector Group","hd":false},{"ty":"tm","s":{"a":0,"k":0,"ix":1},"e":{"a":1,"k":[{"i":{"x":[0.667],"y":[1]},"o":{"x":[0.333],"y":[0]},"t":65,"s":[0]},{"t":75,"s":[100]}],"ix":2},"o":{"a":0,"k":0,"ix":3},"m":1,"ix":2,"nm":"Trim Paths 1","mn":"ADBE Vector Filter - Trim","hd":false}],"ip":20,"op":450,"st":0,"bm":0},{"ddd":0,"ind":25,"ty":4,"nm":"Text Line 3 Outlines","parent":28,"sr":1,"ks":{"o":{"a":0,"k":100,"ix":11},"r":{"a":0,"k":0,"ix":10},"p":{"a":0,"k":[145.135,109.371,0],"ix":2},"a":{"a":0,"k":[44.397,10.241,0],"ix":1},"s":{"a":0,"k":[100,100,100],"ix":6}},"ao":0,"shapes":[{"ty":"gr","it":[{"ind":0,"ty":"sh","ix":1,"ks":{"a":0,"k":{"i":[[0,0],[0,0]],"o":[[0,0],[0,0]],"v":[[-41.117,6.961],[41.117,-6.961]],"c":false},"ix":2},"nm":"Path 1","mn":"ADBE Vector Shape - Group","hd":false},{"ty":"st","c":{"a":0,"k":[0.9686274509803922,0.48627450980392156,0.00784313725490196,1],"ix":3},"o":{"a":0,"k":100,"ix":4},"w":{"a":0,"k":6.56,"ix":5},"lc":1,"lj":1,"ml":10,"bm":0,"nm":"Stroke 1","mn":"ADBE Vector Graphic - Stroke","hd":false},{"ty":"tr","p":{"a":0,"k":[44.397,10.241],"ix":2},"a":{"a":0,"k":[0,0],"ix":1},"s":{"a":0,"k":[100,100],"ix":3},"r":{"a":0,"k":0,"ix":6},"o":{"a":0,"k":100,"ix":7},"sk":{"a":0,"k":0,"ix":4},"sa":{"a":0,"k":0,"ix":5},"nm":"Transform"}],"nm":"Group 1","np":2,"cix":2,"bm":0,"ix":1,"mn":"ADBE Vector Group","hd":false},{"ty":"tm","s":{"a":0,"k":0,"ix":1},"e":{"a":1,"k":[{"i":{"x":[0.667],"y":[1]},"o":{"x":[0.333],"y":[0]},"t":60,"s":[0]},{"t":70,"s":[100]}],"ix":2},"o":{"a":0,"k":0,"ix":3},"m":1,"ix":2,"nm":"Trim Paths 1","mn":"ADBE Vector Filter - Trim","hd":false}],"ip":20,"op":450,"st":0,"bm":0},{"ddd":0,"ind":26,"ty":4,"nm":"Text Line 2 Outlines","parent":28,"sr":1,"ks":{"o":{"a":0,"k":100,"ix":11},"r":{"a":0,"k":0,"ix":10},"p":{"a":0,"k":[153.798,93.54,0],"ix":2},"a":{"a":0,"k":[55.68,12.15,0],"ix":1},"s":{"a":0,"k":[100,100,100],"ix":6}},"ao":0,"shapes":[{"ty":"gr","it":[{"ind":0,"ty":"sh","ix":1,"ks":{"a":0,"k":{"i":[[0,0],[0,0]],"o":[[0,0],[0,0]],"v":[[-52.4,8.87],[52.4,-8.87]],"c":false},"ix":2},"nm":"Path 1","mn":"ADBE Vector Shape - Group","hd":false},{"ty":"st","c":{"a":0,"k":[0.9686274509803922,0.48627450980392156,0.00784313725490196,1],"ix":3},"o":{"a":0,"k":100,"ix":4},"w":{"a":0,"k":6.56,"ix":5},"lc":1,"lj":1,"ml":10,"bm":0,"nm":"Stroke 1","mn":"ADBE Vector Graphic - Stroke","hd":false},{"ty":"tr","p":{"a":0,"k":[55.68,12.15],"ix":2},"a":{"a":0,"k":[0,0],"ix":1},"s":{"a":0,"k":[100,100],"ix":3},"r":{"a":0,"k":0,"ix":6},"o":{"a":0,"k":100,"ix":7},"sk":{"a":0,"k":0,"ix":4},"sa":{"a":0,"k":0,"ix":5},"nm":"Transform"}],"nm":"Group 1","np":2,"cix":2,"bm":0,"ix":1,"mn":"ADBE Vector Group","hd":false},{"ty":"tm","s":{"a":0,"k":0,"ix":1},"e":{"a":1,"k":[{"i":{"x":[0.667],"y":[1]},"o":{"x":[0.333],"y":[0]},"t":55,"s":[0]},{"t":65,"s":[100]}],"ix":2},"o":{"a":0,"k":0,"ix":3},"m":1,"ix":2,"nm":"Trim Paths 1","mn":"ADBE Vector Filter - Trim","hd":false}],"ip":20,"op":450,"st":0,"bm":0},{"ddd":0,"ind":27,"ty":4,"nm":"Text Line 1 Outlines","parent":28,"sr":1,"ks":{"o":{"a":0,"k":100,"ix":11},"r":{"a":0,"k":0,"ix":10},"p":{"a":0,"k":[151.573,79.542,0],"ix":2},"a":{"a":0,"k":[55.68,12.15,0],"ix":1},"s":{"a":0,"k":[100,100,100],"ix":6}},"ao":0,"shapes":[{"ty":"gr","it":[{"ind":0,"ty":"sh","ix":1,"ks":{"a":0,"k":{"i":[[0,0],[0,0]],"o":[[0,0],[0,0]],"v":[[-52.399,8.87],[52.399,-8.87]],"c":false},"ix":2},"nm":"Path 1","mn":"ADBE Vector Shape - Group","hd":false},{"ty":"st","c":{"a":0,"k":[0.9686274509803922,0.48627450980392156,0.00784313725490196,1],"ix":3},"o":{"a":0,"k":100,"ix":4},"w":{"a":0,"k":6.56,"ix":5},"lc":1,"lj":1,"ml":10,"bm":0,"nm":"Stroke 1","mn":"ADBE Vector Graphic - Stroke","hd":false},{"ty":"tr","p":{"a":0,"k":[55.679,12.15],"ix":2},"a":{"a":0,"k":[0,0],"ix":1},"s":{"a":0,"k":[100,100],"ix":3},"r":{"a":0,"k":0,"ix":6},"o":{"a":0,"k":100,"ix":7},"sk":{"a":0,"k":0,"ix":4},"sa":{"a":0,"k":0,"ix":5},"nm":"Transform"}],"nm":"Group 1","np":2,"cix":2,"bm":0,"ix":1,"mn":"ADBE Vector Group","hd":false},{"ty":"tm","s":{"a":0,"k":0,"ix":1},"e":{"a":1,"k":[{"i":{"x":[0.667],"y":[1]},"o":{"x":[0.333],"y":[0]},"t":40,"s":[0]},{"t":50,"s":[100]}],"ix":2},"o":{"a":0,"k":0,"ix":3},"m":1,"ix":2,"nm":"Trim Paths 1","mn":"ADBE Vector Filter - Trim","hd":false}],"ip":20,"op":450,"st":0,"bm":0},{"ddd":0,"ind":28,"ty":4,"nm":"Text Tab Header Outlines","parent":34,"sr":1,"ks":{"o":{"a":0,"k":100,"ix":11},"r":{"a":0,"k":0,"ix":10},"p":{"a":0,"k":[112.243,335.293,0],"ix":2},"a":{"a":0,"k":[6.057,49.742,0],"ix":1},"s":{"a":1,"k":[{"i":{"x":[0.667,0.667,0.667],"y":[1,1,1]},"o":{"x":[0.333,0.333,0.333],"y":[0,0,0]},"t":20,"s":[0,0,100]},{"i":{"x":[0.667,0.667,0.667],"y":[1,1,1]},"o":{"x":[0.333,0.333,0.333],"y":[0,0,0]},"t":30,"s":[125,125,100]},{"t":35,"s":[100,100,100]}],"ix":6}},"ao":0,"shapes":[{"ty":"gr","it":[{"ind":0,"ty":"sh","ix":1,"ks":{"a":0,"k":{"i":[[-0.306,-1.808],[1.807,-0.305],[0.306,1.808],[-1.807,0.306]],"o":[[0.305,1.808],[-1.807,0.306],[-0.306,-1.807],[1.808,-0.305]],"v":[[3.274,-0.554],[0.554,3.273],[-3.273,0.553],[-0.554,-3.273]],"c":true},"ix":2},"nm":"Path 1","mn":"ADBE Vector Shape - Group","hd":false},{"ty":"fl","c":{"a":0,"k":[1,1,1,1],"ix":4},"o":{"a":0,"k":100,"ix":5},"r":1,"bm":0,"nm":"Fill 1","mn":"ADBE Vector Graphic - Fill","hd":false},{"ty":"tr","p":{"a":0,"k":[47.286,46.915],"ix":2},"a":{"a":0,"k":[0,0],"ix":1},"s":{"a":0,"k":[100,100],"ix":3},"r":{"a":0,"k":0,"ix":6},"o":{"a":0,"k":100,"ix":7},"sk":{"a":0,"k":0,"ix":4},"sa":{"a":0,"k":0,"ix":5},"nm":"Transform"}],"nm":"Group 1","np":4,"cix":2,"bm":0,"ix":1,"mn":"ADBE Vector Group","hd":false},{"ty":"gr","it":[{"ind":0,"ty":"sh","ix":1,"ks":{"a":0,"k":{"i":[[-0.306,-1.808],[1.807,-0.305],[0.305,1.808],[-1.807,0.306]],"o":[[0.306,1.808],[-1.808,0.305],[-0.306,-1.807],[1.807,-0.305]],"v":[[3.273,-0.553],[0.553,3.273],[-3.273,0.553],[-0.554,-3.273]],"c":true},"ix":2},"nm":"Path 1","mn":"ADBE Vector Shape - Group","hd":false},{"ty":"fl","c":{"a":0,"k":[1,1,1,1],"ix":4},"o":{"a":0,"k":100,"ix":5},"r":1,"bm":0,"nm":"Fill 1","mn":"ADBE Vector Graphic - Fill","hd":false},{"ty":"tr","p":{"a":0,"k":[34.85,49.017],"ix":2},"a":{"a":0,"k":[0,0],"ix":1},"s":{"a":0,"k":[100,100],"ix":3},"r":{"a":0,"k":0,"ix":6},"o":{"a":0,"k":100,"ix":7},"sk":{"a":0,"k":0,"ix":4},"sa":{"a":0,"k":0,"ix":5},"nm":"Transform"}],"nm":"Group 2","np":4,"cix":2,"bm":0,"ix":2,"mn":"ADBE Vector Group","hd":false},{"ty":"gr","it":[{"ind":0,"ty":"sh","ix":1,"ks":{"a":0,"k":{"i":[[-0.306,-1.808],[1.808,-0.305],[0.305,1.808],[-1.808,0.306]],"o":[[0.306,1.808],[-1.807,0.305],[-0.306,-1.807],[1.807,-0.305]],"v":[[3.273,-0.553],[0.553,3.273],[-3.273,0.553],[-0.554,-3.273]],"c":true},"ix":2},"nm":"Path 1","mn":"ADBE Vector Shape - Group","hd":false},{"ty":"fl","c":{"a":0,"k":[1,1,1,1],"ix":4},"o":{"a":0,"k":100,"ix":5},"r":1,"bm":0,"nm":"Fill 1","mn":"ADBE Vector Graphic - Fill","hd":false},{"ty":"tr","p":{"a":0,"k":[22.414,51.12],"ix":2},"a":{"a":0,"k":[0,0],"ix":1},"s":{"a":0,"k":[100,100],"ix":3},"r":{"a":0,"k":0,"ix":6},"o":{"a":0,"k":100,"ix":7},"sk":{"a":0,"k":0,"ix":4},"sa":{"a":0,"k":0,"ix":5},"nm":"Transform"}],"nm":"Group 3","np":4,"cix":2,"bm":0,"ix":3,"mn":"ADBE Vector Group","hd":false},{"ty":"gr","it":[{"ind":0,"ty":"sh","ix":1,"ks":{"a":0,"k":{"i":[[0,0],[0,0],[0,0],[0,0]],"o":[[0,0],[0,0],[0,0],[0,0]],"v":[[105.748,-35.092],[111.407,-1.618],[-105.747,35.092],[-111.407,1.617]],"c":true},"ix":2},"nm":"Path 1","mn":"ADBE Vector Shape - Group","hd":false},{"ty":"fl","c":{"a":0,"k":[0.9686274509803922,0.48627450980392156,0.00784313725490196,1],"ix":4},"o":{"a":0,"k":100,"ix":5},"r":1,"bm":0,"nm":"Fill 1","mn":"ADBE Vector Graphic - Fill","hd":false},{"ty":"tr","p":{"a":0,"k":[111.657,35.342],"ix":2},"a":{"a":0,"k":[0,0],"ix":1},"s":{"a":0,"k":[100,100],"ix":3},"r":{"a":0,"k":0,"ix":6},"o":{"a":0,"k":100,"ix":7},"sk":{"a":0,"k":0,"ix":4},"sa":{"a":0,"k":0,"ix":5},"nm":"Transform"}],"nm":"Group 4","np":2,"cix":2,"bm":0,"ix":4,"mn":"ADBE Vector Group","hd":false}],"ip":20,"op":450,"st":0,"bm":0},{"ddd":0,"ind":29,"ty":4,"nm":"Photo Icon Outlines","parent":28,"sr":1,"ks":{"o":{"a":0,"k":100,"ix":11},"r":{"a":0,"k":0,"ix":10},"p":{"a":0,"k":[61.281,116.754,0],"ix":2},"a":{"a":0,"k":[33.446,30.182,0],"ix":1},"s":{"a":1,"k":[{"i":{"x":[0.667,0.667,0.667],"y":[1,1,1]},"o":{"x":[0.333,0.333,0.333],"y":[0,0,0]},"t":30,"s":[0,0,100]},{"i":{"x":[0.667,0.667,0.667],"y":[1,1,1]},"o":{"x":[0.333,0.333,0.333],"y":[0,0,0]},"t":40,"s":[125,125,100]},{"t":45,"s":[100,100,100]}],"ix":6}},"ao":0,"shapes":[{"ty":"gr","it":[{"ind":0,"ty":"sh","ix":1,"ks":{"a":0,"k":{"i":[[0,0],[0,0],[0,0],[0,0]],"o":[[0,0],[0,0],[0,0],[0,0]],"v":[[33.196,20.14],[-24.731,29.932],[-33.196,-20.139],[24.73,-29.932]],"c":true},"ix":2},"nm":"Path 1","mn":"ADBE Vector Shape - Group","hd":false},{"ty":"fl","c":{"a":0,"k":[0.9686274509803922,0.48627450980392156,0.00784313725490196,1],"ix":4},"o":{"a":0,"k":100,"ix":5},"r":1,"bm":0,"nm":"Fill 1","mn":"ADBE Vector Graphic - Fill","hd":false},{"ty":"tr","p":{"a":0,"k":[33.445,30.182],"ix":2},"a":{"a":0,"k":[0,0],"ix":1},"s":{"a":0,"k":[100,100],"ix":3},"r":{"a":0,"k":0,"ix":6},"o":{"a":0,"k":100,"ix":7},"sk":{"a":0,"k":0,"ix":4},"sa":{"a":0,"k":0,"ix":5},"nm":"Transform"}],"nm":"Group 1","np":2,"cix":2,"bm":0,"ix":1,"mn":"ADBE Vector Group","hd":false}],"ip":20,"op":450,"st":0,"bm":0},{"ddd":0,"ind":30,"ty":4,"nm":"Text Area 1 Outlines","parent":28,"sr":1,"ks":{"o":{"a":0,"k":100,"ix":11},"r":{"a":0,"k":0,"ix":10},"p":{"a":0,"k":[121.757,95.09,0],"ix":2},"a":{"a":0,"k":[121.757,95.09,0],"ix":1},"s":{"a":0,"k":[100,100,100],"ix":6}},"ao":0,"shapes":[{"ty":"gr","it":[{"ind":0,"ty":"sh","ix":1,"ks":{"a":0,"k":{"i":[[0,0],[0,0],[0,0],[0,0]],"o":[[0,0],[0,0],[0,0],[0,0]],"v":[[95.648,-94.84],[121.506,58.131],[-95.646,94.84],[-121.506,-58.131]],"c":true},"ix":2},"nm":"Path 1","mn":"ADBE Vector Shape - Group","hd":false},{"ty":"fl","c":{"a":0,"k":[1,1,1,1],"ix":4},"o":{"a":0,"k":100,"ix":5},"r":1,"bm":0,"nm":"Fill 1","mn":"ADBE Vector Graphic - Fill","hd":false},{"ty":"tr","p":{"a":0,"k":[121.757,95.09],"ix":2},"a":{"a":0,"k":[0,0],"ix":1},"s":{"a":0,"k":[100,100],"ix":3},"r":{"a":0,"k":0,"ix":6},"o":{"a":0,"k":100,"ix":7},"sk":{"a":0,"k":0,"ix":4},"sa":{"a":0,"k":0,"ix":5},"nm":"Transform"}],"nm":"Group 1","np":2,"cix":2,"bm":0,"ix":1,"mn":"ADBE Vector Group","hd":false}],"ip":20,"op":450,"st":0,"bm":0},{"ddd":0,"ind":31,"ty":4,"nm":"Video Icon Outlines","parent":32,"sr":1,"ks":{"o":{"a":0,"k":100,"ix":11},"r":{"a":0,"k":0,"ix":10},"p":{"a":0,"k":[101.702,95.245,0],"ix":2},"a":{"a":0,"k":[16.388,18.218,0],"ix":1},"s":{"a":1,"k":[{"i":{"x":[0.667,0.667,0.667],"y":[1,1,1]},"o":{"x":[0.333,0.333,0.333],"y":[0,0,0]},"t":20,"s":[0,0,100]},{"i":{"x":[0.667,0.667,0.667],"y":[1,1,1]},"o":{"x":[0.333,0.333,0.333],"y":[0,0,0]},"t":30,"s":[125,125,100]},{"t":35,"s":[100,100,100]}],"ix":6}},"ao":0,"shapes":[{"ty":"gr","it":[{"ind":0,"ty":"sh","ix":1,"ks":{"a":0,"k":{"i":[[0,0],[0,0],[0,0]],"o":[[0,0],[0,0],[0,0]],"v":[[16.138,-4.66],[-16.138,-17.968],[-10.448,17.968]],"c":true},"ix":2},"nm":"Path 1","mn":"ADBE Vector Shape - Group","hd":false},{"ty":"fl","c":{"a":0,"k":[0.9686274509803922,0.48627450980392156,0.00784313725490196,1],"ix":4},"o":{"a":0,"k":100,"ix":5},"r":1,"bm":0,"nm":"Fill 1","mn":"ADBE Vector Graphic - Fill","hd":false},{"ty":"tr","p":{"a":0,"k":[16.387,18.218],"ix":2},"a":{"a":0,"k":[0,0],"ix":1},"s":{"a":0,"k":[100,100],"ix":3},"r":{"a":0,"k":0,"ix":6},"o":{"a":0,"k":100,"ix":7},"sk":{"a":0,"k":0,"ix":4},"sa":{"a":0,"k":0,"ix":5},"nm":"Transform"}],"nm":"Group 1","np":2,"cix":2,"bm":0,"ix":1,"mn":"ADBE Vector Group","hd":false}],"ip":10,"op":450,"st":0,"bm":0},{"ddd":0,"ind":32,"ty":4,"nm":"Video Tab Header Outlines","parent":34,"sr":1,"ks":{"o":{"a":0,"k":100,"ix":11},"r":{"a":0,"k":0,"ix":10},"p":{"a":0,"k":[69.249,121.374,0],"ix":2},"a":{"a":0,"k":[0.849,33.223,0],"ix":1},"s":{"a":1,"k":[{"i":{"x":[0.667,0.667,0.667],"y":[1,1,1]},"o":{"x":[0.333,0.333,0.333],"y":[0,0,0]},"t":10,"s":[0,0,100]},{"i":{"x":[0.667,0.667,0.667],"y":[1,1,1]},"o":{"x":[0.333,0.333,0.333],"y":[0,0,0]},"t":20,"s":[125,125,100]},{"t":25,"s":[100,100,100]}],"ix":6}},"ao":0,"shapes":[{"ty":"gr","it":[{"ind":0,"ty":"sh","ix":1,"ks":{"a":0,"k":{"i":[[-0.269,-1.584],[1.585,-0.269],[0.269,1.585],[-1.585,0.268]],"o":[[0.269,1.585],[-1.584,0.269],[-0.268,-1.584],[1.584,-0.269]],"v":[[2.869,-0.487],[0.486,2.869],[-2.87,0.486],[-0.486,-2.869]],"c":true},"ix":2},"nm":"Path 1","mn":"ADBE Vector Shape - Group","hd":false},{"ty":"fl","c":{"a":0,"k":[1,1,1,1],"ix":4},"o":{"a":0,"k":100,"ix":5},"r":1,"bm":0,"nm":"Fill 1","mn":"ADBE Vector Graphic - Fill","hd":false},{"ty":"tr","p":{"a":0,"k":[44.091,47.351],"ix":2},"a":{"a":0,"k":[0,0],"ix":1},"s":{"a":0,"k":[100,100],"ix":3},"r":{"a":0,"k":0,"ix":6},"o":{"a":0,"k":100,"ix":7},"sk":{"a":0,"k":0,"ix":4},"sa":{"a":0,"k":0,"ix":5},"nm":"Transform"}],"nm":"Group 1","np":4,"cix":2,"bm":0,"ix":1,"mn":"ADBE Vector Group","hd":false},{"ty":"gr","it":[{"ind":0,"ty":"sh","ix":1,"ks":{"a":0,"k":{"i":[[-0.269,-1.584],[1.585,-0.269],[0.269,1.585],[-1.584,0.268]],"o":[[0.269,1.585],[-1.584,0.269],[-0.268,-1.584],[1.585,-0.269]],"v":[[2.869,-0.487],[0.486,2.869],[-2.87,0.486],[-0.487,-2.869]],"c":true},"ix":2},"nm":"Path 1","mn":"ADBE Vector Shape - Group","hd":false},{"ty":"fl","c":{"a":0,"k":[1,1,1,1],"ix":4},"o":{"a":0,"k":100,"ix":5},"r":1,"bm":0,"nm":"Fill 1","mn":"ADBE Vector Graphic - Fill","hd":false},{"ty":"tr","p":{"a":0,"k":[33.187,49.2],"ix":2},"a":{"a":0,"k":[0,0],"ix":1},"s":{"a":0,"k":[100,100],"ix":3},"r":{"a":0,"k":0,"ix":6},"o":{"a":0,"k":100,"ix":7},"sk":{"a":0,"k":0,"ix":4},"sa":{"a":0,"k":0,"ix":5},"nm":"Transform"}],"nm":"Group 2","np":4,"cix":2,"bm":0,"ix":2,"mn":"ADBE Vector Group","hd":false},{"ty":"gr","it":[{"ind":0,"ty":"sh","ix":1,"ks":{"a":0,"k":{"i":[[-0.269,-1.585],[1.585,-0.269],[0.269,1.585],[-1.585,0.269]],"o":[[0.269,1.584],[-1.585,0.268],[-0.269,-1.585],[1.585,-0.268]],"v":[[2.87,-0.487],[0.486,2.869],[-2.869,0.486],[-0.486,-2.87]],"c":true},"ix":2},"nm":"Path 1","mn":"ADBE Vector Shape - Group","hd":false},{"ty":"fl","c":{"a":0,"k":[1,1,1,1],"ix":4},"o":{"a":0,"k":100,"ix":5},"r":1,"bm":0,"nm":"Fill 1","mn":"ADBE Vector Graphic - Fill","hd":false},{"ty":"tr","p":{"a":0,"k":[22.283,51.049],"ix":2},"a":{"a":0,"k":[0,0],"ix":1},"s":{"a":0,"k":[100,100],"ix":3},"r":{"a":0,"k":0,"ix":6},"o":{"a":0,"k":100,"ix":7},"sk":{"a":0,"k":0,"ix":4},"sa":{"a":0,"k":0,"ix":5},"nm":"Transform"}],"nm":"Group 3","np":4,"cix":2,"bm":0,"ix":3,"mn":"ADBE Vector Group","hd":false},{"ty":"gr","it":[{"ind":0,"ty":"sh","ix":1,"ks":{"a":0,"k":{"i":[[0,0],[0,0],[0,0],[0,0]],"o":[[0,0],[0,0],[0,0],[0,0]],"v":[[108.847,-34.573],[114.199,-1.165],[-108.847,34.573],[-114.199,1.164]],"c":true},"ix":2},"nm":"Path 1","mn":"ADBE Vector Shape - Group","hd":false},{"ty":"fl","c":{"a":0,"k":[0.9686274509803922,0.48627450980392156,0.00784313725490196,1],"ix":4},"o":{"a":0,"k":100,"ix":5},"r":1,"bm":0,"nm":"Fill 1","mn":"ADBE Vector Graphic - Fill","hd":false},{"ty":"tr","p":{"a":0,"k":[114.449,34.823],"ix":2},"a":{"a":0,"k":[0,0],"ix":1},"s":{"a":0,"k":[100,100],"ix":3},"r":{"a":0,"k":0,"ix":6},"o":{"a":0,"k":100,"ix":7},"sk":{"a":0,"k":0,"ix":4},"sa":{"a":0,"k":0,"ix":5},"nm":"Transform"}],"nm":"Group 4","np":2,"cix":2,"bm":0,"ix":4,"mn":"ADBE Vector Group","hd":false}],"ip":10,"op":450,"st":0,"bm":0},{"ddd":0,"ind":33,"ty":4,"nm":"video Area Outlines","parent":32,"sr":1,"ks":{"o":{"a":0,"k":100,"ix":11},"r":{"a":0,"k":0,"ix":10},"p":{"a":0,"k":[124.807,97.371,0],"ix":2},"a":{"a":0,"k":[123.912,96.946,0],"ix":1},"s":{"a":0,"k":[100,100,100],"ix":6}},"ao":0,"shapes":[{"ty":"gr","it":[{"ind":0,"ty":"sh","ix":1,"ks":{"a":0,"k":{"i":[[0,0],[0,0],[0,0],[0,0]],"o":[[0,0],[0,0],[0,0],[0,0]],"v":[[123.663,61.502],[-98.613,96.696],[-123.663,-61.502],[98.614,-96.696]],"c":true},"ix":2},"nm":"Path 1","mn":"ADBE Vector Shape - Group","hd":false},{"ty":"fl","c":{"a":0,"k":[1,1,1,1],"ix":4},"o":{"a":0,"k":100,"ix":5},"r":1,"bm":0,"nm":"Fill 1","mn":"ADBE Vector Graphic - Fill","hd":false},{"ty":"tr","p":{"a":0,"k":[123.913,96.946],"ix":2},"a":{"a":0,"k":[0,0],"ix":1},"s":{"a":0,"k":[100,100],"ix":3},"r":{"a":0,"k":0,"ix":6},"o":{"a":0,"k":100,"ix":7},"sk":{"a":0,"k":0,"ix":4},"sa":{"a":0,"k":0,"ix":5},"nm":"Transform"}],"nm":"Group 1","np":2,"cix":2,"bm":0,"ix":1,"mn":"ADBE Vector Group","hd":false}],"ip":10,"op":450,"st":0,"bm":0},{"ddd":0,"ind":34,"ty":4,"nm":"Mobile Phone Outlines","sr":1,"ks":{"o":{"a":0,"k":100,"ix":11},"r":{"a":0,"k":0,"ix":10},"p":{"a":0,"k":[523.725,918.8880000000001,0],"ix":2},"a":{"a":0,"k":[223.717,729.808,0],"ix":1},"s":{"a":1,"k":[{"i":{"x":[0.667,0.667,0.667],"y":[1,1,1]},"o":{"x":[0.333,0.333,0.333],"y":[0,0,0]},"t":0,"s":[0,0,100]},{"i":{"x":[0.667,0.667,0.667],"y":[1,1,1]},"o":{"x":[0.333,0.333,0.333],"y":[0,0,0]},"t":10,"s":[125,125,100]},{"t":15,"s":[100,100,100]}],"ix":6}},"ao":0,"shapes":[{"ty":"gr","it":[{"ind":0,"ty":"sh","ix":1,"ks":{"a":0,"k":{"i":[[12.021,-2.054],[0,0],[2.054,12.021],[0,0]],"o":[[0,0],[-12.022,2.053],[0,0],[2.053,12.021]],"v":[[38.42,5.612],[-33.037,17.82],[-58.522,-0.228],[56.469,-19.872]],"c":true},"ix":2},"nm":"Path 1","mn":"ADBE Vector Shape - Group","hd":false},{"ty":"fl","c":{"a":0,"k":[0.161000001197,0.161000001197,0.161000001197,1],"ix":4},"o":{"a":0,"k":100,"ix":5},"r":1,"bm":0,"nm":"Fill 1","mn":"ADBE Vector Graphic - Fill","hd":false},{"ty":"tr","p":{"a":0,"k":[167.057,38.988],"ix":2},"a":{"a":0,"k":[0,0],"ix":1},"s":{"a":0,"k":[100,100],"ix":3},"r":{"a":0,"k":0,"ix":6},"o":{"a":0,"k":100,"ix":7},"sk":{"a":0,"k":0,"ix":4},"sa":{"a":0,"k":0,"ix":5},"nm":"Transform"}],"nm":"Group 1","np":4,"cix":2,"bm":0,"ix":1,"mn":"ADBE Vector Group","hd":false},{"ty":"gr","it":[{"ind":0,"ty":"sh","ix":1,"ks":{"a":0,"k":{"i":[[-1.284,0.219],[0,0],[0,0],[0,0],[-0.22,-1.284],[0,0]],"o":[[0,0],[0,0],[0,0],[-1.283,0.219],[0,0],[0.219,1.284]],"v":[[0.309,17.818],[7.747,16.547],[1.839,-18.038],[-5.6,-16.768],[-7.527,-14.046],[-2.413,15.89]],"c":true},"ix":2},"nm":"Path 1","mn":"ADBE Vector Shape - Group","hd":false},{"ty":"fl","c":{"a":0,"k":[0.161000001197,0.161000001197,0.161000001197,1],"ix":4},"o":{"a":0,"k":100,"ix":5},"r":1,"bm":0,"nm":"Fill 1","mn":"ADBE Vector Graphic - Fill","hd":false},{"ty":"tr","p":{"a":0,"k":[28.537,240.988],"ix":2},"a":{"a":0,"k":[0,0],"ix":1},"s":{"a":0,"k":[100,100],"ix":3},"r":{"a":0,"k":0,"ix":6},"o":{"a":0,"k":100,"ix":7},"sk":{"a":0,"k":0,"ix":4},"sa":{"a":0,"k":0,"ix":5},"nm":"Transform"}],"nm":"Group 2","np":4,"cix":2,"bm":0,"ix":2,"mn":"ADBE Vector Group","hd":false},{"ty":"gr","it":[{"ind":0,"ty":"sh","ix":1,"ks":{"a":0,"k":{"i":[[-1.284,0.219],[0,0],[0,0],[0,0],[-0.22,-1.284],[0,0]],"o":[[0,0],[0,0],[0,0],[-1.283,0.219],[0,0],[0.22,1.284]],"v":[[0.309,17.819],[7.747,16.548],[1.839,-18.038],[-5.6,-16.767],[-7.527,-14.045],[-2.414,15.891]],"c":true},"ix":2},"nm":"Path 1","mn":"ADBE Vector Shape - Group","hd":false},{"ty":"fl","c":{"a":0,"k":[0.161000001197,0.161000001197,0.161000001197,1],"ix":4},"o":{"a":0,"k":100,"ix":5},"r":1,"bm":0,"nm":"Fill 1","mn":"ADBE Vector Graphic - Fill","hd":false},{"ty":"tr","p":{"a":0,"k":[21.411,199.27],"ix":2},"a":{"a":0,"k":[0,0],"ix":1},"s":{"a":0,"k":[100,100],"ix":3},"r":{"a":0,"k":0,"ix":6},"o":{"a":0,"k":100,"ix":7},"sk":{"a":0,"k":0,"ix":4},"sa":{"a":0,"k":0,"ix":5},"nm":"Transform"}],"nm":"Group 3","np":4,"cix":2,"bm":0,"ix":3,"mn":"ADBE Vector Group","hd":false},{"ty":"gr","it":[{"ind":0,"ty":"sh","ix":1,"ks":{"a":0,"k":{"i":[[5.393,-0.921],[0,0],[0,0],[-0.921,-5.392],[0,0]],"o":[[0,0],[0,0],[5.392,-0.921],[0,0],[0.921,5.392]],"v":[[1.4,35.046],[1.4,35.046],[-10.417,-34.126],[1.015,-26.03],[9.495,23.616]],"c":true},"ix":2},"nm":"Path 1","mn":"ADBE Vector Shape - Group","hd":false},{"ty":"fl","c":{"a":0,"k":[0.161000001197,0.161000001197,0.161000001197,1],"ix":4},"o":{"a":0,"k":100,"ix":5},"r":1,"bm":0,"nm":"Fill 1","mn":"ADBE Vector Graphic - Fill","hd":false},{"ty":"tr","p":{"a":0,"k":[366.46,158.508],"ix":2},"a":{"a":0,"k":[0,0],"ix":1},"s":{"a":0,"k":[100,100],"ix":3},"r":{"a":0,"k":0,"ix":6},"o":{"a":0,"k":100,"ix":7},"sk":{"a":0,"k":0,"ix":4},"sa":{"a":0,"k":0,"ix":5},"nm":"Transform"}],"nm":"Group 4","np":4,"cix":2,"bm":0,"ix":4,"mn":"ADBE Vector Group","hd":false},{"ty":"gr","it":[{"ind":0,"ty":"sh","ix":1,"ks":{"a":0,"k":{"i":[[-0.647,9.226],[0.052,3.008],[0,0],[0.636,1.917]],"o":[[-0.116,-2.227],[0,0],[-3.727,-6.871],[-1.571,-4.685]],"v":[[-3.555,-15.213],[-3.823,-23.094],[4.068,23.095],[-2.903,9.225]],"c":true},"ix":2},"nm":"Path 1","mn":"ADBE Vector Shape - Group","hd":false},{"ty":"fl","c":{"a":0,"k":[0.161000001197,0.161000001197,0.161000001197,1],"ix":4},"o":{"a":0,"k":100,"ix":5},"r":1,"bm":0,"nm":"Fill 1","mn":"ADBE Vector Graphic - Fill","hd":false},{"ty":"tr","p":{"a":0,"k":[417.361,484.044],"ix":2},"a":{"a":0,"k":[0,0],"ix":1},"s":{"a":0,"k":[100,100],"ix":3},"r":{"a":0,"k":0,"ix":6},"o":{"a":0,"k":100,"ix":7},"sk":{"a":0,"k":0,"ix":4},"sa":{"a":0,"k":0,"ix":5},"nm":"Transform"}],"nm":"Group 5","np":4,"cix":2,"bm":0,"ix":5,"mn":"ADBE Vector Group","hd":false},{"ty":"gr","it":[{"ind":0,"ty":"sh","ix":1,"ks":{"a":0,"k":{"i":[[-0.845,-4.942],[0,0],[0.082,-2.612],[0.173,-1.307],[0,0],[1.734,-3.379],[1.085,-1.507],[1.36,-1.443],[0.896,-0.814],[0,0],[0.821,-0.603],[0,0],[1.497,-0.784],[0,0],[1.111,-0.454],[2.588,-0.443],[0,0],[2.73,0.128],[0.9,0.11],[2.037,0.577],[0.85,0.338],[0.332,0.142],[0,0],[1.037,0.527],[2.399,2.056],[0.802,0.832],[1.044,1.473],[0.976,2.1],[0,0],[0.549,3.209],[0,0],[-20.945,3.578],[0,0],[-7.977,-13.059]],"o":[[0,0],[0.442,2.588],[-0.02,1.17],[0,0],[-0.607,3.406],[-0.843,1.641],[-0.99,1.424],[-0.636,0.659],[0,0],[-0.747,0.656],[0,0],[-1.352,0.98],[0,0],[-1.197,0.6],[-2.462,0.927],[0,0],[-2.718,0.465],[-0.931,-0.039],[-2.067,-0.241],[-0.975,-0.296],[-0.493,-0.18],[0,0],[-0.733,-0.293],[-2.681,-1.392],[-0.982,-0.845],[-1.316,-1.382],[-1.359,-1.903],[0,0],[-1.322,-2.967],[0,0],[-3.574,-20.923],[0,0],[15.982,-2.73],[2.471,4.025]],"v":[[109.574,-318.906],[209.655,266.956],[210.2,274.789],[209.902,278.451],[209.55,280.646],[206.006,290.962],[203.1,295.73],[199.545,300.058],[197.238,302.28],[196.876,302.605],[194.536,304.503],[193.963,304.886],[189.68,307.534],[189.176,307.797],[185.742,309.351],[178.147,311.42],[-62.166,352.471],[-70.378,352.994],[-73.144,352.784],[-79.3,351.546],[-82.105,350.594],[-83.305,350.138],[-83.567,350.029],[-86.173,348.823],[-93.839,343.637],[-96.49,341.139],[-100.048,336.815],[-103.558,330.832],[-103.806,330.279],[-106.627,320.985],[-206.709,-264.876],[-175.2,-309.34],[65.113,-350.392],[104.484,-332.458]],"c":true},"ix":2},"nm":"Path 1","mn":"ADBE Vector Shape - Group","hd":false},{"ty":"fl","c":{"a":0,"k":[0.929000016755,0.944999964097,1,1],"ix":4},"o":{"a":0,"k":100,"ix":5},"r":1,"bm":0,"nm":"Fill 1","mn":"ADBE Vector Graphic - Fill","hd":false},{"ty":"tr","p":{"a":0,"k":[222.241,365.933],"ix":2},"a":{"a":0,"k":[0,0],"ix":1},"s":{"a":0,"k":[100,100],"ix":3},"r":{"a":0,"k":0,"ix":6},"o":{"a":0,"k":100,"ix":7},"sk":{"a":0,"k":0,"ix":4},"sa":{"a":0,"k":0,"ix":5},"nm":"Transform"}],"nm":"Group 6","np":4,"cix":2,"bm":0,"ix":6,"mn":"ADBE Vector Group","hd":false},{"ty":"gr","it":[{"ind":0,"ty":"sh","ix":1,"ks":{"a":0,"k":{"i":[[-4.586,-26.849],[0,0],[0.101,-3.275],[0.211,-1.599],[0.129,-0.793],[2.163,-4.222],[1.366,-1.929],[1.621,-1.73],[1.183,-1.061],[0,0],[1.295,-0.926],[0,0],[2.147,-1.094],[0,0],[1.528,-0.591],[3.358,-0.573],[0,0],[3.462,0.157],[0.581,0.054],[0.629,0.069],[2.521,0.714],[1.201,0.455],[0.548,0.237],[1.133,0.577],[2.993,2.571],[1.1,1.156],[1.392,1.964],[1.321,2.966],[0,0],[0.717,4.194],[0,0],[-26.892,4.594],[0,0]],"o":[[0,0],[0.574,3.358],[-0.049,1.638],[-0.125,0.814],[-0.861,4.749],[-1.091,2.124],[-1.366,1.929],[-1.084,1.131],[0,0],[-1.187,1.04],[0,0],[-1.943,1.388],[0,0],[-1.438,0.73],[-3.078,1.187],[0,0],[-3.552,0.606],[-0.578,-0.033],[-0.625,-0.048],[-2.652,-0.317],[-1.275,-0.377],[-0.565,-0.212],[-1.182,-0.481],[-3.522,-1.798],[-1.189,-1.03],[-1.638,-1.723],[-1.877,-2.609],[0,0],[-1.67,-3.722],[0,0],[-4.586,-26.85],[0,0],[26.891,-4.594]],"v":[[120.693,-319.883],[220.774,265.979],[221.467,275.966],[221.063,280.813],[220.683,283.234],[216.079,296.746],[212.385,302.839],[207.883,308.319],[204.461,311.612],[204.439,311.616],[200.715,314.564],[200.694,314.568],[194.529,318.307],[194.508,318.31],[190.07,320.302],[180.397,322.966],[-59.915,364.019],[-70.461,364.675],[-72.173,364.573],[-74.077,364.391],[-81.828,362.83],[-85.54,361.594],[-87.217,360.932],[-90.685,359.323],[-100.488,352.719],[-103.93,349.453],[-108.484,343.935],[-113.281,335.573],[-113.285,335.552],[-116.901,323.662],[-216.982,-262.198],[-176.604,-319.187],[63.708,-360.239]],"c":true},"ix":2},"nm":"Path 1","mn":"ADBE Vector Shape - Group","hd":false},{"ty":"fl","c":{"a":0,"k":[0.161000001197,0.161000001197,0.161000001197,1],"ix":4},"o":{"a":0,"k":100,"ix":5},"r":1,"bm":0,"nm":"Fill 1","mn":"ADBE Vector Graphic - Fill","hd":false},{"ty":"tr","p":{"a":0,"k":[221.819,365.083],"ix":2},"a":{"a":0,"k":[0,0],"ix":1},"s":{"a":0,"k":[100,100],"ix":3},"r":{"a":0,"k":0,"ix":6},"o":{"a":0,"k":100,"ix":7},"sk":{"a":0,"k":0,"ix":4},"sa":{"a":0,"k":0,"ix":5},"nm":"Transform"}],"nm":"Group 7","np":4,"cix":2,"bm":0,"ix":7,"mn":"ADBE Vector Group","hd":false}],"ip":0,"op":450,"st":0,"bm":0},{"ddd":0,"ind":35,"ty":4,"nm":"Mobile Shadow Outlines","parent":34,"sr":1,"ks":{"o":{"a":0,"k":60,"ix":11},"r":{"a":0,"k":0,"ix":10},"p":{"a":0,"k":[283.322,703.04,0],"ix":2},"a":{"a":0,"k":[209.507,44.708,0],"ix":1},"s":{"a":0,"k":[100,100,100],"ix":6}},"ao":0,"shapes":[{"ty":"gr","it":[{"ind":0,"ty":"sh","ix":1,"ks":{"a":0,"k":{"i":[[-2.619,-16.468],[115.678,-18.399],[2.619,16.468],[-115.677,18.398]],"o":[[2.619,16.468],[-115.677,18.397],[-2.619,-16.468],[115.676,-18.398]],"v":[[209.452,-33.313],[4.742,29.818],[-209.452,33.313],[-4.742,-29.817]],"c":true},"ix":2},"nm":"Path 1","mn":"ADBE Vector Shape - Group","hd":false},{"ty":"fl","c":{"a":0,"k":[0.9686274509803922,0.48627450980392156,0.00784313725490196,1],"ix":4},"o":{"a":0,"k":100,"ix":5},"r":1,"bm":0,"nm":"Fill 1","mn":"ADBE Vector Graphic - Fill","hd":false},{"ty":"tr","p":{"a":0,"k":[209.507,44.708],"ix":2},"a":{"a":0,"k":[0,0],"ix":1},"s":{"a":0,"k":[100,100],"ix":3},"r":{"a":0,"k":0,"ix":6},"o":{"a":0,"k":100,"ix":7},"sk":{"a":0,"k":0,"ix":4},"sa":{"a":0,"k":0,"ix":5},"nm":"Transform"}],"nm":"Group 1","np":4,"cix":2,"bm":0,"ix":1,"mn":"ADBE Vector Group","hd":false}],"ip":0,"op":450,"st":0,"bm":0},{"ddd":0,"ind":36,"ty":4,"nm":"Leave 6 Outlines","sr":1,"ks":{"o":{"a":0,"k":100,"ix":11},"r":{"a":0,"k":0,"ix":10},"p":{"a":0,"k":[543.99,870.2120000000001,0],"ix":2},"a":{"a":0,"k":[327.088,167.534,0],"ix":1},"s":{"a":1,"k":[{"i":{"x":[0.667,0.667,0.667],"y":[1,1,1]},"o":{"x":[0.333,0.333,0.333],"y":[0,0,0]},"t":10,"s":[0,0,100]},{"i":{"x":[0.667,0.667,0.667],"y":[1,1,1]},"o":{"x":[0.333,0.333,0.333],"y":[0,0,0]},"t":20,"s":[125,125,100]},{"t":25,"s":[100,100,100]}],"ix":6}},"ao":0,"shapes":[{"ty":"gr","it":[{"ind":0,"ty":"sh","ix":1,"ks":{"a":0,"k":{"i":[[0,0],[-18.872,-2.23],[-0.61,7.188],[-7.188,0.599],[-3.888,-6.075],[2.325,9.974],[-9.251,4.393],[-6.596,-5.352],[-4.177,-7.397],[6.557,11.018],[-0.012,12.821],[-12.811,-0.51],[-4.447,-11.938],[1.239,-23.924],[-12.736,21.967],[-2.7,1.47],[-3.345,-4.028],[-0.644,-5.197],[10.768,-17.938],[-2.846,8.897],[-6.787,6.417],[-5.993,-7.165],[1.272,-6.293],[11.336,-9.757],[-13.877,6.384],[-5.394,-2.203],[6.581,-8.845],[5.187,-9.73],[-17.541,-8.19],[2.429,-19.206],[77.582,-0.838],[31.211,1.781]],"o":[[12.208,-14.563],[-7.197,0.479],[0.609,-7.187],[7.188,-0.598],[-6.448,-7.956],[-2.325,-9.973],[7.673,-3.646],[6.597,5.354],[-0.034,-12.821],[-6.558,-11.017],[0.012,-12.821],[12.728,0.508],[8.361,22.449],[3.083,-25.204],[1.542,-2.659],[4.598,-2.503],[3.345,4.028],[2.577,20.761],[7.506,-5.56],[2.845,-8.896],[6.788,-6.416],[4.119,4.924],[-2.966,14.659],[10.268,-11.31],[5.293,-2.435],[10.207,4.17],[-6.581,8.847],[13.164,-14.195],[17.541,8.189],[-77.582,0.838],[-31.261,0.338],[0,0]],"v":[[-158.824,71.214],[-105.46,59.848],[-118.431,45.88],[-103.965,32.208],[-85.759,41.833],[-101.169,15.576],[-90.861,-10.893],[-67.112,-6.499],[-52.009,13.833],[-65.371,-21.718],[-78.668,-57.285],[-56.173,-83.335],[-30.867,-57.773],[-20.033,12.768],[4.025,-58.966],[9.996,-65.837],[24.003,-62.124],[29.177,-47.523],[16.417,12.758],[30.267,-11.054],[42.742,-35.788],[67.719,-36.786],[70.406,-18.38],[48.138,19.638],[84.853,-7.267],[101.677,-9.533],[104.461,18.947],[82.504,43.525],[135.804,33.102],[162.038,80.657],[-70.707,83.17],[-164.467,82.064]],"c":false},"ix":2},"nm":"Path 1","mn":"ADBE Vector Shape - Group","hd":false},{"ty":"fl","c":{"a":0,"k":[0.9686274509803922,0.48627450980392156,0.00784313725490196,1],"ix":4},"o":{"a":0,"k":100,"ix":5},"r":1,"bm":0,"nm":"Fill 1","mn":"ADBE Vector Graphic - Fill","hd":false},{"ty":"tr","p":{"a":0,"k":[164.717,84.095],"ix":2},"a":{"a":0,"k":[0,0],"ix":1},"s":{"a":0,"k":[100,100],"ix":3},"r":{"a":0,"k":0,"ix":6},"o":{"a":0,"k":100,"ix":7},"sk":{"a":0,"k":0,"ix":4},"sa":{"a":0,"k":0,"ix":5},"nm":"Transform"}],"nm":"Group 1","np":4,"cix":2,"bm":0,"ix":1,"mn":"ADBE Vector Group","hd":false}],"ip":10,"op":450,"st":0,"bm":0},{"ddd":0,"ind":37,"ty":4,"nm":"Leave 5 Outlines","sr":1,"ks":{"o":{"a":0,"k":100,"ix":11},"r":{"a":0,"k":0,"ix":10},"p":{"a":0,"k":[353.562,870.28,0],"ix":2},"a":{"a":0,"k":[200.79,153.338,0],"ix":1},"s":{"a":1,"k":[{"i":{"x":[0.667,0.667,0.667],"y":[1,1,1]},"o":{"x":[0.333,0.333,0.333],"y":[0,0,0]},"t":20,"s":[0,0,100]},{"i":{"x":[0.667,0.667,0.667],"y":[1,1,1]},"o":{"x":[0.333,0.333,0.333],"y":[0,0,0]},"t":30,"s":[125,125,100]},{"t":35,"s":[100,100,100]}],"ix":6}},"ao":0,"shapes":[{"ty":"gr","it":[{"ind":0,"ty":"sh","ix":1,"ks":{"a":0,"k":{"i":[[0,0],[21.864,9.409],[23.313,4.809],[18.083,15.479],[1.794,10.256],[-9.481,4.301],[-11.384,-11.912],[-34.881,-20.237]],"o":[[-5.977,-23.04],[-21.864,-9.41],[-23.312,-4.809],[-7.909,-6.771],[-1.794,-10.256],[15.006,-6.808],[27.861,29.155],[0,0]],"v":[[100.27,76.544],[52.33,26.996],[-16.788,9.648],[-81.938,-17.628],[-98.476,-43.387],[-86.33,-69.736],[-44.246,-50.841],[50.496,23.743]],"c":false},"ix":2},"nm":"Path 1","mn":"ADBE Vector Shape - Group","hd":false},{"ty":"fl","c":{"a":0,"k":[0.9686274509803922,0.48627450980392156,0.00784313725490196,1],"ix":4},"o":{"a":0,"k":100,"ix":5},"r":1,"bm":0,"nm":"Fill 1","mn":"ADBE Vector Graphic - Fill","hd":false},{"ty":"tr","p":{"a":0,"k":[100.52,76.794],"ix":2},"a":{"a":0,"k":[0,0],"ix":1},"s":{"a":0,"k":[100,100],"ix":3},"r":{"a":0,"k":0,"ix":6},"o":{"a":0,"k":100,"ix":7},"sk":{"a":0,"k":0,"ix":4},"sa":{"a":0,"k":0,"ix":5},"nm":"Transform"}],"nm":"Group 1","np":4,"cix":2,"bm":0,"ix":1,"mn":"ADBE Vector Group","hd":false}],"ip":20,"op":450,"st":0,"bm":0},{"ddd":0,"ind":38,"ty":4,"nm":"Leave 4 Outlines","sr":1,"ks":{"o":{"a":0,"k":100,"ix":11},"r":{"a":0,"k":0,"ix":10},"p":{"a":0,"k":[560.076,810.685,0],"ix":2},"a":{"a":0,"k":[0.25,165.236,0],"ix":1},"s":{"a":1,"k":[{"i":{"x":[0.667,0.667,0.667],"y":[1,1,1]},"o":{"x":[0.333,0.333,0.333],"y":[0,0,0]},"t":15,"s":[0,0,100]},{"i":{"x":[0.667,0.667,0.667],"y":[1,1,1]},"o":{"x":[0.333,0.333,0.333],"y":[0,0,0]},"t":25,"s":[125,125,100]},{"t":30,"s":[100,100,100]}],"ix":6}},"ao":0,"shapes":[{"ty":"gr","it":[{"ind":0,"ty":"sh","ix":1,"ks":{"a":0,"k":{"i":[[0,0],[-18.612,-2.198],[-0.602,7.088],[-7.088,0.59],[-3.835,-5.991],[2.293,9.836],[-9.123,4.334],[-6.506,-5.279],[-4.119,-7.296],[6.467,10.866],[-0.012,12.644],[-12.636,-0.504],[-4.385,-11.773],[1.22,-23.595],[-12.56,21.665],[-2.663,1.45],[-3.298,-3.973],[-0.636,-5.125],[10.62,-17.692],[-2.806,8.775],[-6.694,6.329],[-5.91,-7.066],[1.255,-6.205],[11.181,-9.623],[-13.686,6.296],[-5.32,-2.174],[6.49,-8.724],[5.115,-9.594],[-17.301,-8.077],[2.396,-18.942],[0,0],[30.782,1.757]],"o":[[12.041,-14.362],[-7.098,0.473],[0.6,-7.088],[7.089,-0.59],[-6.361,-7.845],[-2.293,-9.836],[7.569,-3.594],[6.506,5.28],[-0.034,-12.645],[-6.468,-10.867],[0.011,-12.646],[12.553,0.5],[8.247,22.14],[3.04,-24.858],[1.521,-2.623],[4.535,-2.469],[3.299,3.973],[2.541,20.476],[7.403,-5.484],[2.807,-8.774],[6.694,-6.328],[4.062,4.857],[-2.925,14.459],[10.127,-11.154],[5.221,-2.403],[10.066,4.112],[-6.49,8.725],[12.983,-13.998],[17.3,8.077],[0,0],[-30.831,0.333],[0,0]],"v":[[-156.642,70.236],[-104.012,59.026],[-116.803,45.251],[-102.537,31.766],[-84.581,41.258],[-99.78,15.363],[-89.613,-10.743],[-66.189,-6.409],[-51.295,13.644],[-64.473,-21.418],[-77.587,-56.496],[-55.401,-82.189],[-30.444,-56.979],[-19.757,12.593],[3.968,-58.156],[9.858,-64.932],[23.671,-61.27],[28.775,-46.87],[16.19,12.583],[29.85,-10.901],[42.155,-35.294],[66.788,-36.28],[69.439,-18.126],[47.476,19.369],[83.687,-7.165],[100.28,-9.401],[103.025,18.688],[81.369,42.926],[133.939,32.647],[159.811,79.549],[-69.736,82.028],[-162.207,80.936]],"c":false},"ix":2},"nm":"Path 1","mn":"ADBE Vector Shape - Group","hd":false},{"ty":"fl","c":{"a":0,"k":[0.9686274509803922,0.48627450980392156,0.00784313725490196,1],"ix":4},"o":{"a":0,"k":100,"ix":5},"r":1,"bm":0,"nm":"Fill 1","mn":"ADBE Vector Graphic - Fill","hd":false},{"ty":"tr","p":{"a":0,"k":[162.457,82.942],"ix":2},"a":{"a":0,"k":[0,0],"ix":1},"s":{"a":0,"k":[100,100],"ix":3},"r":{"a":0,"k":0,"ix":6},"o":{"a":0,"k":100,"ix":7},"sk":{"a":0,"k":0,"ix":4},"sa":{"a":0,"k":0,"ix":5},"nm":"Transform"}],"nm":"Group 1","np":4,"cix":2,"bm":0,"ix":1,"mn":"ADBE Vector Group","hd":false}],"ip":15,"op":450,"st":0,"bm":0},{"ddd":0,"ind":40,"ty":4,"nm":"Leave 2 Outlines","sr":1,"ks":{"o":{"a":0,"k":100,"ix":11},"r":{"a":0,"k":0,"ix":10},"p":{"a":0,"k":[710.754,777.579,0],"ix":2},"a":{"a":0,"k":[0.25,141.614,0],"ix":1},"s":{"a":1,"k":[{"i":{"x":[0.667,0.667,0.667],"y":[1,1,1]},"o":{"x":[0.333,0.333,0.333],"y":[0,0,0]},"t":25,"s":[0,0,100]},{"i":{"x":[0.667,0.667,0.667],"y":[1,1,1]},"o":{"x":[0.333,0.333,0.333],"y":[0,0,0]},"t":35,"s":[125,125,100]},{"t":40,"s":[100,100,100]}],"ix":6}},"ao":0,"shapes":[{"ty":"gr","it":[{"ind":0,"ty":"sh","ix":1,"ks":{"a":0,"k":{"i":[[0,0],[-20.19,8.69],[-21.527,4.44],[-16.697,14.294],[-1.656,9.471],[8.755,3.972],[10.513,-11.001],[32.209,-18.687]],"o":[[5.52,-21.275],[20.189,-8.688],[21.527,-4.441],[7.304,-6.253],[1.657,-9.471],[-13.857,-6.286],[-25.726,26.922],[0,0]],"v":[[-92.591,70.682],[-48.322,24.928],[15.502,8.91],[75.663,-16.278],[90.934,-40.064],[79.719,-64.396],[40.857,-46.947],[-46.628,21.925]],"c":false},"ix":2},"nm":"Path 1","mn":"ADBE Vector Shape - Group","hd":false},{"ty":"fl","c":{"a":0,"k":[0.9686274509803922,0.48627450980392156,0.00784313725490196,1],"ix":4},"o":{"a":0,"k":100,"ix":5},"r":1,"bm":0,"nm":"Fill 1","mn":"ADBE Vector Graphic - Fill","hd":false},{"ty":"tr","p":{"a":0,"k":[92.841,70.932],"ix":2},"a":{"a":0,"k":[0,0],"ix":1},"s":{"a":0,"k":[100,100],"ix":3},"r":{"a":0,"k":0,"ix":6},"o":{"a":0,"k":100,"ix":7},"sk":{"a":0,"k":0,"ix":4},"sa":{"a":0,"k":0,"ix":5},"nm":"Transform"}],"nm":"Group 1","np":4,"cix":2,"bm":0,"ix":1,"mn":"ADBE Vector Group","hd":false}],"ip":25,"op":450,"st":0,"bm":0},{"ddd":0,"ind":42,"ty":4,"nm":"Thumb up Outlines","sr":1,"ks":{"o":{"a":0,"k":100,"ix":11},"r":{"a":0,"k":0,"ix":10},"p":{"a":0,"k":[763.896,431.815,0],"ix":2},"a":{"a":0,"k":[35.284,38.939,0],"ix":1},"s":{"a":0,"k":[100,100,100],"ix":6}},"ao":0,"shapes":[{"ty":"gr","it":[{"ind":0,"ty":"sh","ix":1,"ks":{"a":0,"k":{"i":[[-1.899,-0.424],[0,0],[0.424,-1.9],[0,0],[1.9,0.425],[0,0],[-0.425,1.9],[0,0]],"o":[[0,0],[1.899,0.425],[0,0],[-0.425,1.899],[0,0],[-1.9,-0.424],[0,0],[0.425,-1.9]],"v":[[-1.641,-19.895],[9.956,-17.303],[12.626,-13.095],[5.85,17.224],[1.642,19.894],[-9.954,17.302],[-12.625,13.094],[-5.849,-17.224]],"c":true},"ix":2},"nm":"Path 1","mn":"ADBE Vector Shape - Group","hd":false},{"ty":"fl","c":{"a":0,"k":[0.9686274509803922,0.48627450980392156,0.00784313725490196,1],"ix":4},"o":{"a":0,"k":100,"ix":5},"r":1,"bm":0,"nm":"Fill 1","mn":"ADBE Vector Graphic - Fill","hd":false},{"ty":"tr","p":{"a":0,"k":[57.268,57.309],"ix":2},"a":{"a":0,"k":[0,0],"ix":1},"s":{"a":0,"k":[100,100],"ix":3},"r":{"a":0,"k":0,"ix":6},"o":{"a":0,"k":100,"ix":7},"sk":{"a":0,"k":0,"ix":4},"sa":{"a":0,"k":0,"ix":5},"nm":"Transform"}],"nm":"Group 1","np":4,"cix":2,"bm":0,"ix":1,"mn":"ADBE Vector Group","hd":false},{"ty":"gr","it":[{"ind":0,"ty":"sh","ix":1,"ks":{"a":0,"k":{"i":[[-0.478,2.139],[-1.992,0.494],[-0.479,2.138],[-3.012,-0.673],[0,0],[0,0],[-2.449,6.108],[1.435,-7.109],[-4.07,-7.41],[-0.526,-1.909],[0.216,-0.965],[0,0],[1.466,0.327],[0,0],[0.303,0.067],[-0.911,2.949],[0,0],[-0.796,3.563],[-1.483,-0.228]],"o":[[0.478,-2.139],[-1.593,-1.294],[0.673,-3.013],[0.303,0.068],[0,0],[0,0],[2.447,-6.108],[-1.433,7.109],[2.662,4.845],[0.262,0.954],[0,0],[-0.327,1.465],[0,0],[0,0],[-3.012,-0.674],[0.746,-2.413],[0,0],[0.742,-3.316],[-1.592,-1.293]],"v":[[-19.238,2.718],[-15.116,-1.469],[-17.063,-7.011],[-10.39,-11.247],[-9.506,-11.049],[3.696,-7.789],[5.98,-26.316],[16.169,-26.205],[19.163,-9.13],[23.571,1.221],[23.627,4.138],[17.64,30.926],[14.394,32.987],[-17.743,25.804],[-18.627,25.607],[-22.932,19.176],[-18.966,16.502],[-21.761,11.698],[-17.291,8.26]],"c":true},"ix":2},"nm":"Path 1","mn":"ADBE Vector Shape - Group","hd":false},{"ty":"fl","c":{"a":0,"k":[0.9686274509803922,0.48627450980392156,0.00784313725490196,1],"ix":4},"o":{"a":0,"k":100,"ix":5},"r":1,"bm":0,"nm":"Fill 1","mn":"ADBE Vector Graphic - Fill","hd":false},{"ty":"tr","p":{"a":0,"k":[24.093,33.564],"ix":2},"a":{"a":0,"k":[0,0],"ix":1},"s":{"a":0,"k":[100,100],"ix":3},"r":{"a":0,"k":0,"ix":6},"o":{"a":0,"k":100,"ix":7},"sk":{"a":0,"k":0,"ix":4},"sa":{"a":0,"k":0,"ix":5},"nm":"Transform"}],"nm":"Group 2","np":4,"cix":2,"bm":0,"ix":2,"mn":"ADBE Vector Group","hd":false}],"ip":0,"op":450,"st":0,"bm":0}],"markers":[]}