{"v":"5.7.8","fr":60,"ip":0,"op":75,"w":512,"h":512,"nm":"stiker1","ddd":0,"assets":[{"id":"comp_0","layers":[{"ddd":0,"ind":1,"ty":4,"nm":"Кривые hand2-2","sr":1,"ks":{"o":{"a":0,"k":100,"ix":11},"r":{"a":1,"k":[{"i":{"x":[0.833],"y":[1]},"o":{"x":[0.167],"y":[0.167]},"t":0,"s":[0]},{"i":{"x":[0.833],"y":[0.833]},"o":{"x":[0.167],"y":[0]},"t":35,"s":[19]},{"t":75,"s":[0]}],"ix":10},"p":{"a":0,"k":[381,329,0],"ix":2,"l":2},"a":{"a":0,"k":[381,329,0],"ix":1,"l":2},"s":{"a":0,"k":[100,100,100],"ix":6,"l":2}},"ao":0,"shapes":[{"ty":"gr","it":[{"ind":0,"ty":"sh","ix":1,"ks":{"a":0,"k":{"i":[[0.483,-4.846],[4.845,0.484],[-0.484,4.847],[-4.846,-0.484]],"o":[[-0.483,4.846],[-4.846,-0.482],[0.483,-4.846],[4.845,0.483]],"v":[[8.775,0.874],[-0.874,8.773],[-8.773,-0.876],[0.876,-8.774]],"c":true},"ix":2},"nm":"Контур 1","mn":"ADBE Vector Shape - Group","hd":false},{"ty":"fl","c":{"a":0,"k":[0.414422577503,0.399489787981,0.386678149653,1],"ix":4},"o":{"a":0,"k":100,"ix":5},"r":1,"bm":0,"nm":"Заливка 1","mn":"ADBE Vector Graphic - Fill","hd":false},{"ty":"tr","p":{"a":0,"k":[444.384,299.325],"ix":2},"a":{"a":0,"k":[0,0],"ix":1},"s":{"a":0,"k":[100,100],"ix":3},"r":{"a":0,"k":0,"ix":6},"o":{"a":0,"k":100,"ix":7},"sk":{"a":0,"k":0,"ix":4},"sa":{"a":0,"k":0,"ix":5},"nm":"Преобразовать"}],"nm":"Группа 1","np":4,"cix":2,"bm":0,"ix":1,"mn":"ADBE Vector Group","hd":false},{"ty":"gr","it":[{"ind":0,"ty":"sh","ix":1,"ks":{"a":0,"k":{"i":[[0.699,-7.007],[7.008,0.698],[-0.698,7.008],[-7.007,-0.698]],"o":[[-0.699,7.008],[-7.007,-0.699],[0.699,-7.007],[7.009,0.698]],"v":[[12.688,1.264],[-1.266,12.688],[-12.689,-1.266],[1.264,-12.689]],"c":true},"ix":2},"nm":"Контур 1","mn":"ADBE Vector Shape - Group","hd":false},{"ty":"fl","c":{"a":0,"k":[0.301765023026,0.28540538713,0.282690399768,1],"ix":4},"o":{"a":0,"k":100,"ix":5},"r":1,"bm":0,"nm":"Заливка 1","mn":"ADBE Vector Graphic - Fill","hd":false},{"ty":"tr","p":{"a":0,"k":[440.47,298.935],"ix":2},"a":{"a":0,"k":[0,0],"ix":1},"s":{"a":0,"k":[100,100],"ix":3},"r":{"a":0,"k":0,"ix":6},"o":{"a":0,"k":100,"ix":7},"sk":{"a":0,"k":0,"ix":4},"sa":{"a":0,"k":0,"ix":5},"nm":"Преобразовать"}],"nm":"Группа 2","np":4,"cix":2,"bm":0,"ix":2,"mn":"ADBE Vector Group","hd":false},{"ty":"gr","it":[{"ind":0,"ty":"sh","ix":1,"ks":{"a":0,"k":{"i":[[2.231,-22.387],[21.921,2.186],[-2.232,22.387],[-21.921,-2.186]],"o":[[-2.232,22.388],[-21.922,-2.185],[2.233,-22.387],[21.921,2.186]],"v":[[39.693,3.957],[-4.04,40.535],[-39.691,-3.957],[4.042,-40.535]],"c":true},"ix":2},"nm":"Контур 1","mn":"ADBE Vector Shape - Group","hd":false},{"ty":"fl","c":{"a":0,"k":[0.649202593635,0.638302612305,0.604342651367,1],"ix":4},"o":{"a":0,"k":100,"ix":5},"r":1,"bm":0,"nm":"Заливка 1","mn":"ADBE Vector Graphic - Fill","hd":false},{"ty":"tr","p":{"a":0,"k":[439.624,298.848],"ix":2},"a":{"a":0,"k":[0,0],"ix":1},"s":{"a":0,"k":[100,100],"ix":3},"r":{"a":0,"k":0,"ix":6},"o":{"a":0,"k":100,"ix":7},"sk":{"a":0,"k":0,"ix":4},"sa":{"a":0,"k":0,"ix":5},"nm":"Преобразовать"}],"nm":"Группа 3","np":4,"cix":2,"bm":0,"ix":3,"mn":"ADBE Vector Group","hd":false},{"ty":"gr","it":[{"ind":0,"ty":"sh","ix":1,"ks":{"a":0,"k":{"i":[[2.5,-25.073],[25.072,2.501],[-2.5,25.073],[-25.073,-2.5]],"o":[[-2.5,25.072],[-25.073,-2.499],[2.499,-25.072],[25.071,2.5]],"v":[[45.397,4.527],[-4.527,45.397],[-45.398,-4.527],[4.527,-45.398]],"c":true},"ix":2},"nm":"Контур 1","mn":"ADBE Vector Shape - Group","hd":false},{"ty":"fl","c":{"a":0,"k":[0.888663138595,0.884481332816,0.855691229128,1],"ix":4},"o":{"a":0,"k":100,"ix":5},"r":1,"bm":0,"nm":"Заливка 1","mn":"ADBE Vector Graphic - Fill","hd":false},{"ty":"tr","p":{"a":0,"k":[435.83,296.238],"ix":2},"a":{"a":0,"k":[0,0],"ix":1},"s":{"a":0,"k":[100,100],"ix":3},"r":{"a":0,"k":0,"ix":6},"o":{"a":0,"k":100,"ix":7},"sk":{"a":0,"k":0,"ix":4},"sa":{"a":0,"k":0,"ix":5},"nm":"Преобразовать"}],"nm":"Группа 4","np":4,"cix":2,"bm":0,"ix":4,"mn":"ADBE Vector Group","hd":false},{"ty":"gr","it":[{"ind":0,"ty":"sh","ix":1,"ks":{"a":0,"k":{"i":[[3.076,-30.842],[30.842,3.076],[-3.076,30.843],[-30.843,-3.076]],"o":[[-3.075,30.842],[-30.843,-3.075],[3.075,-30.842],[30.842,3.075]],"v":[[55.845,5.568],[-5.569,55.844],[-55.845,-5.569],[5.569,-55.845]],"c":true},"ix":2},"nm":"Контур 1","mn":"ADBE Vector Shape - Group","hd":false},{"ty":"fl","c":{"a":0,"k":[0.649202593635,0.638302612305,0.604342651367,1],"ix":4},"o":{"a":0,"k":100,"ix":5},"r":1,"bm":0,"nm":"Заливка 1","mn":"ADBE Vector Graphic - Fill","hd":false},{"ty":"tr","p":{"a":0,"k":[430.563,294.146],"ix":2},"a":{"a":0,"k":[0,0],"ix":1},"s":{"a":0,"k":[100,100],"ix":3},"r":{"a":0,"k":0,"ix":6},"o":{"a":0,"k":100,"ix":7},"sk":{"a":0,"k":0,"ix":4},"sa":{"a":0,"k":0,"ix":5},"nm":"Преобразовать"}],"nm":"Группа 5","np":4,"cix":2,"bm":0,"ix":5,"mn":"ADBE Vector Group","hd":false},{"ty":"gr","it":[{"ind":0,"ty":"sh","ix":1,"ks":{"a":0,"k":{"i":[[3.397,-34.076],[34.077,3.398],[-3.399,34.076],[-34.075,-3.398]],"o":[[-3.398,34.075],[-34.076,-3.398],[3.396,-34.076],[34.076,3.398]],"v":[[61.701,6.153],[-6.152,61.7],[-61.699,-6.152],[6.152,-61.7]],"c":true},"ix":2},"nm":"Контур 1","mn":"ADBE Vector Shape - Group","hd":false},{"ty":"fl","c":{"a":0,"k":[0.888663138595,0.884481332816,0.855691229128,1],"ix":4},"o":{"a":0,"k":100,"ix":5},"r":1,"bm":0,"nm":"Заливка 1","mn":"ADBE Vector Graphic - Fill","hd":false},{"ty":"tr","p":{"a":0,"k":[427.365,292.612],"ix":2},"a":{"a":0,"k":[0,0],"ix":1},"s":{"a":0,"k":[100,100],"ix":3},"r":{"a":0,"k":0,"ix":6},"o":{"a":0,"k":100,"ix":7},"sk":{"a":0,"k":0,"ix":4},"sa":{"a":0,"k":0,"ix":5},"nm":"Преобразовать"}],"nm":"Группа 6","np":4,"cix":2,"bm":0,"ix":6,"mn":"ADBE Vector Group","hd":false},{"ty":"gr","it":[{"ind":0,"ty":"sh","ix":1,"ks":{"a":0,"k":{"i":[[-14.261,8.553],[-0.634,0.34],[-0.026,0.015],[-4.274,6.229],[0.067,5.526],[4.639,2.834],[4.766,-1.614],[1.075,-4.689],[8.64,3.069],[-0.492,6.594],[-1.01,1.838],[0,0],[-5.296,3.856],[-6.098,1.005],[-9.781,-6.986],[-2.849,-5.572],[0.148,-5.918],[5.468,-8.236],[7.413,-7.009],[2.204,-1.744]],"o":[[0.674,-0.186],[0.026,-0.015],[6.332,-3.588],[4.145,-6.057],[-0.084,-5.446],[-4.489,-2.905],[-4.828,1.689],[-1.988,8.669],[-6.232,-2.213],[0.17,-2.286],[0,0],[3.072,-5.524],[5.298,-3.861],[12.21,-2.103],[4.846,3.557],[2.85,5.572],[-0.276,11.985],[-5.42,8.174],[-2.025,1.904],[-19.014,9.296]],"v":[[-26.168,28.319],[-24.2,27.532],[-3.417,11.939],[12.93,-2.972],[19.812,-21.104],[12.703,-33.784],[-2.907,-35.814],[-11.671,-26.122],[-31.415,-15.339],[-41.322,-30.502],[-39.495,-36.726],[-38.497,-38.513],[-25.785,-53.058],[-8.285,-60.429],[25.79,-52.568],[37.685,-38.688],[41.666,-20.888],[31.149,9.295],[-8.685,47.754],[-15.032,53.236]],"c":true},"ix":2},"nm":"Контур 1","mn":"ADBE Vector Shape - Group","hd":false},{"ty":"fl","c":{"a":0,"k":[0.951118618834,0.180932198319,0.580276908127,1],"ix":4},"o":{"a":0,"k":100,"ix":5},"r":1,"bm":0,"nm":"Заливка 1","mn":"ADBE Vector Graphic - Fill","hd":false},{"ty":"tr","p":{"a":0,"k":[401.943,289.287],"ix":2},"a":{"a":0,"k":[0,0],"ix":1},"s":{"a":0,"k":[100,100],"ix":3},"r":{"a":0,"k":0,"ix":6},"o":{"a":0,"k":100,"ix":7},"sk":{"a":0,"k":0,"ix":4},"sa":{"a":0,"k":0,"ix":5},"nm":"Преобразовать"}],"nm":"Группа 7","np":4,"cix":2,"bm":0,"ix":7,"mn":"ADBE Vector Group","hd":false},{"ty":"gr","it":[{"ind":0,"ty":"sh","ix":1,"ks":{"a":0,"k":{"i":[[0,0],[0,0],[0,0],[0,0],[0,0],[2.449,4.17],[0,0],[-1.603,4.699],[-2.248,21.33],[-0.18,3.699],[-12.379,-1.259],[-7.495,-4.993],[-2.116,-4.264],[-0.428,-1.944],[0,0],[0,0],[0,0],[0,0],[0,0],[0,0],[0,0],[0,0]],"o":[[0,0],[0,0],[0,0],[0,0],[-4.815,-0.501],[0,0],[-2.522,-4.233],[3.106,-8.914],[0.407,-3.444],[9.975,-5.779],[9.56,0.938],[6.357,9.519],[0.809,1.573],[1.572,6.833],[0,0],[0,0],[0,0],[0,0],[0,0],[0,0],[0,0],[0,0]],"v":[[5.407,49.97],[5.063,49.928],[0.868,49.514],[-15.364,47.882],[-25.679,46.867],[-37.329,39.409],[-43.177,29.44],[-44.578,15.362],[-34.361,-31.646],[-33.441,-42.295],[0.761,-49.675],[26.537,-40.485],[42.387,-19.787],[44.183,-14.405],[45.487,0.159],[43.442,0.187],[40.991,0.246],[10.276,0.935],[10.242,1.347],[9.851,4.994],[8.317,20.741],[7.928,24.388]],"c":true},"ix":2},"nm":"Контур 1","mn":"ADBE Vector Shape - Group","hd":false},{"ty":"fl","c":{"a":0,"k":[0.764198512657,0.757441142961,0.722002874636,1],"ix":4},"o":{"a":0,"k":100,"ix":5},"r":1,"bm":0,"nm":"Заливка 1","mn":"ADBE Vector Graphic - Fill","hd":false},{"ty":"tr","p":{"a":0,"k":[374.129,242.772],"ix":2},"a":{"a":0,"k":[0,0],"ix":1},"s":{"a":0,"k":[100,100],"ix":3},"r":{"a":0,"k":0,"ix":6},"o":{"a":0,"k":100,"ix":7},"sk":{"a":0,"k":0,"ix":4},"sa":{"a":0,"k":0,"ix":5},"nm":"Преобразовать"}],"nm":"Группа 8","np":4,"cix":2,"bm":0,"ix":8,"mn":"ADBE Vector Group","hd":false},{"ty":"gr","it":[{"ind":0,"ty":"sh","ix":1,"ks":{"a":0,"k":{"i":[[0.442,-4.443],[4.443,0.443],[-0.442,4.444],[-4.444,-0.444]],"o":[[-0.443,4.444],[-4.444,-0.443],[0.444,-4.444],[4.444,0.443]],"v":[[8.047,0.802],[-0.802,8.046],[-8.047,-0.802],[0.802,-8.045]],"c":true},"ix":2},"nm":"Контур 1","mn":"ADBE Vector Shape - Group","hd":false},{"ty":"fl","c":{"a":0,"k":[0.414422577503,0.399489787981,0.386678149653,1],"ix":4},"o":{"a":0,"k":100,"ix":5},"r":1,"bm":0,"nm":"Заливка 1","mn":"ADBE Vector Graphic - Fill","hd":false},{"ty":"tr","p":{"a":0,"k":[384.874,255.813],"ix":2},"a":{"a":0,"k":[0,0],"ix":1},"s":{"a":0,"k":[100,100],"ix":3},"r":{"a":0,"k":0,"ix":6},"o":{"a":0,"k":100,"ix":7},"sk":{"a":0,"k":0,"ix":4},"sa":{"a":0,"k":0,"ix":5},"nm":"Преобразовать"}],"nm":"Группа 9","np":4,"cix":2,"bm":0,"ix":9,"mn":"ADBE Vector Group","hd":false},{"ty":"gr","it":[{"ind":0,"ty":"sh","ix":1,"ks":{"a":0,"k":{"i":[[0.64,-6.425],[6.426,0.64],[-0.639,6.426],[-6.425,-0.641]],"o":[[-0.641,6.426],[-6.426,-0.641],[0.642,-6.425],[6.425,0.64]],"v":[[11.635,1.16],[-1.16,11.636],[-11.636,-1.16],[1.16,-11.634]],"c":true},"ix":2},"nm":"Контур 1","mn":"ADBE Vector Shape - Group","hd":false},{"ty":"fl","c":{"a":0,"k":[0.301765023026,0.28540538713,0.282690399768,1],"ix":4},"o":{"a":0,"k":100,"ix":5},"r":1,"bm":0,"nm":"Заливка 1","mn":"ADBE Vector Graphic - Fill","hd":false},{"ty":"tr","p":{"a":0,"k":[381.285,255.455],"ix":2},"a":{"a":0,"k":[0,0],"ix":1},"s":{"a":0,"k":[100,100],"ix":3},"r":{"a":0,"k":0,"ix":6},"o":{"a":0,"k":100,"ix":7},"sk":{"a":0,"k":0,"ix":4},"sa":{"a":0,"k":0,"ix":5},"nm":"Преобразовать"}],"nm":"Группа 10","np":4,"cix":2,"bm":0,"ix":10,"mn":"ADBE Vector Group","hd":false},{"ty":"gr","it":[{"ind":0,"ty":"sh","ix":1,"ks":{"a":0,"k":{"i":[[2.047,-20.527],[20.101,2.005],[-2.047,20.528],[-20.102,-2.004]],"o":[[-2.047,20.528],[-20.101,-2.004],[2.047,-20.529],[20.1,2.005]],"v":[[36.396,3.629],[-3.706,37.169],[-36.396,-3.629],[3.707,-37.17]],"c":true},"ix":2},"nm":"Контур 1","mn":"ADBE Vector Shape - Group","hd":false},{"ty":"fl","c":{"a":0,"k":[0.649202593635,0.638302612305,0.604342651367,1],"ix":4},"o":{"a":0,"k":100,"ix":5},"r":1,"bm":0,"nm":"Заливка 1","mn":"ADBE Vector Graphic - Fill","hd":false},{"ty":"tr","p":{"a":0,"k":[380.509,255.375],"ix":2},"a":{"a":0,"k":[0,0],"ix":1},"s":{"a":0,"k":[100,100],"ix":3},"r":{"a":0,"k":0,"ix":6},"o":{"a":0,"k":100,"ix":7},"sk":{"a":0,"k":0,"ix":4},"sa":{"a":0,"k":0,"ix":5},"nm":"Преобразовать"}],"nm":"Группа 11","np":4,"cix":2,"bm":0,"ix":11,"mn":"ADBE Vector Group","hd":false},{"ty":"gr","it":[{"ind":0,"ty":"sh","ix":1,"ks":{"a":0,"k":{"i":[[2.292,-22.991],[22.99,2.293],[-2.292,22.99],[-22.991,-2.293]],"o":[[-2.293,22.991],[-22.992,-2.292],[2.292,-22.991],[22.992,2.292]],"v":[[41.629,4.15],[-4.15,41.628],[-41.629,-4.15],[4.151,-41.628]],"c":true},"ix":2},"nm":"Контур 1","mn":"ADBE Vector Shape - Group","hd":false},{"ty":"fl","c":{"a":0,"k":[0.888663138595,0.884481332816,0.855691229128,1],"ix":4},"o":{"a":0,"k":100,"ix":5},"r":1,"bm":0,"nm":"Заливка 1","mn":"ADBE Vector Graphic - Fill","hd":false},{"ty":"tr","p":{"a":0,"k":[377.03,252.983],"ix":2},"a":{"a":0,"k":[0,0],"ix":1},"s":{"a":0,"k":[100,100],"ix":3},"r":{"a":0,"k":0,"ix":6},"o":{"a":0,"k":100,"ix":7},"sk":{"a":0,"k":0,"ix":4},"sa":{"a":0,"k":0,"ix":5},"nm":"Преобразовать"}],"nm":"Группа 12","np":4,"cix":2,"bm":0,"ix":12,"mn":"ADBE Vector Group","hd":false},{"ty":"gr","it":[{"ind":0,"ty":"sh","ix":1,"ks":{"a":0,"k":{"i":[[2.819,-28.282],[28.281,2.819],[-2.82,28.282],[-28.281,-2.821]],"o":[[-2.821,28.282],[-28.282,-2.82],[2.82,-28.281],[28.283,2.819]],"v":[[51.21,5.106],[-5.105,51.21],[-51.208,-5.105],[5.105,-51.208]],"c":true},"ix":2},"nm":"Контур 1","mn":"ADBE Vector Shape - Group","hd":false},{"ty":"fl","c":{"a":0,"k":[0.649202593635,0.638302612305,0.604342651367,1],"ix":4},"o":{"a":0,"k":100,"ix":5},"r":1,"bm":0,"nm":"Заливка 1","mn":"ADBE Vector Graphic - Fill","hd":false},{"ty":"tr","p":{"a":0,"k":[372.2,251.063],"ix":2},"a":{"a":0,"k":[0,0],"ix":1},"s":{"a":0,"k":[100,100],"ix":3},"r":{"a":0,"k":0,"ix":6},"o":{"a":0,"k":100,"ix":7},"sk":{"a":0,"k":0,"ix":4},"sa":{"a":0,"k":0,"ix":5},"nm":"Преобразовать"}],"nm":"Группа 13","np":4,"cix":2,"bm":0,"ix":13,"mn":"ADBE Vector Group","hd":false},{"ty":"gr","it":[{"ind":0,"ty":"sh","ix":1,"ks":{"a":0,"k":{"i":[[31.221,3.092],[-3.086,31.29],[-15.254,8.864],[-12.38,-1.259],[-7.495,-4.994],[2.147,-21.731]],"o":[[-31.223,-3.091],[1.902,-18.846],[9.974,-5.78],[9.559,0.939],[16.998,11.191],[-3.16,31.227]],"v":[[-5.16,55.649],[-56.134,-6.579],[-28.102,-50.101],[6.1,-57.482],[31.875,-48.291],[57.073,4.745]],"c":true},"ix":2},"nm":"Контур 1","mn":"ADBE Vector Shape - Group","hd":false},{"ty":"fl","c":{"a":0,"k":[0.888663138595,0.884481332816,0.855691229128,1],"ix":4},"o":{"a":0,"k":100,"ix":5},"r":1,"bm":0,"nm":"Заливка 1","mn":"ADBE Vector Graphic - Fill","hd":false},{"ty":"tr","p":{"a":0,"k":[368.791,250.578],"ix":2},"a":{"a":0,"k":[0,0],"ix":1},"s":{"a":0,"k":[100,100],"ix":3},"r":{"a":0,"k":0,"ix":6},"o":{"a":0,"k":100,"ix":7},"sk":{"a":0,"k":0,"ix":4},"sa":{"a":0,"k":0,"ix":5},"nm":"Преобразовать"}],"nm":"Группа 14","np":4,"cix":2,"bm":0,"ix":14,"mn":"ADBE Vector Group","hd":false}],"ip":0,"op":180,"st":0,"bm":0},{"ddd":0,"ind":2,"ty":4,"nm":"Кривые hand1-1","sr":1,"ks":{"o":{"a":0,"k":100,"ix":11},"r":{"a":0,"k":0,"ix":10},"p":{"a":0,"k":[341,336,0],"ix":2,"l":2},"a":{"a":0,"k":[341,336,0],"ix":1,"l":2},"s":{"a":1,"k":[{"i":{"x":[0.833,0.833,0.833],"y":[1,1,1]},"o":{"x":[0.167,0.167,0.167],"y":[0,0.167,0]},"t":0,"s":[100,100,100]},{"i":{"x":[0.833,0.833,0.833],"y":[1,0.833,1]},"o":{"x":[0.167,0.167,0.167],"y":[0,0,0]},"t":35,"s":[100,89,100]},{"t":75,"s":[100,100,100]}],"ix":6,"l":2}},"ao":0,"shapes":[{"ty":"gr","it":[{"ind":0,"ty":"sh","ix":1,"ks":{"a":0,"k":{"i":[[19.105,-17.06],[6.904,-2.975],[10.056,-0.644],[5.001,0.475],[2.509,0.471],[1.285,0.299],[1.497,0.433],[-1.65,7.983],[-5.195,1.569],[0,0],[-0.771,-0.033],[0,0],[-13.119,1.297],[-5.021,-5.136],[-3.377,0.928]],"o":[[-5.863,4.638],[-9.493,4.125],[-5.032,0.351],[-2.505,-0.222],[-1.258,-0.21],[-1.21,-0.277],[-7.829,-2.267],[1.203,-5.818],[0,0],[-3.625,-0.516],[0,0],[5.768,-10.083],[9.745,-0.964],[2.521,2.579],[10.567,-7.238]],"v":[[36.572,7.859],[17.338,19.469],[-12.346,26.434],[-27.409,26.218],[-34.915,25.173],[-38.704,24.362],[-42.321,23.372],[-53.808,5.298],[-50.481,-2.706],[-46.523,-2.006],[-44.265,-4.936],[-43.014,-4.878],[-13.69,-25.821],[15.813,-19.7],[25.436,-17.058]],"c":true},"ix":2},"nm":"Контур 1","mn":"ADBE Vector Shape - Group","hd":false},{"ty":"fl","c":{"a":0,"k":[0.951118618834,0.180932198319,0.580276908127,1],"ix":4},"o":{"a":0,"k":100,"ix":5},"r":1,"bm":0,"nm":"Заливка 1","mn":"ADBE Vector Graphic - Fill","hd":false},{"ty":"tr","p":{"a":0,"k":[350.339,334.664],"ix":2},"a":{"a":0,"k":[0,0],"ix":1},"s":{"a":0,"k":[100,100],"ix":3},"r":{"a":0,"k":0,"ix":6},"o":{"a":0,"k":100,"ix":7},"sk":{"a":0,"k":0,"ix":4},"sa":{"a":0,"k":0,"ix":5},"nm":"Преобразовать"}],"nm":"Группа 1","np":4,"cix":2,"bm":0,"ix":1,"mn":"ADBE Vector Group","hd":false}],"ip":0,"op":180,"st":0,"bm":0}]},{"id":"comp_1","layers":[{"ddd":0,"ind":1,"ty":0,"nm":"face","refId":"comp_2","sr":1,"ks":{"o":{"a":0,"k":100,"ix":11},"r":{"a":1,"k":[{"i":{"x":[0.833],"y":[1]},"o":{"x":[0.167],"y":[0.167]},"t":0,"s":[1]},{"i":{"x":[0.833],"y":[0.833]},"o":{"x":[0.167],"y":[0]},"t":35,"s":[0]},{"t":75,"s":[1]}],"ix":10},"p":{"a":1,"k":[{"i":{"x":0.833,"y":0.844},"o":{"x":0.167,"y":0.167},"t":0,"s":[254,251,0],"to":[0.333,0.833,0],"ti":[0,0,0]},{"i":{"x":0.833,"y":0.833},"o":{"x":0.167,"y":0.178},"t":35,"s":[256,256,0],"to":[0,0,0],"ti":[0.333,0.833,0]},{"t":75,"s":[254,251,0]}],"ix":2,"l":2},"a":{"a":0,"k":[256,256,0],"ix":1,"l":2},"s":{"a":0,"k":[100,100,100],"ix":6,"l":2}},"ao":0,"w":512,"h":512,"ip":0,"op":180,"st":0,"bm":0},{"ddd":0,"ind":2,"ty":4,"nm":"Кривые body","sr":1,"ks":{"o":{"a":0,"k":100,"ix":11},"r":{"a":0,"k":0,"ix":10},"p":{"a":0,"k":[253,319,0],"ix":2,"l":2},"a":{"a":0,"k":[253,319,0],"ix":1,"l":2},"s":{"a":0,"k":[100,100,100],"ix":6,"l":2}},"ao":0,"shapes":[{"ty":"gr","it":[{"ind":0,"ty":"sh","ix":1,"ks":{"a":0,"k":{"i":[[2.528,-4.379],[6.13,3.539],[-2.529,4.378],[-6.13,-3.539]],"o":[[-2.527,4.378],[-6.131,-3.54],[2.528,-4.379],[6.129,3.539]],"v":[[11.1,6.408],[-4.577,7.928],[-11.099,-6.408],[4.578,-7.928]],"c":true},"ix":2},"nm":"Контур 1","mn":"ADBE Vector Shape - Group","hd":false},{"ty":"fl","c":{"a":0,"k":[0.786281032188,0.918552593156,0.8946827608,1],"ix":4},"o":{"a":0,"k":100,"ix":5},"r":1,"bm":0,"nm":"Заливка 1","mn":"ADBE Vector Graphic - Fill","hd":false},{"ty":"tr","p":{"a":0,"k":[332.987,129.416],"ix":2},"a":{"a":0,"k":[0,0],"ix":1},"s":{"a":0,"k":[100,100],"ix":3},"r":{"a":0,"k":0,"ix":6},"o":{"a":0,"k":100,"ix":7},"sk":{"a":0,"k":0,"ix":4},"sa":{"a":0,"k":0,"ix":5},"nm":"Преобразовать"}],"nm":"Группа 1","np":4,"cix":2,"bm":0,"ix":1,"mn":"ADBE Vector Group","hd":false},{"ty":"gr","it":[{"ind":0,"ty":"sh","ix":1,"ks":{"a":0,"k":{"i":[[-0.91,0.494],[-10.996,0.529],[-10.578,-3.224],[-8.788,-6.642],[-3.884,-3.789],[-1.679,-2.144],[-1.394,-2.368],[2.526,-1.487],[1.386,0.439],[0,0],[4.487,1.929],[4.411,1.693],[8.625,3.221],[9.188,2.241],[9.844,1.547],[0,0],[-0.295,1.879]],"o":[[10.068,-5.393],[10.963,-0.408],[10.532,3.242],[4.594,2.998],[1.983,1.847],[1.626,2.207],[1.487,2.526],[-1.352,0.796],[0,0],[-5.08,-1.633],[-4.557,-1.803],[-8.531,-3.921],[-8.657,-3.197],[-9.17,-2.22],[0,0],[-1.879,-0.295],[0.172,-1.101]],"v":[[-57.933,-16.988],[-26.061,-25.002],[6.624,-20.919],[36.247,-6.557],[48.641,4.162],[53.9,10.446],[58.517,17.219],[56.636,24.486],[52.339,24.971],[51.826,24.807],[37.911,18.97],[24.799,13.201],[-0.951,2.834],[-27.738,-4.964],[-56.402,-10.481],[-56.842,-10.55],[-59.709,-14.487]],"c":true},"ix":2},"nm":"Контур 1","mn":"ADBE Vector Shape - Group","hd":false},{"ty":"fl","c":{"a":0,"k":[0.786281032188,0.918552593156,0.8946827608,1],"ix":4},"o":{"a":0,"k":100,"ix":5},"r":1,"bm":0,"nm":"Заливка 1","mn":"ADBE Vector Graphic - Fill","hd":false},{"ty":"tr","p":{"a":0,"k":[261.18,96.275],"ix":2},"a":{"a":0,"k":[0,0],"ix":1},"s":{"a":0,"k":[100,100],"ix":3},"r":{"a":0,"k":0,"ix":6},"o":{"a":0,"k":100,"ix":7},"sk":{"a":0,"k":0,"ix":4},"sa":{"a":0,"k":0,"ix":5},"nm":"Преобразовать"}],"nm":"Группа 2","np":4,"cix":2,"bm":0,"ix":2,"mn":"ADBE Vector Group","hd":false},{"ty":"gr","it":[{"ind":0,"ty":"sh","ix":1,"ks":{"a":0,"k":{"i":[[36.292,-14.294],[8.065,-67.386],[-6.048,-16.336],[-60.486,8.168],[-28.226,51.049],[40.323,32.672]],"o":[[0,0],[0,0],[6.049,16.335],[0,0],[0,0],[-40.324,-32.671]],"v":[[-48.688,-75.553],[-107.158,12.252],[-104.543,56.467],[-16.429,81.679],[90.429,20.42],[70.268,-53.092]],"c":true},"ix":2},"nm":"Контур 1","mn":"ADBE Vector Shape - Group","hd":false},{"ty":"fl","c":{"a":0,"k":[0.397918521657,0.77346831677,0.849988331514,1],"ix":4},"o":{"a":0,"k":100,"ix":5},"r":1,"bm":0,"nm":"Заливка 1","mn":"ADBE Vector Graphic - Fill","hd":false},{"ty":"tr","p":{"a":0,"k":[233.551,194.904],"ix":2},"a":{"a":0,"k":[0,0],"ix":1},"s":{"a":0,"k":[100,100],"ix":3},"r":{"a":0,"k":0,"ix":6},"o":{"a":0,"k":100,"ix":7},"sk":{"a":0,"k":0,"ix":4},"sa":{"a":0,"k":0,"ix":5},"nm":"Преобразовать"}],"nm":"Группа 3","np":4,"cix":2,"bm":0,"ix":3,"mn":"ADBE Vector Group","hd":false},{"ty":"gr","it":[{"ind":0,"ty":"sh","ix":1,"ks":{"a":0,"k":{"i":[[50.049,-19.463],[11.122,-91.757],[-8.342,-22.245],[-83.415,11.122],[-38.926,69.512],[55.61,44.489]],"o":[[0,0],[0,0],[8.341,22.244],[0,0],[0,0],[-55.611,-44.488]],"v":[[-67.145,-102.879],[-147.78,16.683],[-144.173,76.889],[-22.657,111.22],[124.709,27.805],[96.905,-72.294]],"c":true},"ix":2},"nm":"Контур 1","mn":"ADBE Vector Shape - Group","hd":false},{"ty":"fl","c":{"a":0,"k":[0.359015999588,0.758470662435,0.841399607939,1],"ix":4},"o":{"a":0,"k":100,"ix":5},"r":1,"bm":0,"nm":"Заливка 1","mn":"ADBE Vector Graphic - Fill","hd":false},{"ty":"tr","p":{"a":0,"k":[224.497,209.984],"ix":2},"a":{"a":0,"k":[0,0],"ix":1},"s":{"a":0,"k":[100,100],"ix":3},"r":{"a":0,"k":0,"ix":6},"o":{"a":0,"k":100,"ix":7},"sk":{"a":0,"k":0,"ix":4},"sa":{"a":0,"k":0,"ix":5},"nm":"Преобразовать"}],"nm":"Группа 4","np":4,"cix":2,"bm":0,"ix":4,"mn":"ADBE Vector Group","hd":false},{"ty":"gr","it":[{"ind":0,"ty":"sh","ix":1,"ks":{"a":0,"k":{"i":[[0,0],[3.642,9.712],[-1.571,8.643],[0,0],[0,0],[-0.774,0.31],[-21.654,0],[-40.378,-32.304],[2.672,-5.671],[1.297,-0.164],[12.484,0]],"o":[[-72.154,0],[-6.939,-18.506],[0,0],[0,0],[12.673,-104.555],[20.719,-8.056],[43.586,0],[54.332,43.464],[-44.764,78.85],[-14.477,1.931],[0,0]],"v":[[-69.691,123.91],[-162.978,82.508],[-165.421,26.519],[-165.284,25.771],[-165.193,25.02],[-74.929,-111.723],[-10.954,-123.91],[115.584,-75.226],[145.506,24.666],[-29.118,121.01],[-69.685,123.91]],"c":true},"ix":2},"nm":"Контур 1","mn":"ADBE Vector Shape - Group","hd":false},{"ty":"fl","c":{"a":0,"k":[0.223669792624,0.700145227769,0.745886290307,1],"ix":4},"o":{"a":0,"k":100,"ix":5},"r":1,"bm":0,"nm":"Заливка 1","mn":"ADBE Vector Graphic - Fill","hd":false},{"ty":"tr","p":{"a":0,"k":[219.698,206.35],"ix":2},"a":{"a":0,"k":[0,0],"ix":1},"s":{"a":0,"k":[100,100],"ix":3},"r":{"a":0,"k":0,"ix":6},"o":{"a":0,"k":100,"ix":7},"sk":{"a":0,"k":0,"ix":4},"sa":{"a":0,"k":0,"ix":5},"nm":"Преобразовать"}],"nm":"Группа 5","np":4,"cix":2,"bm":0,"ix":5,"mn":"ADBE Vector Group","hd":false},{"ty":"gr","it":[{"ind":0,"ty":"sh","ix":1,"ks":{"a":0,"k":{"i":[[65.095,-23.823],[3.566,-1.969],[12.318,-101.63],[-10.985,-29.294],[-109.853,14.646],[-65.912,87.883],[73.236,58.588]],"o":[[-3.825,1.4],[-22.545,12.45],[0,0],[10.986,29.294],[0,0],[0,0],[-71.649,-57.32]],"v":[[-81.748,-137.203],[-92.812,-132.115],[-199.567,29.202],[-195.906,98.776],[-42.111,146.38],[170.273,32.864],[133.655,-98.96]],"c":true},"ix":2},"nm":"Контур 1","mn":"ADBE Vector Shape - Group","hd":false},{"ty":"fl","c":{"a":0,"k":[0.206392235849,0.689920163622,0.707401350433,1],"ix":4},"o":{"a":0,"k":100,"ix":5},"r":1,"bm":0,"nm":"Заливка 1","mn":"ADBE Vector Graphic - Fill","hd":false},{"ty":"tr","p":{"a":0,"k":[224.965,195.42],"ix":2},"a":{"a":0,"k":[0,0],"ix":1},"s":{"a":0,"k":[100,100],"ix":3},"r":{"a":0,"k":0,"ix":6},"o":{"a":0,"k":100,"ix":7},"sk":{"a":0,"k":0,"ix":4},"sa":{"a":0,"k":0,"ix":5},"nm":"Преобразовать"}],"nm":"Группа 6","np":4,"cix":2,"bm":0,"ix":6,"mn":"ADBE Vector Group","hd":false}],"ip":0,"op":180,"st":0,"bm":0}]},{"id":"comp_2","layers":[{"ddd":0,"ind":1,"ty":4,"nm":"Кривые smile","sr":1,"ks":{"o":{"a":0,"k":100,"ix":11},"r":{"a":0,"k":0,"ix":10},"p":{"a":0,"k":[254,250,0],"ix":2,"l":2},"a":{"a":0,"k":[254,250,0],"ix":1,"l":2},"s":{"a":1,"k":[{"i":{"x":[0.833,0.833,0.833],"y":[1,1,1]},"o":{"x":[0.167,0.167,0.167],"y":[0,0.167,0]},"t":0,"s":[100,94,100]},{"i":{"x":[0.833,0.833,0.833],"y":[1,0.833,1]},"o":{"x":[0.167,0.167,0.167],"y":[0,0,0]},"t":35,"s":[100,100,100]},{"t":75,"s":[100,94,100]}],"ix":6,"l":2}},"ao":0,"shapes":[{"ty":"gr","it":[{"ind":0,"ty":"sh","ix":1,"ks":{"a":0,"k":{"i":[[5.238,0],[0.622,0.246],[-0.512,1.299],[-1.299,-0.51],[-13.448,6.723],[-0.009,0.179],[-1.39,-0.023],[0.056,-1.393],[15.8,-7.9]],"o":[[-11.398,0],[-1.298,-0.512],[0.513,-1.297],[0.204,0.08],[13.103,-6.552],[0.061,-1.395],[1.392,0.059],[-0.035,0.851],[-4.874,2.436]],"v":[[-4.108,17.384],[-26.42,13.148],[-27.843,9.868],[-24.564,8.445],[9.215,9.581],[23.247,-14.943],[25.88,-17.361],[28.299,-14.734],[11.476,14.104]],"c":true},"ix":2},"nm":"Контур 1","mn":"ADBE Vector Shape - Group","hd":false},{"ty":"fl","c":{"a":0,"k":[0.006011137308,0.007010998913,0.012494377061,1],"ix":4},"o":{"a":0,"k":100,"ix":5},"r":1,"bm":0,"nm":"Заливка 1","mn":"ADBE Vector Graphic - Fill","hd":false},{"ty":"tr","p":{"a":0,"k":[254.118,252.274],"ix":2},"a":{"a":0,"k":[0,0],"ix":1},"s":{"a":0,"k":[100,100],"ix":3},"r":{"a":0,"k":0,"ix":6},"o":{"a":0,"k":100,"ix":7},"sk":{"a":0,"k":0,"ix":4},"sa":{"a":0,"k":0,"ix":5},"nm":"Преобразовать"}],"nm":"Группа 1","np":4,"cix":2,"bm":0,"ix":1,"mn":"ADBE Vector Group","hd":false}],"ip":0,"op":180,"st":0,"bm":0},{"ddd":0,"ind":2,"ty":4,"nm":"Кривые brown2","sr":1,"ks":{"o":{"a":0,"k":100,"ix":11},"r":{"a":1,"k":[{"i":{"x":[0.833],"y":[1]},"o":{"x":[0.167],"y":[0.167]},"t":0,"s":[10]},{"i":{"x":[0.833],"y":[0.833]},"o":{"x":[0.167],"y":[0]},"t":35,"s":[0]},{"t":75,"s":[10]}],"ix":10},"p":{"a":1,"k":[{"i":{"x":0.833,"y":0.844},"o":{"x":0.167,"y":0.167},"t":0,"s":[177,234,0],"to":[-0.833,0.167,0],"ti":[0,0,0]},{"i":{"x":0.833,"y":0.833},"o":{"x":0.167,"y":0.178},"t":35,"s":[172,235,0],"to":[0,0,0],"ti":[-0.833,0.167,0]},{"t":75,"s":[177,234,0]}],"ix":2,"l":2},"a":{"a":0,"k":[172,235,0],"ix":1,"l":2},"s":{"a":0,"k":[100,100,100],"ix":6,"l":2}},"ao":0,"shapes":[{"ty":"gr","it":[{"ind":0,"ty":"sh","ix":1,"ks":{"a":0,"k":{"i":[[0.074,0],[0.115,1.316],[-1.391,0.122],[0,0],[-0.122,-1.391],[1.391,-0.122],[0,0]],"o":[[-1.296,0],[-0.122,-1.391],[0,0],[1.381,-0.149],[0.123,1.391],[0,0],[-0.076,0.007]],"v":[[-19.805,4.331],[-22.322,2.022],[-20.023,-0.717],[19.581,-4.182],[22.32,-1.884],[20.022,0.855],[-19.581,4.321]],"c":true},"ix":2},"nm":"Контур 1","mn":"ADBE Vector Shape - Group","hd":false},{"ty":"fl","c":{"a":0,"k":[0.006011137308,0.007010998913,0.012494377061,1],"ix":4},"o":{"a":0,"k":100,"ix":5},"r":1,"bm":0,"nm":"Заливка 1","mn":"ADBE Vector Graphic - Fill","hd":false},{"ty":"tr","p":{"a":0,"k":[171.531,235.636],"ix":2},"a":{"a":0,"k":[0,0],"ix":1},"s":{"a":0,"k":[100,100],"ix":3},"r":{"a":0,"k":0,"ix":6},"o":{"a":0,"k":100,"ix":7},"sk":{"a":0,"k":0,"ix":4},"sa":{"a":0,"k":0,"ix":5},"nm":"Преобразовать"}],"nm":"Группа 1","np":4,"cix":2,"bm":0,"ix":1,"mn":"ADBE Vector Group","hd":false}],"ip":0,"op":180,"st":0,"bm":0},{"ddd":0,"ind":3,"ty":4,"nm":"Кривые eye2","sr":1,"ks":{"o":{"a":0,"k":100,"ix":11},"r":{"a":0,"k":0,"ix":10},"p":{"a":0,"k":[179,255,0],"ix":2,"l":2},"a":{"a":0,"k":[179,255,0],"ix":1,"l":2},"s":{"a":1,"k":[{"i":{"x":[0.833,0.833,0.833],"y":[1,1,1]},"o":{"x":[0.167,0.167,0.167],"y":[0,0.167,0]},"t":0,"s":[100,90,100]},{"i":{"x":[0.833,0.833,0.833],"y":[1,0.833,1]},"o":{"x":[0.167,0.167,0.167],"y":[0,0,0]},"t":35,"s":[100,100,100]},{"t":75,"s":[100,90,100]}],"ix":6,"l":2}},"ao":0,"shapes":[{"ty":"gr","it":[{"ind":0,"ty":"sh","ix":1,"ks":{"a":0,"k":{"i":[[-0.959,-3.331],[3.331,-0.96],[0.959,3.331],[-3.331,0.959]],"o":[[0.96,3.332],[-3.332,0.959],[-0.96,-3.331],[3.332,-0.96]],"v":[[6.032,-1.738],[1.738,6.032],[-6.031,1.738],[-1.738,-6.031]],"c":true},"ix":2},"nm":"Контур 1","mn":"ADBE Vector Shape - Group","hd":false},{"ty":"fl","c":{"a":0,"k":[0.999999880323,0.999999820485,0.999999880323,1],"ix":4},"o":{"a":0,"k":100,"ix":5},"r":1,"bm":0,"nm":"Заливка 1","mn":"ADBE Vector Graphic - Fill","hd":false},{"ty":"tr","p":{"a":0,"k":[183.9,246.342],"ix":2},"a":{"a":0,"k":[0,0],"ix":1},"s":{"a":0,"k":[100,100],"ix":3},"r":{"a":0,"k":0,"ix":6},"o":{"a":0,"k":100,"ix":7},"sk":{"a":0,"k":0,"ix":4},"sa":{"a":0,"k":0,"ix":5},"nm":"Преобразовать"}],"nm":"Группа 1","np":4,"cix":2,"bm":0,"ix":1,"mn":"ADBE Vector Group","hd":false},{"ty":"gr","it":[{"ind":0,"ty":"sh","ix":1,"ks":{"a":0,"k":{"i":[[0,0],[4.394,-13.612],[18.221,13.397],[-9.003,4.609]],"o":[[0,0],[-4.393,13.613],[-18.222,-13.397],[9.003,-4.609]],"v":[[12.245,-26.126],[26.072,0.883],[-12.244,14.818],[-14.872,-23.606]],"c":true},"ix":2},"nm":"Контур 1","mn":"ADBE Vector Shape - Group","hd":false},{"ty":"fl","c":{"a":0,"k":[0.006011137308,0.007010998913,0.012494377061,1],"ix":4},"o":{"a":0,"k":100,"ix":5},"r":1,"bm":0,"nm":"Заливка 1","mn":"ADBE Vector Graphic - Fill","hd":false},{"ty":"tr","p":{"a":0,"k":[177.256,259.897],"ix":2},"a":{"a":0,"k":[0,0],"ix":1},"s":{"a":0,"k":[100,100],"ix":3},"r":{"a":0,"k":0,"ix":6},"o":{"a":0,"k":100,"ix":7},"sk":{"a":0,"k":0,"ix":4},"sa":{"a":0,"k":0,"ix":5},"nm":"Преобразовать"}],"nm":"Группа 2","np":4,"cix":2,"bm":0,"ix":2,"mn":"ADBE Vector Group","hd":false}],"ip":0,"op":180,"st":0,"bm":0},{"ddd":0,"ind":4,"ty":4,"nm":"Кривые brown1","sr":1,"ks":{"o":{"a":0,"k":100,"ix":11},"r":{"a":1,"k":[{"i":{"x":[0.833],"y":[1]},"o":{"x":[0.167],"y":[0.167]},"t":0,"s":[-7]},{"i":{"x":[0.833],"y":[0.833]},"o":{"x":[0.167],"y":[0]},"t":35,"s":[0]},{"t":75,"s":[-7]}],"ix":10},"p":{"a":0,"k":[288,185,0],"ix":2,"l":2},"a":{"a":0,"k":[293,182,0],"ix":1,"l":2},"s":{"a":0,"k":[100,100,100],"ix":6,"l":2}},"ao":0,"shapes":[{"ty":"gr","it":[{"ind":0,"ty":"sh","ix":1,"ks":{"a":0,"k":{"i":[[0.563,0],[0.501,0.611],[-1.082,0.883],[0,0],[-0.883,-1.079],[1.082,-0.883],[0,0]],"o":[[-0.732,0],[-0.882,-1.081],[0,0],[1.084,-0.885],[0.882,1.08],[0,0],[-0.47,0.384]],"v":[[-14.905,14.875],[-16.866,13.947],[-16.508,10.389],[13.307,-13.99],[16.866,-13.633],[16.508,-10.076],[-13.306,14.304]],"c":true},"ix":2},"nm":"Контур 1","mn":"ADBE Vector Shape - Group","hd":false},{"ty":"fl","c":{"a":0,"k":[0.006011137308,0.007010998913,0.012494377061,1],"ix":4},"o":{"a":0,"k":100,"ix":5},"r":1,"bm":0,"nm":"Заливка 1","mn":"ADBE Vector Graphic - Fill","hd":false},{"ty":"tr","p":{"a":0,"k":[293.013,181.406],"ix":2},"a":{"a":0,"k":[0,0],"ix":1},"s":{"a":0,"k":[100,100],"ix":3},"r":{"a":0,"k":0,"ix":6},"o":{"a":0,"k":100,"ix":7},"sk":{"a":0,"k":0,"ix":4},"sa":{"a":0,"k":0,"ix":5},"nm":"Преобразовать"}],"nm":"Группа 1","np":4,"cix":2,"bm":0,"ix":1,"mn":"ADBE Vector Group","hd":false}],"ip":0,"op":180,"st":0,"bm":0},{"ddd":0,"ind":5,"ty":4,"nm":"Кривые eye1","sr":1,"ks":{"o":{"a":0,"k":100,"ix":11},"r":{"a":0,"k":0,"ix":10},"p":{"a":0,"k":[302,203,0],"ix":2,"l":2},"a":{"a":0,"k":[302,203,0],"ix":1,"l":2},"s":{"a":1,"k":[{"i":{"x":[0.833,0.833,0.833],"y":[1,1,1]},"o":{"x":[0.167,0.167,0.167],"y":[0,0.167,0]},"t":0,"s":[100,90,100]},{"i":{"x":[0.833,0.833,0.833],"y":[1,0.833,1]},"o":{"x":[0.167,0.167,0.167],"y":[0,0,0]},"t":35,"s":[100,100,100]},{"t":75,"s":[100,90,100]}],"ix":6,"l":2}},"ao":0,"shapes":[{"ty":"gr","it":[{"ind":0,"ty":"sh","ix":1,"ks":{"a":0,"k":{"i":[[-0.96,-3.331],[3.332,-0.96],[0.959,3.331],[-3.331,0.96]],"o":[[0.96,3.331],[-3.331,0.959],[-0.959,-3.331],[3.332,-0.96]],"v":[[6.031,-1.738],[1.737,6.033],[-6.032,1.739],[-1.739,-6.031]],"c":true},"ix":2},"nm":"Контур 1","mn":"ADBE Vector Shape - Group","hd":false},{"ty":"fl","c":{"a":0,"k":[0.999999880323,0.999999820485,0.999999880323,1],"ix":4},"o":{"a":0,"k":100,"ix":5},"r":1,"bm":0,"nm":"Заливка 1","mn":"ADBE Vector Graphic - Fill","hd":false},{"ty":"tr","p":{"a":0,"k":[304.74,187.753],"ix":2},"a":{"a":0,"k":[0,0],"ix":1},"s":{"a":0,"k":[100,100],"ix":3},"r":{"a":0,"k":0,"ix":6},"o":{"a":0,"k":100,"ix":7},"sk":{"a":0,"k":0,"ix":4},"sa":{"a":0,"k":0,"ix":5},"nm":"Преобразовать"}],"nm":"Группа 1","np":4,"cix":2,"bm":0,"ix":1,"mn":"ADBE Vector Group","hd":false},{"ty":"gr","it":[{"ind":0,"ty":"sh","ix":1,"ks":{"a":0,"k":{"i":[[0,0],[-12.518,-6.919],[-4.118,22.238],[9.719,-2.8]],"o":[[0,0],[12.52,6.919],[4.118,-22.238],[-9.72,2.801]],"v":[[-22.938,-8.278],[-14.538,20.879],[22.938,4.818],[-1.441,-24.998]],"c":true},"ix":2},"nm":"Контур 1","mn":"ADBE Vector Shape - Group","hd":false},{"ty":"fl","c":{"a":0,"k":[0.006011137308,0.007010998913,0.012494377061,1],"ix":4},"o":{"a":0,"k":100,"ix":5},"r":1,"bm":0,"nm":"Заливка 1","mn":"ADBE Vector Graphic - Fill","hd":false},{"ty":"tr","p":{"a":0,"k":[302.241,200.63],"ix":2},"a":{"a":0,"k":[0,0],"ix":1},"s":{"a":0,"k":[100,100],"ix":3},"r":{"a":0,"k":0,"ix":6},"o":{"a":0,"k":100,"ix":7},"sk":{"a":0,"k":0,"ix":4},"sa":{"a":0,"k":0,"ix":5},"nm":"Преобразовать"}],"nm":"Группа 2","np":4,"cix":2,"bm":0,"ix":2,"mn":"ADBE Vector Group","hd":false}],"ip":0,"op":180,"st":0,"bm":0}]}],"layers":[{"ddd":0,"ind":1,"ty":0,"nm":"hand1","refId":"comp_0","sr":1,"ks":{"o":{"a":0,"k":100,"ix":11},"r":{"a":1,"k":[{"i":{"x":[0.833],"y":[1]},"o":{"x":[0.167],"y":[0.167]},"t":0,"s":[0]},{"i":{"x":[0.833],"y":[0.833]},"o":{"x":[0.167],"y":[0]},"t":35,"s":[13]},{"t":75,"s":[0]}],"ix":10},"p":{"a":1,"k":[{"i":{"x":0.833,"y":0.844},"o":{"x":0.167,"y":0.167},"t":0,"s":[313,351,0],"to":[-1.833,-0.667,0],"ti":[0,0,0]},{"i":{"x":0.833,"y":0.833},"o":{"x":0.167,"y":0.178},"t":35,"s":[302,347,0],"to":[0,0,0],"ti":[-1.833,-0.667,0]},{"t":75,"s":[313,351,0]}],"ix":2,"l":2},"a":{"a":0,"k":[302,347,0],"ix":1,"l":2},"s":{"a":0,"k":[100,100,100],"ix":6,"l":2}},"ao":0,"w":512,"h":512,"ip":0,"op":180,"st":0,"bm":0},{"ddd":0,"ind":2,"ty":4,"nm":"Кривые feat2","sr":1,"ks":{"o":{"a":0,"k":100,"ix":11},"r":{"a":1,"k":[{"i":{"x":[0.833],"y":[1]},"o":{"x":[0.167],"y":[0.167]},"t":0,"s":[5]},{"i":{"x":[0.833],"y":[0.833]},"o":{"x":[0.167],"y":[0]},"t":35,"s":[0]},{"t":75,"s":[5]}],"ix":10},"p":{"a":0,"k":[309,447,0],"ix":2,"l":2},"a":{"a":0,"k":[309,447,0],"ix":1,"l":2},"s":{"a":1,"k":[{"i":{"x":[0.833,0.833,0.833],"y":[1,1,1]},"o":{"x":[0.167,0.167,0.167],"y":[0,0.167,0]},"t":0,"s":[100,94,100]},{"i":{"x":[0.833,0.833,0.833],"y":[1,0.833,1]},"o":{"x":[0.167,0.167,0.167],"y":[0,0,0]},"t":35,"s":[100,100,100]},{"t":75,"s":[100,94,100]}],"ix":6,"l":2}},"ao":0,"shapes":[{"ty":"gr","it":[{"ind":0,"ty":"sh","ix":1,"ks":{"a":0,"k":{"i":[[1.406,2.109],[5.048,-3.361],[-3.366,-5.049],[-2.173,-3.713],[-6.797,3.254]],"o":[[-3.365,-5.049],[-5.048,3.365],[2.236,3.354],[6.645,-2.74],[-3.795,-6.59]],"v":[[6.522,-8.25],[-8.711,-11.297],[-11.758,3.938],[-5.081,14.658],[15.124,5.674]],"c":true},"ix":2},"nm":"Контур 1","mn":"ADBE Vector Shape - Group","hd":false},{"ty":"fl","c":{"a":0,"k":[0.359015999588,0.758470662435,0.841399607939,1],"ix":4},"o":{"a":0,"k":100,"ix":5},"r":1,"bm":0,"nm":"Заливка 1","mn":"ADBE Vector Graphic - Fill","hd":false},{"ty":"tr","p":{"a":0,"k":[280.678,300.014],"ix":2},"a":{"a":0,"k":[0,0],"ix":1},"s":{"a":0,"k":[100,100],"ix":3},"r":{"a":0,"k":0,"ix":6},"o":{"a":0,"k":100,"ix":7},"sk":{"a":0,"k":0,"ix":4},"sa":{"a":0,"k":0,"ix":5},"nm":"Преобразовать"}],"nm":"Группа 1","np":4,"cix":2,"bm":0,"ix":1,"mn":"ADBE Vector Group","hd":false},{"ty":"gr","it":[{"ind":0,"ty":"sh","ix":1,"ks":{"a":0,"k":{"i":[[0,0],[0,-11.043],[2.526,-6.877],[-29.356,-31.801],[4.459,-4.112],[2.664,0],[2.167,2.347],[-7.476,20.365],[-0.058,1.567],[7.276,12.429]],"o":[[6.93,12.039],[0,5.297],[-7.073,19.275],[4.114,4.459],[-2.111,1.953],[-2.961,0],[-38.461,-41.67],[1.315,-3.583],[0,-5.198],[0,0]],"v":[[1.977,-76.636],[17.174,-36.879],[12.654,-19.271],[25.247,58.199],[24.624,73.722],[17.177,76.636],[9.101,73.103],[-7.97,-26.841],[-4.796,-36.901],[-18.243,-67.675]],"c":true},"ix":2},"nm":"Контур 1","mn":"ADBE Vector Shape - Group","hd":false},{"ty":"fl","c":{"a":0,"k":[0.951118618834,0.180932198319,0.580276908127,1],"ix":4},"o":{"a":0,"k":100,"ix":5},"r":1,"bm":0,"nm":"Заливка 1","mn":"ADBE Vector Graphic - Fill","hd":false},{"ty":"tr","p":{"a":0,"k":[293.843,382.34],"ix":2},"a":{"a":0,"k":[0,0],"ix":1},"s":{"a":0,"k":[100,100],"ix":3},"r":{"a":0,"k":0,"ix":6},"o":{"a":0,"k":100,"ix":7},"sk":{"a":0,"k":0,"ix":4},"sa":{"a":0,"k":0,"ix":5},"nm":"Преобразовать"}],"nm":"Группа 2","np":4,"cix":2,"bm":0,"ix":2,"mn":"ADBE Vector Group","hd":false}],"ip":0,"op":180,"st":0,"bm":0},{"ddd":0,"ind":3,"ty":4,"nm":"Кривые hand2","sr":1,"ks":{"o":{"a":0,"k":100,"ix":11},"r":{"a":1,"k":[{"i":{"x":[0.833],"y":[1]},"o":{"x":[0.167],"y":[0.167]},"t":0,"s":[0]},{"i":{"x":[0.833],"y":[0.833]},"o":{"x":[0.167],"y":[0]},"t":35,"s":[-3]},{"t":75,"s":[0]}],"ix":10},"p":{"a":0,"k":[192,364,0],"ix":2,"l":2},"a":{"a":0,"k":[192,364,0],"ix":1,"l":2},"s":{"a":1,"k":[{"i":{"x":[0.833,0.833,0.833],"y":[1,1,1]},"o":{"x":[0.167,0.167,0.167],"y":[0.167,0,0]},"t":0,"s":[100,100,100]},{"i":{"x":[0.833,0.833,0.833],"y":[0.833,1,1]},"o":{"x":[0.167,0.167,0.167],"y":[0,0,0]},"t":35,"s":[99.7,100,100]},{"t":75,"s":[100,100,100]}],"ix":6,"l":2}},"ao":0,"shapes":[{"ty":"gr","it":[{"ind":0,"ty":"sh","ix":1,"ks":{"a":0,"k":{"i":[[3.529,0],[1.878,1.263],[-3.356,5.036],[-73.121,15.395],[-1.248,-5.94],[5.936,-1.248],[0.274,-0.404]],"o":[[-2.104,0],[-5.018,-3.376],[1.297,-1.945],[5.949,-1.251],[1.25,5.935],[-63.903,13.453],[-2.127,3.136]],"v":[[-49.197,40.777],[-55.305,38.91],[-58.326,23.719],[47.419,-39.526],[60.432,-31.039],[51.947,-18.027],[-40.07,35.942]],"c":true},"ix":2},"nm":"Контур 1","mn":"ADBE Vector Shape - Group","hd":false},{"ty":"fl","c":{"a":0,"k":[0.951118618834,0.180932198319,0.580276908127,1],"ix":4},"o":{"a":0,"k":100,"ix":5},"r":1,"bm":0,"nm":"Заливка 1","mn":"ADBE Vector Graphic - Fill","hd":false},{"ty":"tr","p":{"a":0,"k":[144.157,392.546],"ix":2},"a":{"a":0,"k":[0,0],"ix":1},"s":{"a":0,"k":[100,100],"ix":3},"r":{"a":0,"k":0,"ix":6},"o":{"a":0,"k":100,"ix":7},"sk":{"a":0,"k":0,"ix":4},"sa":{"a":0,"k":0,"ix":5},"nm":"Преобразовать"}],"nm":"Группа 1","np":4,"cix":2,"bm":0,"ix":1,"mn":"ADBE Vector Group","hd":false}],"ip":0,"op":180,"st":0,"bm":0},{"ddd":0,"ind":4,"ty":4,"nm":"Кривые feat1","sr":1,"ks":{"o":{"a":0,"k":100,"ix":11},"r":{"a":0,"k":0,"ix":10},"p":{"a":0,"k":[200,321,0],"ix":2,"l":2},"a":{"a":0,"k":[200,321,0],"ix":1,"l":2},"s":{"a":0,"k":[100,100,100],"ix":6,"l":2}},"ao":0,"shapes":[{"ty":"gr","it":[{"ind":0,"ty":"sh","ix":1,"ks":{"a":0,"k":{"i":[[0.283,0.566],[5.416,-2.621],[-2.559,-5.443],[0.461,-7.385],[-8.741,2.305]],"o":[[-2.689,-5.378],[-5.412,2.624],[0.176,0.374],[5.71,-1.199],[-0.695,-10.044]],"v":[[8.989,-7.593],[-5.599,-12.502],[-10.718,2.12],[-8.634,15.122],[13.277,9.914]],"c":true},"ix":2},"nm":"Контур 1","mn":"ADBE Vector Shape - Group","hd":false},{"ty":"fl","c":{"a":0,"k":[0.359015999588,0.758470662435,0.841399607939,1],"ix":4},"o":{"a":0,"k":100,"ix":5},"r":1,"bm":0,"nm":"Заливка 1","mn":"ADBE Vector Graphic - Fill","hd":false},{"ty":"tr","p":{"a":0,"k":[203.83,324.338],"ix":2},"a":{"a":0,"k":[0,0],"ix":1},"s":{"a":0,"k":[100,100],"ix":3},"r":{"a":0,"k":0,"ix":6},"o":{"a":0,"k":100,"ix":7},"sk":{"a":0,"k":0,"ix":4},"sa":{"a":0,"k":0,"ix":5},"nm":"Преобразовать"}],"nm":"Группа 1","np":4,"cix":2,"bm":0,"ix":1,"mn":"ADBE Vector Group","hd":false},{"ty":"gr","it":[{"ind":0,"ty":"sh","ix":1,"ks":{"a":0,"k":{"i":[[0,0],[6.835,-11.286],[31.801,-43.37],[3.381,0],[1.958,1.438],[-3.587,4.891],[1.361,1.396],[0,0],[0,0],[-0.348,5.541]],"o":[[0.59,8.593],[14.464,19.893],[-2.153,2.931],[-2.255,0],[-4.894,-3.586],[33.972,-46.324],[0,0],[0,0],[5.682,-6.816],[0,0]],"v":[[8.501,-68.771],[0.911,-37.975],[-4.103,64.284],[-12.971,68.771],[-19.458,66.643],[-21.822,51.289],[-20.775,-29.701],[-27.699,-36.792],[-21.402,-44.456],[-13.424,-63.563]],"c":true},"ix":2},"nm":"Контур 1","mn":"ADBE Vector Shape - Group","hd":false},{"ty":"fl","c":{"a":0,"k":[0.951118618834,0.180932198319,0.580276908127,1],"ix":4},"o":{"a":0,"k":100,"ix":5},"r":1,"bm":0,"nm":"Заливка 1","mn":"ADBE Vector Graphic - Fill","hd":false},{"ty":"tr","p":{"a":0,"k":[208.632,403.022],"ix":2},"a":{"a":0,"k":[0,0],"ix":1},"s":{"a":0,"k":[100,100],"ix":3},"r":{"a":0,"k":0,"ix":6},"o":{"a":0,"k":100,"ix":7},"sk":{"a":0,"k":0,"ix":4},"sa":{"a":0,"k":0,"ix":5},"nm":"Преобразовать"}],"nm":"Группа 2","np":4,"cix":2,"bm":0,"ix":2,"mn":"ADBE Vector Group","hd":false}],"ip":0,"op":180,"st":0,"bm":0},{"ddd":0,"ind":5,"ty":0,"nm":"body","refId":"comp_1","sr":1,"ks":{"o":{"a":0,"k":100,"ix":11},"r":{"a":1,"k":[{"i":{"x":[0.833],"y":[1]},"o":{"x":[0.167],"y":[0.167]},"t":0,"s":[7]},{"i":{"x":[0.833],"y":[0.833]},"o":{"x":[0.167],"y":[0]},"t":35,"s":[0]},{"t":75,"s":[7]}],"ix":10},"p":{"a":0,"k":[206,331,0],"ix":2,"l":2},"a":{"a":0,"k":[206,331,0],"ix":1,"l":2},"s":{"a":0,"k":[100,100,100],"ix":6,"l":2}},"ao":0,"w":512,"h":512,"ip":0,"op":180,"st":0,"bm":0}],"tgs":1}