{"v":"5.5.7","meta":{"g":"LottieFiles AE 0.1.20","a":"","k":"","d":"","tc":""},"fr":29.9700012207031,"ip":0,"op":150.000006109625,"w":1600,"h":1200,"nm":"Walk Scene","ddd":0,"assets":[{"id":"comp_0","layers":[{"ddd":0,"ind":1,"ty":0,"nm":"Walk 1 Sec Cycle","refId":"comp_1","sr":1,"ks":{"o":{"a":0,"k":100,"ix":11},"r":{"a":0,"k":0,"ix":10},"p":{"a":0,"k":[800,600,0],"ix":2},"a":{"a":0,"k":[800,600,0],"ix":1},"s":{"a":0,"k":[100,100,100],"ix":6}},"ao":0,"w":1600,"h":1200,"ip":120.0000048877,"op":150.000006109625,"st":120.0000048877,"bm":0},{"ddd":0,"ind":2,"ty":0,"nm":"Walk 1 Sec Cycle","refId":"comp_1","sr":1,"ks":{"o":{"a":0,"k":100,"ix":11},"r":{"a":0,"k":0,"ix":10},"p":{"a":0,"k":[800,600,0],"ix":2},"a":{"a":0,"k":[800,600,0],"ix":1},"s":{"a":0,"k":[100,100,100],"ix":6}},"ao":0,"w":1600,"h":1200,"ip":90.0000036657751,"op":120.0000048877,"st":90.0000036657751,"bm":0},{"ddd":0,"ind":3,"ty":0,"nm":"Walk 1 Sec Cycle","refId":"comp_1","sr":1,"ks":{"o":{"a":0,"k":100,"ix":11},"r":{"a":0,"k":0,"ix":10},"p":{"a":0,"k":[800,600,0],"ix":2},"a":{"a":0,"k":[800,600,0],"ix":1},"s":{"a":0,"k":[100,100,100],"ix":6}},"ao":0,"w":1600,"h":1200,"ip":60.0000024438501,"op":90.0000036657752,"st":60.0000024438501,"bm":0},{"ddd":0,"ind":4,"ty":0,"nm":"Walk 1 Sec Cycle","refId":"comp_1","sr":1,"ks":{"o":{"a":0,"k":100,"ix":11},"r":{"a":0,"k":0,"ix":10},"p":{"a":0,"k":[800,600,0],"ix":2},"a":{"a":0,"k":[800,600,0],"ix":1},"s":{"a":0,"k":[100,100,100],"ix":6}},"ao":0,"w":1600,"h":1200,"ip":30.0000012219251,"op":60.0000024438501,"st":30.0000012219251,"bm":0},{"ddd":0,"ind":5,"ty":0,"nm":"Walk 1 Sec Cycle","refId":"comp_1","sr":1,"ks":{"o":{"a":0,"k":100,"ix":11},"r":{"a":0,"k":0,"ix":10},"p":{"a":0,"k":[800,600,0],"ix":2},"a":{"a":0,"k":[800,600,0],"ix":1},"s":{"a":0,"k":[100,100,100],"ix":6}},"ao":0,"w":1600,"h":1200,"ip":0,"op":30.0000012219251,"st":0,"bm":0}]},{"id":"comp_1","layers":[{"ddd":0,"ind":1,"ty":3,"nm":"Null 4","sr":1,"ks":{"o":{"a":0,"k":0,"ix":11},"r":{"a":0,"k":0,"ix":10},"p":{"a":0,"k":[960,600,0],"ix":2},"a":{"a":0,"k":[0,0,0],"ix":1},"s":{"a":0,"k":[100,100,100],"ix":6}},"ao":0,"ip":0,"op":30.0000012219251,"st":0,"bm":0},{"ddd":0,"ind":2,"ty":4,"nm":"Dog","parent":1,"sr":1,"ks":{"o":{"a":0,"k":100,"ix":11},"r":{"a":0,"k":0,"ix":10},"p":{"a":1,"k":[{"i":{"x":0.75,"y":1},"o":{"x":0.25,"y":0},"t":0,"s":[129.925,356,0],"to":[0,-1.667,0],"ti":[0,0,0]},{"i":{"x":0.75,"y":1},"o":{"x":0.25,"y":0},"t":3,"s":[129.925,346,0],"to":[0,0,0],"ti":[0,0,0]},{"i":{"x":0.75,"y":1},"o":{"x":0.25,"y":0},"t":7,"s":[129.925,356,0],"to":[0,0,0],"ti":[0,0,0]},{"i":{"x":0.75,"y":1},"o":{"x":0.25,"y":0},"t":11,"s":[129.925,346,0],"to":[0,0,0],"ti":[0,0,0]},{"i":{"x":0.75,"y":1},"o":{"x":0.25,"y":0},"t":15,"s":[129.925,356,0],"to":[0,0,0],"ti":[0,0,0]},{"i":{"x":0.75,"y":1},"o":{"x":0.25,"y":0},"t":19,"s":[129.925,346,0],"to":[0,0,0],"ti":[0,0,0]},{"i":{"x":0.75,"y":1},"o":{"x":0.25,"y":0},"t":22.881,"s":[129.925,356,0],"to":[0,0,0],"ti":[0,0,0]},{"i":{"x":0.75,"y":1},"o":{"x":0.25,"y":0},"t":26,"s":[129.925,346,0],"to":[0,0,0],"ti":[0,-1.667,0]},{"t":30.0000012219251,"s":[129.925,356,0]}],"ix":2},"a":{"a":0,"k":[129.925,318,0],"ix":1},"s":{"a":0,"k":[100,100,100],"ix":6}},"ao":0,"shapes":[{"ty":"gr","it":[{"ind":0,"ty":"sh","ix":1,"ks":{"a":1,"k":[{"i":{"x":0.833,"y":0.833},"o":{"x":0.167,"y":0.167},"t":0,"s":[{"i":[[0,0],[-179,-47.5]],"o":[[0,0],[152.861,40.564]],"v":[[-146.5,-14],[126,145.5]],"c":false}]},{"i":{"x":0.833,"y":0.833},"o":{"x":0.167,"y":0.167},"t":4.068,"s":[{"i":[[0,0],[-155.467,-65.833]],"o":[[0,0],[138.9,69.423]],"v":[[-143.9,-24.867],[126.467,145.333]],"c":false}]},{"i":{"x":0.833,"y":0.833},"o":{"x":0.167,"y":0.167},"t":7.628,"s":[{"i":[[0,0],[-147.5,-83]],"o":[[0,0],[137.829,77.558]],"v":[[-143.5,-55],[127.5,145]],"c":false}]},{"i":{"x":0.833,"y":0.833},"o":{"x":0.167,"y":0.167},"t":11.695,"s":[{"i":[[0,0],[-154.967,-70.733]],"o":[[0,0],[143.387,65.569]],"v":[[-152.033,-16.333],[122.167,146.6]],"c":false}]},{"i":{"x":0.833,"y":0.833},"o":{"x":0.167,"y":0.167},"t":15.254,"s":[{"i":[[0,0],[-167.5,-49.5]],"o":[[0,0],[151.667,44.821]],"v":[[-159.5,-5],[126,146.5]],"c":false}]},{"i":{"x":0.833,"y":0.833},"o":{"x":0.167,"y":0.167},"t":19.323,"s":[{"i":[[0,0],[-151.75,-67.25]],"o":[[0,0],[142.325,63.073]],"v":[[-151.5,-30],[123.75,148.25]],"c":false}]},{"i":{"x":0.833,"y":0.833},"o":{"x":0.167,"y":0.167},"t":23.39,"s":[{"i":[[0,0],[-161,-82.91]],"o":[[0,0],[140.603,72.406]],"v":[[-146.5,-60],[125,146.5]],"c":false}]},{"i":{"x":0.833,"y":0.833},"o":{"x":0.167,"y":0.167},"t":26.949,"s":[{"i":[[0,0],[-161.962,-63.308]],"o":[[0,0],[147.005,57.461]],"v":[[-146.5,-28.231],[125.962,147.308]],"c":false}]},{"t":30.0000012219251,"s":[{"i":[[0,0],[-179,-47.5]],"o":[[0,0],[152.861,40.564]],"v":[[-146.5,-14],[126,145.5]],"c":false}]}],"ix":2},"nm":"Path 1","mn":"ADBE Vector Shape - Group","hd":false},{"ty":"st","c":{"a":0,"k":[1,0.764705942191,0.333333333333,1],"ix":3},"o":{"a":0,"k":100,"ix":4},"w":{"a":0,"k":5,"ix":5},"lc":1,"lj":1,"ml":4,"bm":0,"nm":"Stroke 1","mn":"ADBE Vector Graphic - Stroke","hd":false},{"ty":"tr","p":{"a":0,"k":[0,0],"ix":2},"a":{"a":0,"k":[0,0],"ix":1},"s":{"a":0,"k":[100,100],"ix":3},"r":{"a":0,"k":0,"ix":6},"o":{"a":0,"k":100,"ix":7},"sk":{"a":0,"k":0,"ix":4},"sa":{"a":0,"k":0,"ix":5},"nm":"Transform"}],"nm":"Rope","np":3,"cix":2,"bm":0,"ix":1,"mn":"ADBE Vector Group","hd":false},{"ty":"gr","it":[{"d":1,"ty":"el","s":{"a":0,"k":[16,16],"ix":2},"p":{"a":0,"k":[0,0],"ix":3},"nm":"Ellipse Path 1","mn":"ADBE Vector Shape - Ellipse","hd":false},{"ty":"fl","c":{"a":0,"k":[0.337254901961,0.337254901961,0.337254901961,1],"ix":4},"o":{"a":0,"k":100,"ix":5},"r":1,"bm":0,"nm":"Fill 1","mn":"ADBE Vector Graphic - Fill","hd":false},{"ty":"tr","p":{"a":0,"k":[260,129],"ix":2},"a":{"a":0,"k":[0,0],"ix":1},"s":{"a":0,"k":[214.449,214.449],"ix":3},"r":{"a":0,"k":0,"ix":6},"o":{"a":0,"k":100,"ix":7},"sk":{"a":0,"k":0,"ix":4},"sa":{"a":0,"k":0,"ix":5},"nm":"Transform"}],"nm":"Nose","np":3,"cix":2,"bm":0,"ix":2,"mn":"ADBE Vector Group","hd":false},{"ty":"gr","it":[{"ind":0,"ty":"sh","ix":1,"ks":{"a":1,"k":[{"i":{"x":0.75,"y":1},"o":{"x":0.25,"y":0},"t":0,"s":[{"i":[[0,0],[-47,-31]],"o":[[0,0],[0,1]],"v":[[170,132],[205,221]],"c":false}]},{"i":{"x":0.75,"y":1},"o":{"x":0.25,"y":0},"t":4.068,"s":[{"i":[[0,0],[6,-41]],"o":[[0,0],[0,1]],"v":[[170,132],[165,223]],"c":false}]},{"i":{"x":0.75,"y":1},"o":{"x":0.25,"y":0},"t":7.628,"s":[{"i":[[0,0],[44,-25]],"o":[[0,0],[0,1]],"v":[[170,132],[125,221]],"c":false}]},{"i":{"x":0.75,"y":1},"o":{"x":0.25,"y":0},"t":11.695,"s":[{"i":[[0,0],[6,-41]],"o":[[0,0],[0,1]],"v":[[170,132],[165,223]],"c":false}]},{"i":{"x":0.75,"y":1},"o":{"x":0.25,"y":0},"t":15.254,"s":[{"i":[[0,0],[-47,-31]],"o":[[0,0],[0,1]],"v":[[170,132],[205,221]],"c":false}]},{"i":{"x":0.75,"y":1},"o":{"x":0.25,"y":0},"t":19.323,"s":[{"i":[[0,0],[6,-41]],"o":[[0,0],[0,1]],"v":[[170,132],[165,223]],"c":false}]},{"i":{"x":0.75,"y":1},"o":{"x":0.25,"y":0},"t":22.881,"s":[{"i":[[0,0],[44,-25]],"o":[[0,0],[0,1]],"v":[[170,132],[125,221]],"c":false}]},{"i":{"x":0.75,"y":1},"o":{"x":0.25,"y":0},"t":26.949,"s":[{"i":[[0,0],[6,-41]],"o":[[0,0],[0,1]],"v":[[170,132],[165,223]],"c":false}]},{"t":30.0000012219251,"s":[{"i":[[0,0],[-47,-31]],"o":[[0,0],[0,1]],"v":[[170,132],[205,221]],"c":false}]}],"ix":2},"nm":"Path 1","mn":"ADBE Vector Shape - Group","hd":false},{"ty":"st","c":{"a":0,"k":[0.854901960784,0.854901960784,0.854901960784,1],"ix":3},"o":{"a":0,"k":100,"ix":4},"w":{"a":0,"k":51,"ix":5},"lc":2,"lj":1,"ml":4,"bm":0,"nm":"Stroke 1","mn":"ADBE Vector Graphic - Stroke","hd":false},{"ty":"tr","p":{"a":0,"k":[0,0],"ix":2},"a":{"a":0,"k":[0,0],"ix":1},"s":{"a":0,"k":[100,100],"ix":3},"r":{"a":0,"k":0,"ix":6},"o":{"a":0,"k":100,"ix":7},"sk":{"a":0,"k":0,"ix":4},"sa":{"a":0,"k":0,"ix":5},"nm":"Transform"}],"nm":"Ear","np":3,"cix":2,"bm":0,"ix":3,"mn":"ADBE Vector Group","hd":false},{"ty":"gr","it":[{"d":1,"ty":"el","s":{"a":1,"k":[{"i":{"x":[0.833,0.833],"y":[0.833,0.833]},"o":{"x":[0.167,0.167],"y":[0.167,0.167]},"t":5.085,"s":[16,16]},{"i":{"x":[0.833,0.833],"y":[0.833,0.833]},"o":{"x":[0.167,0.167],"y":[0.167,0.167]},"t":6.101,"s":[16,2]},{"i":{"x":[0.833,0.833],"y":[0.833,0.833]},"o":{"x":[0.167,0.167],"y":[0.167,0.167]},"t":7.119,"s":[16,16]},{"i":{"x":[0.833,0.833],"y":[0.833,0.833]},"o":{"x":[0.167,0.167],"y":[0.167,0.167]},"t":18.814,"s":[16,16]},{"i":{"x":[0.833,0.833],"y":[0.833,0.833]},"o":{"x":[0.167,0.167],"y":[0.167,0.167]},"t":19.323,"s":[16,2]},{"t":20.3387508284143,"s":[16,16]}],"ix":2},"p":{"a":0,"k":[0,0],"ix":3},"nm":"Ellipse Path 1","mn":"ADBE Vector Shape - Ellipse","hd":false},{"ty":"fl","c":{"a":0,"k":[0.337254901961,0.337254901961,0.337254901961,1],"ix":4},"o":{"a":0,"k":100,"ix":5},"r":1,"bm":0,"nm":"Fill 1","mn":"ADBE Vector Graphic - Fill","hd":false},{"ty":"tr","p":{"a":0,"k":[200.5,137],"ix":2},"a":{"a":0,"k":[0,0],"ix":1},"s":{"a":0,"k":[64.186,64.186],"ix":3},"r":{"a":0,"k":0,"ix":6},"o":{"a":0,"k":100,"ix":7},"sk":{"a":0,"k":0,"ix":4},"sa":{"a":0,"k":0,"ix":5},"nm":"Transform"}],"nm":"Eyes","np":3,"cix":2,"bm":0,"ix":4,"mn":"ADBE Vector Group","hd":false},{"ty":"gr","it":[{"ind":0,"ty":"sh","ix":1,"ks":{"a":1,"k":[{"i":{"x":0.667,"y":1},"o":{"x":0.333,"y":0},"t":0,"s":[{"i":[[0.5,0],[0,0]],"o":[[-2.5,-6.5],[0,0]],"v":[[231,178],[234.5,165]],"c":false}]},{"i":{"x":0.667,"y":1},"o":{"x":0.333,"y":0},"t":5,"s":[{"i":[[0.5,0],[0,0]],"o":[[-10,-3.461],[0,0]],"v":[[243,180],[234.5,165]],"c":false}]},{"i":{"x":0.667,"y":1},"o":{"x":0.333,"y":0},"t":10,"s":[{"i":[[0.5,0],[0,0]],"o":[[-2.5,-6.5],[0,0]],"v":[[231,178],[234.5,165]],"c":false}]},{"i":{"x":0.667,"y":1},"o":{"x":0.333,"y":0},"t":15,"s":[{"i":[[0.5,0],[0,0]],"o":[[-10,-3.461],[0,0]],"v":[[243,180],[234.5,165]],"c":false}]},{"i":{"x":0.667,"y":1},"o":{"x":0.333,"y":0},"t":20,"s":[{"i":[[0.5,0],[0,0]],"o":[[-2.5,-6.5],[0,0]],"v":[[231,178],[234.5,165]],"c":false}]},{"i":{"x":0.667,"y":1},"o":{"x":0.333,"y":0},"t":25,"s":[{"i":[[0.5,0],[0,0]],"o":[[-10,-3.461],[0,0]],"v":[[243,180],[234.5,165]],"c":false}]},{"t":29.0000011811942,"s":[{"i":[[0.5,0],[0,0]],"o":[[-2.5,-6.5],[0,0]],"v":[[231,178],[234.5,165]],"c":false}]}],"ix":2},"nm":"Path 1","mn":"ADBE Vector Shape - Group","hd":false},{"ty":"st","c":{"a":0,"k":[0.886274569642,0.886274569642,0.886274569642,1],"ix":3},"o":{"a":0,"k":100,"ix":4},"w":{"a":0,"k":55,"ix":5},"lc":2,"lj":2,"bm":0,"nm":"Stroke 1","mn":"ADBE Vector Graphic - Stroke","hd":false},{"ty":"tr","p":{"a":0,"k":[0,0],"ix":2},"a":{"a":0,"k":[0,0],"ix":1},"s":{"a":0,"k":[100,100],"ix":3},"r":{"a":0,"k":0,"ix":6},"o":{"a":0,"k":100,"ix":7},"sk":{"a":0,"k":0,"ix":4},"sa":{"a":0,"k":0,"ix":5},"nm":"Transform"}],"nm":"Gaal F","np":3,"cix":2,"bm":0,"ix":5,"mn":"ADBE Vector Group","hd":false},{"ty":"gr","it":[{"ind":0,"ty":"sh","ix":1,"ks":{"a":0,"k":{"i":[[-4.129,-46.8],[-66.5,16.5]],"o":[[3.75,42.502],[50.665,-12.571]],"v":[[126,143.248],[236.75,205.998]],"c":false},"ix":2},"nm":"Path 1","mn":"ADBE Vector Shape - Group","hd":false},{"ty":"st","c":{"a":0,"k":[1,0.764705942191,0.333333333333,1],"ix":3},"o":{"a":0,"k":100,"ix":4},"w":{"a":0,"k":15,"ix":5},"lc":1,"lj":1,"ml":4,"bm":0,"nm":"Stroke 1","mn":"ADBE Vector Graphic - Stroke","hd":false},{"ty":"tr","p":{"a":0,"k":[0,0],"ix":2},"a":{"a":0,"k":[0,0],"ix":1},"s":{"a":0,"k":[100,100],"ix":3},"r":{"a":0,"k":0,"ix":6},"o":{"a":0,"k":100,"ix":7},"sk":{"a":0,"k":0,"ix":4},"sa":{"a":0,"k":0,"ix":5},"nm":"Transform"}],"nm":"belt","np":3,"cix":2,"bm":0,"ix":6,"mn":"ADBE Vector Group","hd":false},{"ty":"gr","it":[{"ind":0,"ty":"sh","ix":1,"ks":{"a":0,"k":{"i":[[0,0],[0,0],[0,0]],"o":[[0,0],[0,0],[0,0]],"v":[[222,150],[188,140],[160,222]],"c":false},"ix":2},"nm":"Path 1","mn":"ADBE Vector Shape - Group","hd":false},{"ty":"st","c":{"a":0,"k":[0.949019667682,0.949019667682,0.949019667682,1],"ix":3},"o":{"a":0,"k":100,"ix":4},"w":{"a":0,"k":100,"ix":5},"lc":2,"lj":2,"bm":0,"nm":"Stroke 1","mn":"ADBE Vector Graphic - Stroke","hd":false},{"ty":"tr","p":{"a":0,"k":[0,0],"ix":2},"a":{"a":0,"k":[0,0],"ix":1},"s":{"a":0,"k":[100,100],"ix":3},"r":{"a":0,"k":0,"ix":6},"o":{"a":0,"k":100,"ix":7},"sk":{"a":0,"k":0,"ix":4},"sa":{"a":0,"k":0,"ix":5},"nm":"Transform"}],"nm":"Face","np":3,"cix":2,"bm":0,"ix":7,"mn":"ADBE Vector Group","hd":false},{"ty":"gr","it":[{"ind":0,"ty":"sh","ix":1,"ks":{"a":1,"k":[{"i":{"x":0.667,"y":1},"o":{"x":0.333,"y":0},"t":0,"s":[{"i":[[0,0.489],[0,0]],"o":[[-5.5,-11.011],[0,0]],"v":[[245,176],[246.5,158]],"c":false}]},{"i":{"x":0.667,"y":1},"o":{"x":0.333,"y":0},"t":5,"s":[{"i":[[0,0.489],[0,0]],"o":[[-9.5,-6.961],[0,0]],"v":[[253,175],[246.5,158]],"c":false}]},{"i":{"x":0.667,"y":1},"o":{"x":0.333,"y":0},"t":10,"s":[{"i":[[0,0.489],[0,0]],"o":[[-5.5,-11.011],[0,0]],"v":[[245,176],[246.5,158]],"c":false}]},{"i":{"x":0.667,"y":1},"o":{"x":0.333,"y":0},"t":15,"s":[{"i":[[0,0.489],[0,0]],"o":[[-9.5,-6.961],[0,0]],"v":[[253,175],[246.5,158]],"c":false}]},{"i":{"x":0.667,"y":1},"o":{"x":0.333,"y":0},"t":20,"s":[{"i":[[0,0.489],[0,0]],"o":[[-5.5,-11.011],[0,0]],"v":[[245,176],[246.5,158]],"c":false}]},{"i":{"x":0.667,"y":1},"o":{"x":0.333,"y":0},"t":25,"s":[{"i":[[0,0.489],[0,0]],"o":[[-9.5,-6.961],[0,0]],"v":[[253,175],[246.5,158]],"c":false}]},{"t":29.0000011811942,"s":[{"i":[[0,0.489],[0,0]],"o":[[-5.5,-11.011],[0,0]],"v":[[245,176],[246.5,158]],"c":false}]}],"ix":2},"nm":"Path 1","mn":"ADBE Vector Shape - Group","hd":false},{"ty":"st","c":{"a":0,"k":[0.78431372549,0.78431372549,0.78431372549,1],"ix":3},"o":{"a":0,"k":100,"ix":4},"w":{"a":0,"k":55,"ix":5},"lc":2,"lj":2,"bm":0,"nm":"Stroke 1","mn":"ADBE Vector Graphic - Stroke","hd":false},{"ty":"tr","p":{"a":0,"k":[0,0],"ix":2},"a":{"a":0,"k":[0,0],"ix":1},"s":{"a":0,"k":[100,100],"ix":3},"r":{"a":0,"k":0,"ix":6},"o":{"a":0,"k":100,"ix":7},"sk":{"a":0,"k":0,"ix":4},"sa":{"a":0,"k":0,"ix":5},"nm":"Transform"}],"nm":"Gaal B","np":3,"cix":2,"bm":0,"ix":8,"mn":"ADBE Vector Group","hd":false},{"ty":"gr","it":[{"ind":0,"ty":"sh","ix":1,"ks":{"a":1,"k":[{"i":{"x":0.75,"y":1},"o":{"x":0.25,"y":0},"t":0,"s":[{"i":[[0,0],[8,-36]],"o":[[0,0],[0,-1]],"v":[[18,247],[40,318]],"c":false}]},{"i":{"x":0.75,"y":1},"o":{"x":0.25,"y":0},"t":4.068,"s":[{"i":[[0,0],[0,-35]],"o":[[0,0],[0,-1]],"v":[[18,247],[15,328]],"c":false}]},{"i":{"x":0.833,"y":0.833},"o":{"x":0.25,"y":0},"t":7.628,"s":[{"i":[[0,0],[19,-27]],"o":[[0,0],[0,-1]],"v":[[18,247],[-13,318]],"c":false}]},{"i":{"x":0.75,"y":1},"o":{"x":0.167,"y":0.167},"t":12,"s":[{"i":[[0,0],[22.906,-36.012]],"o":[[0,0],[0,-1]],"v":[[18,247],[11.094,308.105]],"c":false}]},{"i":{"x":0.75,"y":1},"o":{"x":0.25,"y":0},"t":15.254,"s":[{"i":[[0,0],[8,-36]],"o":[[0,0],[0,-1]],"v":[[18,247],[40,318]],"c":false}]},{"i":{"x":0.75,"y":1},"o":{"x":0.25,"y":0},"t":19.323,"s":[{"i":[[0,0],[0,-35]],"o":[[0,0],[0,-1]],"v":[[18,247],[15,328]],"c":false}]},{"i":{"x":0.833,"y":0.833},"o":{"x":0.25,"y":0},"t":22.881,"s":[{"i":[[0,0],[19,-27]],"o":[[0,0],[0,-1]],"v":[[18,247],[-13,318]],"c":false}]},{"i":{"x":0.75,"y":1},"o":{"x":0.167,"y":0.167},"t":26,"s":[{"i":[[0,0],[22.906,-36.012]],"o":[[0,0],[0,-1]],"v":[[18,247],[11.094,308.105]],"c":false}]},{"t":30.0000012219251,"s":[{"i":[[0,0],[8,-36]],"o":[[0,0],[0,-1]],"v":[[18,247],[40,318]],"c":false}]}],"ix":2},"nm":"Path 1","mn":"ADBE Vector Shape - Group","hd":false},{"ind":1,"ty":"sh","ix":2,"ks":{"a":1,"k":[{"i":{"x":0.75,"y":1},"o":{"x":0.25,"y":0},"t":0,"s":[{"i":[[0,0],[0,-36]],"o":[[0,0],[0,-1]],"v":[[171,247],[200,318]],"c":false}]},{"i":{"x":0.75,"y":1},"o":{"x":0.25,"y":0},"t":4.068,"s":[{"i":[[0,0],[0,-36]],"o":[[0,0],[0,-1]],"v":[[171,247],[169,329]],"c":false}]},{"i":{"x":0.833,"y":0.833},"o":{"x":0.25,"y":0},"t":7.628,"s":[{"i":[[0,0],[10,-30]],"o":[[0,0],[0,-1]],"v":[[171,247],[147,318]],"c":false}]},{"i":{"x":0.75,"y":1},"o":{"x":0.167,"y":0.167},"t":12,"s":[{"i":[[0,0],[17.569,-27.623]],"o":[[0,0],[0,-1]],"v":[[171,247],[158.431,305.715]],"c":false}]},{"i":{"x":0.75,"y":1},"o":{"x":0.25,"y":0},"t":15.254,"s":[{"i":[[0,0],[0,-36]],"o":[[0,0],[0,-1]],"v":[[171,247],[200,318]],"c":false}]},{"i":{"x":0.75,"y":1},"o":{"x":0.25,"y":0},"t":19.323,"s":[{"i":[[0,0],[0,-36]],"o":[[0,0],[0,-1]],"v":[[171,247],[169,329]],"c":false}]},{"i":{"x":0.833,"y":0.833},"o":{"x":0.25,"y":0},"t":22.881,"s":[{"i":[[0,0],[10,-30]],"o":[[0,0],[0,-1]],"v":[[171,247],[147,318]],"c":false}]},{"i":{"x":0.75,"y":1},"o":{"x":0.167,"y":0.167},"t":26,"s":[{"i":[[0,0],[17.569,-27.623]],"o":[[0,0],[0,-1]],"v":[[171,247],[158.431,305.715]],"c":false}]},{"t":30.0000012219251,"s":[{"i":[[0,0],[0,-36]],"o":[[0,0],[0,-1]],"v":[[171,247],[200,318]],"c":false}]}],"ix":2},"nm":"Path 2","mn":"ADBE Vector Shape - Group","hd":false},{"ty":"st","c":{"a":0,"k":[0.949019667682,0.949019667682,0.949019667682,1],"ix":3},"o":{"a":0,"k":100,"ix":4},"w":{"a":0,"k":45,"ix":5},"lc":2,"lj":1,"ml":4,"bm":0,"nm":"Stroke 1","mn":"ADBE Vector Graphic - Stroke","hd":false},{"ty":"tr","p":{"a":0,"k":[0,0],"ix":2},"a":{"a":0,"k":[0,0],"ix":1},"s":{"a":0,"k":[100,100],"ix":3},"r":{"a":0,"k":0,"ix":6},"o":{"a":0,"k":100,"ix":7},"sk":{"a":0,"k":0,"ix":4},"sa":{"a":0,"k":0,"ix":5},"nm":"Transform"}],"nm":"F Legs","np":4,"cix":2,"bm":0,"ix":9,"mn":"ADBE Vector Group","hd":false},{"ty":"gr","it":[{"ind":0,"ty":"sh","ix":1,"ks":{"a":0,"k":{"i":[[0,0],[0,0]],"o":[[0,0],[0,0]],"v":[[54,222],[160,222]],"c":false},"ix":2},"nm":"Path 1","mn":"ADBE Vector Shape - Group","hd":false},{"ty":"st","c":{"a":0,"k":[0.949019667682,0.949019667682,0.949019667682,1],"ix":3},"o":{"a":0,"k":100,"ix":4},"w":{"a":0,"k":156,"ix":5},"lc":2,"lj":1,"ml":4,"bm":0,"nm":"Stroke 1","mn":"ADBE Vector Graphic - Stroke","hd":false},{"ty":"tr","p":{"a":0,"k":[0,0],"ix":2},"a":{"a":0,"k":[0,0],"ix":1},"s":{"a":0,"k":[100,100],"ix":3},"r":{"a":0,"k":0,"ix":6},"o":{"a":0,"k":100,"ix":7},"sk":{"a":0,"k":0,"ix":4},"sa":{"a":0,"k":0,"ix":5},"nm":"Transform"}],"nm":"Body","np":3,"cix":2,"bm":0,"ix":10,"mn":"ADBE Vector Group","hd":false},{"ty":"gr","it":[{"ind":0,"ty":"sh","ix":1,"ks":{"a":1,"k":[{"i":{"x":0.75,"y":1},"o":{"x":0.25,"y":0},"t":0,"s":[{"i":[[0,0],[19,-27]],"o":[[0,0],[0,-1]],"v":[[18,247],[-13,318]],"c":false}]},{"i":{"x":0.75,"y":1},"o":{"x":0.25,"y":0},"t":4,"s":[{"i":[[0,0],[40,-14.011]],"o":[[0,0],[0,-1]],"v":[[18,247],[0,306]],"c":false}]},{"i":{"x":0.75,"y":1},"o":{"x":0.25,"y":0},"t":7.628,"s":[{"i":[[0,0],[8,-36]],"o":[[0,0],[0,-1]],"v":[[18,247],[40,318]],"c":false}]},{"i":{"x":0.75,"y":1},"o":{"x":0.25,"y":0},"t":11.695,"s":[{"i":[[0,0],[0,-35]],"o":[[0,0],[0,-1]],"v":[[18,247],[15,328]],"c":false}]},{"i":{"x":0.75,"y":1},"o":{"x":0.25,"y":0},"t":15.254,"s":[{"i":[[0,0],[19,-27]],"o":[[0,0],[0,-1]],"v":[[18,247],[-13,318]],"c":false}]},{"i":{"x":0.75,"y":1},"o":{"x":0.25,"y":0},"t":19,"s":[{"i":[[0,0],[40,-14.011]],"o":[[0,0],[0,-1]],"v":[[18,247],[0,306]],"c":false}]},{"i":{"x":0.75,"y":1},"o":{"x":0.25,"y":0},"t":22.881,"s":[{"i":[[0,0],[8,-36]],"o":[[0,0],[0,-1]],"v":[[18,247],[40,318]],"c":false}]},{"i":{"x":0.75,"y":1},"o":{"x":0.25,"y":0},"t":26.949,"s":[{"i":[[0,0],[0,-35]],"o":[[0,0],[0,-1]],"v":[[18,247],[15,328]],"c":false}]},{"t":30.0000012219251,"s":[{"i":[[0,0],[19,-27]],"o":[[0,0],[0,-1]],"v":[[18,247],[-13,318]],"c":false}]}],"ix":2},"nm":"Path 1","mn":"ADBE Vector Shape - Group","hd":false},{"ind":1,"ty":"sh","ix":2,"ks":{"a":1,"k":[{"i":{"x":0.75,"y":1},"o":{"x":0.25,"y":0},"t":0,"s":[{"i":[[0,0],[10,-30]],"o":[[0,0],[0,-1]],"v":[[171,247],[147,318]],"c":false}]},{"i":{"x":0.75,"y":1},"o":{"x":0.25,"y":0},"t":4,"s":[{"i":[[0,0],[50,-19.011]],"o":[[0,0],[0,-1]],"v":[[171,247],[120,309]],"c":false}]},{"i":{"x":0.75,"y":1},"o":{"x":0.25,"y":0},"t":7.628,"s":[{"i":[[0,0],[0,-36]],"o":[[0,0],[0,-1]],"v":[[171,247],[200,318]],"c":false}]},{"i":{"x":0.75,"y":1},"o":{"x":0.25,"y":0},"t":11.695,"s":[{"i":[[0,0],[0,-36]],"o":[[0,0],[0,-1]],"v":[[171,247],[169,329]],"c":false}]},{"i":{"x":0.75,"y":1},"o":{"x":0.25,"y":0},"t":15.254,"s":[{"i":[[0,0],[10,-30]],"o":[[0,0],[0,-1]],"v":[[171,247],[147,318]],"c":false}]},{"i":{"x":0.75,"y":1},"o":{"x":0.25,"y":0},"t":19,"s":[{"i":[[0,0],[50,-19.011]],"o":[[0,0],[0,-1]],"v":[[171,247],[120,309]],"c":false}]},{"i":{"x":0.75,"y":1},"o":{"x":0.25,"y":0},"t":22.881,"s":[{"i":[[0,0],[0,-36]],"o":[[0,0],[0,-1]],"v":[[171,247],[200,318]],"c":false}]},{"i":{"x":0.75,"y":1},"o":{"x":0.25,"y":0},"t":26.949,"s":[{"i":[[0,0],[0,-36]],"o":[[0,0],[0,-1]],"v":[[171,247],[169,329]],"c":false}]},{"t":30.0000012219251,"s":[{"i":[[0,0],[10,-30]],"o":[[0,0],[0,-1]],"v":[[171,247],[147,318]],"c":false}]}],"ix":2},"nm":"Path 2","mn":"ADBE Vector Shape - Group","hd":false},{"ty":"st","c":{"a":0,"k":[0.854901960784,0.854901960784,0.854901960784,1],"ix":3},"o":{"a":0,"k":100,"ix":4},"w":{"a":0,"k":45,"ix":5},"lc":2,"lj":1,"ml":4,"bm":0,"nm":"Stroke 1","mn":"ADBE Vector Graphic - Stroke","hd":false},{"ty":"tr","p":{"a":0,"k":[30,-10],"ix":2},"a":{"a":0,"k":[0,0],"ix":1},"s":{"a":0,"k":[100,100],"ix":3},"r":{"a":0,"k":0,"ix":6},"o":{"a":0,"k":100,"ix":7},"sk":{"a":0,"k":0,"ix":4},"sa":{"a":0,"k":0,"ix":5},"nm":"Transform"}],"nm":"B Legs","np":4,"cix":2,"bm":0,"ix":11,"mn":"ADBE Vector Group","hd":false},{"ty":"gr","it":[{"ind":0,"ty":"sh","ix":1,"ks":{"a":1,"k":[{"i":{"x":0.833,"y":0.833},"o":{"x":0.167,"y":0.167},"t":0,"s":[{"i":[[0,0],[-3,36]],"o":[[0,0],[0,-1]],"v":[[0,192],[-17,118]],"c":false}]},{"i":{"x":0.833,"y":0.833},"o":{"x":0.167,"y":0.167},"t":4.068,"s":[{"i":[[0,0],[33,12]],"o":[[0,0],[0,-1]],"v":[[0,192],[-49,136]],"c":false}]},{"i":{"x":0.833,"y":0.833},"o":{"x":0.167,"y":0.167},"t":7.628,"s":[{"i":[[0,0],[-3,36]],"o":[[0,0],[0,-1]],"v":[[0,192],[-17,118]],"c":false}]},{"i":{"x":0.833,"y":0.833},"o":{"x":0.167,"y":0.167},"t":11.695,"s":[{"i":[[0,0],[33,12]],"o":[[0,0],[0,-1]],"v":[[0,192],[-49,136]],"c":false}]},{"i":{"x":0.833,"y":0.833},"o":{"x":0.167,"y":0.167},"t":15.254,"s":[{"i":[[0,0],[-3,36]],"o":[[0,0],[0,-1]],"v":[[0,192],[-17,118]],"c":false}]},{"i":{"x":0.833,"y":0.833},"o":{"x":0.167,"y":0.167},"t":19.323,"s":[{"i":[[0,0],[33,12]],"o":[[0,0],[0,-1]],"v":[[0,192],[-49,136]],"c":false}]},{"i":{"x":0.833,"y":0.833},"o":{"x":0.167,"y":0.167},"t":22.881,"s":[{"i":[[0,0],[-3,36]],"o":[[0,0],[0,-1]],"v":[[0,192],[-17,118]],"c":false}]},{"i":{"x":0.833,"y":0.833},"o":{"x":0.167,"y":0.167},"t":26.949,"s":[{"i":[[0,0],[33,12]],"o":[[0,0],[0,-1]],"v":[[0,192],[-49,136]],"c":false}]},{"t":30.0000012219251,"s":[{"i":[[0,0],[-3,36]],"o":[[0,0],[0,-1]],"v":[[0,192],[-17,118]],"c":false}]}],"ix":2},"nm":"Path 1","mn":"ADBE Vector Shape - Group","hd":false},{"ty":"st","c":{"a":0,"k":[0.854901960784,0.854901960784,0.854901960784,1],"ix":3},"o":{"a":0,"k":100,"ix":4},"w":{"a":0,"k":34,"ix":5},"lc":2,"lj":1,"ml":4,"bm":0,"nm":"Stroke 1","mn":"ADBE Vector Graphic - Stroke","hd":false},{"ty":"tr","p":{"a":0,"k":[0,0],"ix":2},"a":{"a":0,"k":[0,0],"ix":1},"s":{"a":0,"k":[100,100],"ix":3},"r":{"a":0,"k":0,"ix":6},"o":{"a":0,"k":100,"ix":7},"sk":{"a":0,"k":0,"ix":4},"sa":{"a":0,"k":0,"ix":5},"nm":"Transform"}],"nm":"Tail","np":3,"cix":2,"bm":0,"ix":12,"mn":"ADBE Vector Group","hd":false}],"ip":0,"op":30.0000012219251,"st":0,"bm":0},{"ddd":0,"ind":3,"ty":4,"nm":"D Shadow","parent":1,"sr":1,"ks":{"o":{"a":0,"k":100,"ix":11},"r":{"a":0,"k":0,"ix":10},"p":{"a":0,"k":[109.824,371.373,0],"ix":2},"a":{"a":0,"k":[98.824,391.373,0],"ix":1},"s":{"a":0,"k":[103.787,123.906,100],"ix":6}},"ao":0,"shapes":[{"ty":"gr","it":[{"d":1,"ty":"el","s":{"a":1,"k":[{"i":{"x":[0.667,0.667],"y":[1,1]},"o":{"x":[0.333,0.333],"y":[0,0]},"t":0,"s":[315.625,25]},{"i":{"x":[0.667,0.667],"y":[1,1]},"o":{"x":[0.333,0.333],"y":[0,0]},"t":3,"s":[300,23.762]},{"i":{"x":[0.667,0.667],"y":[1,1]},"o":{"x":[0.333,0.333],"y":[0,0]},"t":7,"s":[335,26.535]},{"i":{"x":[0.667,0.667],"y":[1,1]},"o":{"x":[0.333,0.333],"y":[0,0]},"t":11,"s":[300,23.762]},{"i":{"x":[0.667,0.667],"y":[1,1]},"o":{"x":[0.333,0.333],"y":[0,0]},"t":15,"s":[335,26.535]},{"i":{"x":[0.667,0.667],"y":[1,1]},"o":{"x":[0.333,0.333],"y":[0,0]},"t":19,"s":[300,23.762]},{"i":{"x":[0.667,0.667],"y":[1,1]},"o":{"x":[0.333,0.333],"y":[0,0]},"t":23,"s":[335,26.535]},{"i":{"x":[0.667,0.667],"y":[1,1]},"o":{"x":[0.333,0.333],"y":[0,0]},"t":26,"s":[300,23.762]},{"t":29.0000011811942,"s":[315.625,25]}],"ix":2},"p":{"a":0,"k":[0,0],"ix":3},"nm":"Ellipse Path 1","mn":"ADBE Vector Shape - Ellipse","hd":false},{"ty":"fl","c":{"a":0,"k":[0.070588235294,0.011764706817,0,1],"ix":4},"o":{"a":0,"k":100,"ix":5},"r":1,"bm":0,"nm":"Fill 1","mn":"ADBE Vector Graphic - Fill","hd":false},{"ty":"tr","p":{"a":0,"k":[98.824,388.373],"ix":2},"a":{"a":0,"k":[0,0],"ix":1},"s":{"a":0,"k":[98.501,136.024],"ix":3},"r":{"a":0,"k":0,"ix":6},"o":{"a":0,"k":100,"ix":7},"sk":{"a":0,"k":0,"ix":4},"sa":{"a":0,"k":0,"ix":5},"nm":"Transform"}],"nm":"Ellipse 1","np":3,"cix":2,"bm":0,"ix":1,"mn":"ADBE Vector Group","hd":false}],"ip":0,"op":30.0000012219251,"st":0,"bm":0},{"ddd":0,"ind":4,"ty":4,"nm":"CH","parent":1,"sr":1,"ks":{"o":{"a":0,"k":100,"ix":11},"r":{"a":0,"k":0,"ix":10},"p":{"a":0,"k":[-375.774,49.153,0],"ix":2},"a":{"a":0,"k":[638,532.5,0],"ix":1},"s":{"a":0,"k":[-100,100,100],"ix":6}},"ao":0,"shapes":[{"ty":"gr","it":[{"ty":"gr","it":[{"ty":"gr","it":[{"ind":0,"ty":"sh","ix":1,"ks":{"a":1,"k":[{"i":{"x":0.75,"y":1},"o":{"x":0.25,"y":0},"t":0,"s":[{"i":[[0,0],[0,0]],"o":[[0,0],[0,0]],"v":[[48.923,91.997],[38.428,110.167]],"c":false}]},{"i":{"x":0.75,"y":1},"o":{"x":0.25,"y":0},"t":7.628,"s":[{"i":[[0,0],[0,0]],"o":[[0,0],[0,0]],"v":[[-39.077,112.997],[-55.572,128.167]],"c":false}]},{"i":{"x":0.75,"y":1},"o":{"x":0.25,"y":0},"t":15.254,"s":[{"i":[[0,0],[0,0]],"o":[[0,0],[0,0]],"v":[[-111.077,111.997],[-124.572,114.167]],"c":false}]},{"i":{"x":0.75,"y":1},"o":{"x":0.25,"y":0},"t":23.39,"s":[{"i":[[0,0],[0,0]],"o":[[0,0],[0,0]],"v":[[-39.077,112.997],[-55.572,128.167]],"c":false}]},{"t":30.0000012219251,"s":[{"i":[[0,0],[0,0]],"o":[[0,0],[0,0]],"v":[[48.923,91.997],[38.428,110.167]],"c":false}]}],"ix":2},"nm":"Path 2","mn":"ADBE Vector Shape - Group","hd":false},{"ty":"st","c":{"a":0,"k":[0.933333393172,0.243137269862,0.247058838489,1],"ix":3},"o":{"a":0,"k":100,"ix":4},"w":{"a":0,"k":31,"ix":5},"lc":2,"lj":1,"ml":4,"bm":0,"nm":"Stroke 1","mn":"ADBE Vector Graphic - Stroke","hd":false},{"ty":"tr","p":{"a":0,"k":[0,0],"ix":2},"a":{"a":0,"k":[0,0],"ix":1},"s":{"a":0,"k":[100,100],"ix":3},"r":{"a":0,"k":0,"ix":6},"o":{"a":0,"k":100,"ix":7},"sk":{"a":0,"k":0,"ix":4},"sa":{"a":0,"k":0,"ix":5},"nm":"Transform"}],"nm":"Finger","np":3,"cix":2,"bm":0,"ix":1,"mn":"ADBE Vector Group","hd":false},{"ty":"gr","it":[{"ind":0,"ty":"sh","ix":1,"ks":{"a":1,"k":[{"i":{"x":0.75,"y":1},"o":{"x":0.25,"y":0},"t":0,"s":[{"i":[[0,0],[0,0],[0,0]],"o":[[0,0],[0,0],[0,0]],"v":[[-34.631,-68.813],[37.926,10.773],[67.673,104.312]],"c":false}]},{"i":{"x":0.75,"y":1},"o":{"x":0.25,"y":0},"t":7.628,"s":[{"i":[[0,0],[0,0],[0,0]],"o":[[0,0],[0,0],[0,0]],"v":[[-34.631,-68.813],[-16.074,21.773],[-35.327,127.312]],"c":false}]},{"i":{"x":0.75,"y":1},"o":{"x":0.25,"y":0},"t":15.254,"s":[{"i":[[0,0],[0,0],[0,0]],"o":[[0,0],[0,0],[0,0]],"v":[[-34.631,-68.813],[-43.074,39.773],[-106.327,124.312]],"c":false}]},{"i":{"x":0.75,"y":1},"o":{"x":0.25,"y":0},"t":23.39,"s":[{"i":[[0,0],[0,0],[0,0]],"o":[[0,0],[0,0],[0,0]],"v":[[-34.631,-68.813],[-16.074,21.773],[-35.327,127.312]],"c":false}]},{"t":30.0000012219251,"s":[{"i":[[0,0],[0,0],[0,0]],"o":[[0,0],[0,0],[0,0]],"v":[[-34.631,-68.813],[37.926,10.773],[67.673,104.312]],"c":false}]}],"ix":2},"nm":"Path 2","mn":"ADBE Vector Shape - Group","hd":false},{"ty":"st","c":{"a":0,"k":[0.949019667682,0.949019667682,0.949019667682,1],"ix":3},"o":{"a":0,"k":100,"ix":4},"w":{"a":0,"k":75,"ix":5},"lc":1,"lj":2,"bm":0,"d":[{"n":"d","nm":"dash","v":{"a":0,"k":91,"ix":1}},{"n":"g","nm":"gap","v":{"a":0,"k":478,"ix":2}},{"n":"o","nm":"offset","v":{"a":0,"k":0,"ix":7}}],"nm":"W BC","mn":"ADBE Vector Graphic - Stroke","hd":false},{"ty":"st","c":{"a":0,"k":[0.949019667682,0.949019667682,0.949019667682,1],"ix":3},"o":{"a":0,"k":100,"ix":4},"w":{"a":0,"k":75,"ix":5},"lc":2,"lj":2,"bm":0,"d":[{"n":"d","nm":"dash","v":{"a":0,"k":91,"ix":1}},{"n":"g","nm":"gap","v":{"a":0,"k":478,"ix":2}},{"n":"o","nm":"offset","v":{"a":0,"k":-512,"ix":7}}],"nm":"W RC","mn":"ADBE Vector Graphic - Stroke","hd":false},{"ty":"st","c":{"a":0,"k":[0.933333396912,0.243137270212,0.247058838606,1],"ix":3},"o":{"a":0,"k":100,"ix":4},"w":{"a":0,"k":53,"ix":5},"lc":2,"lj":2,"bm":0,"d":[{"n":"d","nm":"dash","v":{"a":0,"k":484,"ix":1}},{"n":"g","nm":"gap","v":{"a":0,"k":560,"ix":2}},{"n":"o","nm":"offset","v":{"a":0,"k":167,"ix":7}}],"nm":"Skin Tone","mn":"ADBE Vector Graphic - Stroke","hd":false},{"ty":"st","c":{"a":0,"k":[0.933333396912,0.243137270212,0.247058838606,1],"ix":3},"o":{"a":0,"k":100,"ix":4},"w":{"a":0,"k":75,"ix":5},"lc":2,"lj":2,"bm":0,"d":[{"n":"d","nm":"dash","v":{"a":0,"k":643,"ix":1}},{"n":"g","nm":"gap","v":{"a":0,"k":485,"ix":2}},{"n":"o","nm":"offset","v":{"a":0,"k":795,"ix":7}}],"nm":"Wrist","mn":"ADBE Vector Graphic - Stroke","hd":false},{"ty":"tr","p":{"a":0,"k":[0,0],"ix":2},"a":{"a":0,"k":[0,0],"ix":1},"s":{"a":0,"k":[100,100],"ix":3},"r":{"a":0,"k":0,"ix":6},"o":{"a":0,"k":100,"ix":7},"sk":{"a":0,"k":0,"ix":4},"sa":{"a":0,"k":0,"ix":5},"nm":"Transform"}],"nm":"Hands","np":6,"cix":2,"bm":0,"ix":2,"mn":"ADBE Vector Group","hd":false},{"ty":"tr","p":{"a":0,"k":[654,418],"ix":2},"a":{"a":0,"k":[0,0],"ix":1},"s":{"a":0,"k":[100,100],"ix":3},"r":{"a":0,"k":0,"ix":6},"o":{"a":0,"k":100,"ix":7},"sk":{"a":0,"k":0,"ix":4},"sa":{"a":0,"k":0,"ix":5},"nm":"Transform"}],"nm":"L Hand","np":2,"cix":2,"bm":0,"ix":1,"mn":"ADBE Vector Group","hd":false},{"ty":"gr","it":[{"ty":"gr","it":[{"ty":"gr","it":[{"ty":"gr","it":[{"ty":"gr","it":[{"ind":0,"ty":"sh","ix":1,"ks":{"a":0,"k":{"i":[[-16.845,0],[0,-15.74],[16.845,0],[0,15.74]],"o":[[16.845,0],[0,15.74],[-16.845,0],[0,-15.74]],"v":[[0,-28.5],[30.5,0],[1,14.5],[-30.5,0]],"c":true},"ix":2},"nm":"Path 1","mn":"ADBE Vector Shape - Group","hd":false},{"ty":"fl","c":{"a":0,"k":[1,0.764705955982,0.333333343267,1],"ix":4},"o":{"a":0,"k":100,"ix":5},"r":1,"bm":0,"nm":"Fill 1","mn":"ADBE Vector Graphic - Fill","hd":false},{"ty":"tr","p":{"a":0,"k":[-178.5,-345.5],"ix":2},"a":{"a":0,"k":[0,0],"ix":1},"s":{"a":0,"k":[100,100],"ix":3},"r":{"a":0,"k":0,"ix":6},"o":{"a":0,"k":100,"ix":7},"sk":{"a":0,"k":0,"ix":4},"sa":{"a":0,"k":0,"ix":5},"nm":"Transform"}],"nm":"Ellipse 1","np":3,"cix":2,"bm":0,"ix":1,"mn":"ADBE Vector Group","hd":false},{"ty":"tr","p":{"a":0,"k":[797,609],"ix":2},"a":{"a":0,"k":[0,0],"ix":1},"s":{"a":0,"k":[100,100],"ix":3},"r":{"a":0,"k":0,"ix":6},"o":{"a":0,"k":100,"ix":7},"sk":{"a":0,"k":0,"ix":4},"sa":{"a":0,"k":0,"ix":5},"nm":"Transform"}],"nm":"Shape Layer 4","np":1,"cix":2,"bm":0,"ix":1,"mn":"ADBE Vector Group","hd":false},{"ty":"gr","it":[{"ty":"gr","it":[{"d":1,"ty":"el","s":{"a":0,"k":[64,37],"ix":2},"p":{"a":0,"k":[0,0],"ix":3},"nm":"Ellipse Path 1","mn":"ADBE Vector Shape - Ellipse","hd":false},{"ty":"fl","c":{"a":0,"k":[0.070588238537,0.011764707044,0,1],"ix":4},"o":{"a":0,"k":100,"ix":5},"r":1,"bm":0,"nm":"Fill 1","mn":"ADBE Vector Graphic - Fill","hd":false},{"ty":"tr","p":{"a":0,"k":[-186,-319.5],"ix":2},"a":{"a":0,"k":[0,0],"ix":1},"s":{"a":0,"k":[195.257,195.257],"ix":3},"r":{"a":0,"k":0,"ix":6},"o":{"a":0,"k":100,"ix":7},"sk":{"a":0,"k":0,"ix":4},"sa":{"a":0,"k":0,"ix":5},"nm":"Transform"}],"nm":"Ellipse 1","np":3,"cix":2,"bm":0,"ix":1,"mn":"ADBE Vector Group","hd":false},{"ty":"tr","p":{"a":0,"k":[805,600],"ix":2},"a":{"a":0,"k":[0,0],"ix":1},"s":{"a":0,"k":[100,100],"ix":3},"r":{"a":0,"k":0,"ix":6},"o":{"a":0,"k":100,"ix":7},"sk":{"a":0,"k":0,"ix":4},"sa":{"a":0,"k":0,"ix":5},"nm":"Transform"}],"nm":"Shape Layer 3","np":1,"cix":2,"bm":0,"ix":2,"mn":"ADBE Vector Group","hd":false},{"ty":"tr","p":{"a":0,"k":[642,275.811],"ix":2},"a":{"a":0,"k":[619,275.811],"ix":1},"s":{"a":0,"k":[100,100],"ix":3},"r":{"a":0,"k":0,"ix":6},"o":{"a":0,"k":100,"ix":7},"sk":{"a":0,"k":0,"ix":4},"sa":{"a":0,"k":0,"ix":5},"nm":"Transform"}],"nm":"Hat","np":2,"cix":2,"bm":0,"ix":1,"mn":"ADBE Vector Group","hd":false},{"ty":"gr","it":[{"ty":"gr","it":[{"ty":"rc","d":1,"s":{"a":0,"k":[36,54],"ix":2},"p":{"a":0,"k":[0,0],"ix":3},"r":{"a":0,"k":72,"ix":4},"nm":"Rectangle Path 1","mn":"ADBE Vector Shape - Rect","hd":false},{"ty":"fl","c":{"a":0,"k":[0.933333393172,0.243137269862,0.247058838489,1],"ix":4},"o":{"a":0,"k":100,"ix":5},"r":1,"bm":0,"nm":"Fill 1","mn":"ADBE Vector Graphic - Fill","hd":false},{"ty":"tr","p":{"a":0,"k":[-172,-283.361],"ix":2},"a":{"a":0,"k":[0,0],"ix":1},"s":{"a":0,"k":[100,100],"ix":3},"r":{"a":0,"k":0,"ix":6},"o":{"a":0,"k":100,"ix":7},"sk":{"a":0,"k":0,"ix":4},"sa":{"a":0,"k":0,"ix":5},"nm":"Transform"}],"nm":"Neck","np":3,"cix":2,"bm":0,"ix":1,"mn":"ADBE Vector Group","hd":false},{"ty":"tr","p":{"a":0,"k":[640,339],"ix":2},"a":{"a":0,"k":[-172,-261],"ix":1},"s":{"a":0,"k":[100,100],"ix":3},"r":{"a":0,"k":0,"ix":6},"o":{"a":0,"k":100,"ix":7},"sk":{"a":0,"k":0,"ix":4},"sa":{"a":0,"k":0,"ix":5},"nm":"Transform"}],"nm":"Neck","np":1,"cix":2,"bm":0,"ix":2,"mn":"ADBE Vector Group","hd":false},{"ty":"tr","p":{"a":0,"k":[502,103.32],"ix":2},"a":{"a":0,"k":[642,289.32],"ix":1},"s":{"a":0,"k":[100,100],"ix":3},"r":{"a":0,"k":0,"ix":6},"o":{"a":0,"k":100,"ix":7},"sk":{"a":0,"k":0,"ix":4},"sa":{"a":0,"k":0,"ix":5},"nm":"Transform"}],"nm":"Face","np":2,"cix":2,"bm":0,"ix":1,"mn":"ADBE Vector Group","hd":false},{"ty":"gr","it":[{"ind":0,"ty":"sh","ix":1,"ks":{"a":1,"k":[{"i":{"x":0.75,"y":1},"o":{"x":0.25,"y":0},"t":0,"s":[{"i":[[0,-32.776],[0,0],[32.776,0],[-19.271,56.606],[0,0],[-32.776,0]],"o":[[0,0],[9.036,60.919],[-32.776,0],[0,0],[0,-32.776],[32.776,0]],"v":[[59.347,-40.643],[78.259,39.992],[-8.237,106.774],[-92.57,38.738],[-59.347,-40.643],[0,-99.99]],"c":true}]},{"i":{"x":0.75,"y":1},"o":{"x":0.25,"y":0},"t":7.628,"s":[{"i":[[0,-32.776],[0,0],[32.776,0],[-18.228,55.35],[0,0],[-32.776,0]],"o":[[0,0],[10.282,57.542],[-32.776,0],[0,0],[0,-32.776],[32.776,0]],"v":[[59.347,-40.643],[78.259,39.992],[13.47,114.157],[-88.967,39.116],[-59.347,-40.643],[0,-99.99]],"c":true}]},{"i":{"x":0.75,"y":1},"o":{"x":0.25,"y":0},"t":15.254,"s":[{"i":[[0,-32.776],[0,0],[32.776,0],[-17.185,54.093],[0,0],[-32.776,0]],"o":[[0,0],[11.529,54.164],[-32.776,0],[0,0],[0,-32.776],[32.776,0]],"v":[[59.347,-40.643],[78.259,39.992],[-11.835,113.174],[-85.363,39.495],[-59.347,-40.643],[0,-99.99]],"c":true}]},{"i":{"x":0.75,"y":1},"o":{"x":0.25,"y":0},"t":23.39,"s":[{"i":[[0,-32.776],[0,0],[32.776,0],[-16.073,52.753],[0,0],[-32.776,0]],"o":[[0,0],[12.858,50.562],[-32.776,0],[0,0],[0,-32.776],[32.776,0]],"v":[[59.347,-40.643],[78.259,39.992],[4.596,110.917],[-81.519,39.899],[-59.347,-40.643],[0,-99.99]],"c":true}]},{"t":30.0000012219251,"s":[{"i":[[0,-32.776],[0,0],[32.776,0],[-19.271,56.606],[0,0],[-32.776,0]],"o":[[0,0],[9.036,60.919],[-32.776,0],[0,0],[0,-32.776],[32.776,0]],"v":[[59.347,-40.643],[78.259,39.992],[-8.237,106.774],[-92.57,38.738],[-59.347,-40.643],[0,-99.99]],"c":true}]}],"ix":2},"nm":"Path 1","mn":"ADBE Vector Shape - Group","hd":false},{"ty":"fl","c":{"a":0,"k":[0.949019667682,0.949019667682,0.949019667682,1],"ix":4},"o":{"a":0,"k":100,"ix":5},"r":1,"bm":0,"nm":"Fill 1","mn":"ADBE Vector Graphic - Fill","hd":false},{"ty":"tr","p":{"a":0,"k":[503.615,251.438],"ix":2},"a":{"a":0,"k":[0,0],"ix":1},"s":{"a":0,"k":[118.023,118.023],"ix":3},"r":{"a":0,"k":0,"ix":6},"o":{"a":0,"k":100,"ix":7},"sk":{"a":0,"k":0,"ix":4},"sa":{"a":0,"k":0,"ix":5},"nm":"Transform"}],"nm":"Body","np":3,"cix":2,"bm":0,"ix":2,"mn":"ADBE Vector Group","hd":false},{"ty":"tr","p":{"a":0,"k":[590.25,327.102],"ix":2},"a":{"a":0,"k":[494.25,201.102],"ix":1},"s":{"a":0,"k":[122,122],"ix":3},"r":{"a":0,"k":-6,"ix":6},"o":{"a":0,"k":100,"ix":7},"sk":{"a":0,"k":0,"ix":4},"sa":{"a":0,"k":0,"ix":5},"nm":"Transform"}],"nm":"Body& Face","np":2,"cix":2,"bm":0,"ix":3,"mn":"ADBE Vector Group","hd":false},{"ty":"gr","it":[{"ty":"gr","it":[{"ind":0,"ty":"sh","ix":1,"ks":{"a":1,"k":[{"i":{"x":0.75,"y":1},"o":{"x":0.25,"y":0},"t":0,"s":[{"i":[[0,0],[0,0],[0,0],[0,0]],"o":[[0,0],[0,0],[0,0],[0,0]],"v":[[-181.341,-174.899],[-241.302,24.69],[-293.313,225.013],[-334.255,224.694]],"c":false}]},{"i":{"x":0.75,"y":1},"o":{"x":0.25,"y":0},"t":7.628,"s":[{"i":[[0,0],[0,0],[0,0],[0,0]],"o":[[0,0],[0,0],[0,0],[0,0]],"v":[[-181.341,-174.899],[-172.302,52.69],[-163.313,251.013],[-207.255,250.694]],"c":false}]},{"i":{"x":0.75,"y":1},"o":{"x":0.25,"y":0},"t":15.254,"s":[{"i":[[0,0],[0,0],[0,0],[0,0]],"o":[[0,0],[0,0],[0,0],[0,0]],"v":[[-181.341,-174.899],[-113.302,25.69],[-47.313,225.013],[-93.255,224.694]],"c":false}]},{"i":{"x":0.75,"y":1},"o":{"x":0.25,"y":0},"t":23.39,"s":[{"i":[[0,0],[0,0],[0,0],[0,0]],"o":[[0,0],[0,0],[0,0],[0,0]],"v":[[-181.341,-174.899],[-256.302,52.69],[-77.313,103.013],[-93.255,144.694]],"c":false}]},{"t":30.0000012219251,"s":[{"i":[[0,0],[0,0],[0,0],[0,0]],"o":[[0,0],[0,0],[0,0],[0,0]],"v":[[-181.341,-174.899],[-241.302,24.69],[-293.313,225.013],[-334.255,224.694]],"c":false}]}],"ix":2},"nm":"Path 1","mn":"ADBE Vector Shape - Group","hd":false},{"ty":"st","c":{"a":0,"k":[0,0.550153136253,0.847058832645,1],"ix":3},"o":{"a":0,"k":100,"ix":4},"w":{"a":0,"k":120,"ix":5},"lc":1,"lj":2,"bm":0,"d":[{"n":"d","nm":"dash","v":{"a":0,"k":210,"ix":1}},{"n":"g","nm":"gap","v":{"a":0,"k":368,"ix":2}},{"n":"o","nm":"offset","v":{"a":0,"k":0,"ix":7}}],"nm":"T BC","mn":"ADBE Vector Graphic - Stroke","hd":false},{"ty":"st","c":{"a":0,"k":[0,0.549019634724,0.84705889225,1],"ix":3},"o":{"a":0,"k":100,"ix":4},"w":{"a":0,"k":120,"ix":5},"lc":2,"lj":2,"bm":0,"d":[{"n":"d","nm":"dash","v":{"a":0,"k":210,"ix":1}},{"n":"g","nm":"gap","v":{"a":0,"k":494,"ix":2}},{"n":"o","nm":"offset","v":{"a":0,"k":107,"ix":7}}],"nm":"T Rc","mn":"ADBE Vector Graphic - Stroke","hd":false},{"ty":"st","c":{"a":0,"k":[0.949019670486,0.949019670486,0.949019670486,1],"ix":3},"o":{"a":0,"k":100,"ix":4},"w":{"a":0,"k":74,"ix":5},"lc":2,"lj":2,"bm":0,"d":[{"n":"d","nm":"dash","v":{"a":0,"k":300,"ix":1}},{"n":"g","nm":"gap","v":{"a":0,"k":400,"ix":2}},{"n":"o","nm":"offset","v":{"a":0,"k":-380,"ix":7}}],"nm":"Shoue","mn":"ADBE Vector Graphic - Stroke","hd":false},{"ty":"st","c":{"a":0,"k":[0.933333396912,0.243137270212,0.247058838606,1],"ix":3},"o":{"a":0,"k":100,"ix":4},"w":{"a":0,"k":60,"ix":5},"lc":2,"lj":2,"bm":0,"nm":"Skin","mn":"ADBE Vector Graphic - Stroke","hd":false},{"ty":"tr","p":{"a":0,"k":[0,0],"ix":2},"a":{"a":0,"k":[0,0],"ix":1},"s":{"a":0,"k":[100,100],"ix":3},"r":{"a":0,"k":0,"ix":6},"o":{"a":0,"k":100,"ix":7},"sk":{"a":0,"k":0,"ix":4},"sa":{"a":0,"k":0,"ix":5},"nm":"Transform"}],"nm":"L Leg","np":6,"cix":2,"bm":0,"ix":1,"mn":"ADBE Vector Group","hd":false},{"ty":"tr","p":{"a":0,"k":[800,600],"ix":2},"a":{"a":0,"k":[0,0],"ix":1},"s":{"a":0,"k":[100,100],"ix":3},"r":{"a":0,"k":0,"ix":6},"o":{"a":0,"k":100,"ix":7},"sk":{"a":0,"k":0,"ix":4},"sa":{"a":0,"k":0,"ix":5},"nm":"Transform"}],"nm":"L Leg","np":1,"cix":2,"bm":0,"ix":4,"mn":"ADBE Vector Group","hd":false},{"ty":"gr","it":[{"ty":"gr","it":[{"ind":0,"ty":"sh","ix":1,"ks":{"a":1,"k":[{"i":{"x":0.75,"y":1},"o":{"x":0.25,"y":0},"t":0,"s":[{"i":[[0,0],[0,0],[0,0],[0,0]],"o":[[0,0],[0,0],[0,0],[0,0]],"v":[[-180.828,-174.914],[-112.715,28.742],[-48.25,225.028],[-93.509,226.635]],"c":false}]},{"i":{"x":0.75,"y":1},"o":{"x":0.25,"y":0},"t":7.628,"s":[{"i":[[0,0],[0,0],[0,0],[0,0]],"o":[[0,0],[0,0],[0,0],[0,0]],"v":[[-180.828,-174.914],[-254.715,50.742],[-76.25,102.028],[-90.509,142.635]],"c":false}]},{"i":{"x":0.75,"y":1},"o":{"x":0.25,"y":0},"t":15.254,"s":[{"i":[[0,0],[0,0],[0,0],[0,0]],"o":[[0,0],[0,0],[0,0],[0,0]],"v":[[-180.828,-174.914],[-236.715,24.742],[-288.25,225.028],[-333.509,224.635]],"c":false}]},{"i":{"x":0.75,"y":1},"o":{"x":0.25,"y":0},"t":23.39,"s":[{"i":[[0,0],[0,0],[0,0],[0,0]],"o":[[0,0],[0,0],[0,0],[0,0]],"v":[[-180.828,-174.914],[-164.715,50.742],[-152.25,249.028],[-185.509,248.635]],"c":false}]},{"t":30.0000012219251,"s":[{"i":[[0,0],[0,0],[0,0],[0,0]],"o":[[0,0],[0,0],[0,0],[0,0]],"v":[[-180.828,-174.914],[-114.715,20.742],[-48.25,225.028],[-93.509,226.635]],"c":false}]}],"ix":2},"nm":"Path 1","mn":"ADBE Vector Shape - Group","hd":false},{"ty":"st","c":{"a":0,"k":[0,0.48801741004,0.752941191196,1],"ix":3},"o":{"a":0,"k":100,"ix":4},"w":{"a":0,"k":120,"ix":5},"lc":1,"lj":2,"bm":0,"d":[{"n":"d","nm":"dash","v":{"a":0,"k":210,"ix":1}},{"n":"g","nm":"gap","v":{"a":0,"k":368,"ix":2}},{"n":"o","nm":"offset","v":{"a":0,"k":0,"ix":7}}],"nm":"T BC","mn":"ADBE Vector Graphic - Stroke","hd":false},{"ty":"st","c":{"a":0,"k":[0,0.48801741004,0.752941191196,1],"ix":3},"o":{"a":0,"k":100,"ix":4},"w":{"a":0,"k":120,"ix":5},"lc":2,"lj":2,"bm":0,"d":[{"n":"d","nm":"dash","v":{"a":0,"k":210,"ix":1}},{"n":"g","nm":"gap","v":{"a":0,"k":494,"ix":2}},{"n":"o","nm":"offset","v":{"a":0,"k":107,"ix":7}}],"nm":"T Rc","mn":"ADBE Vector Graphic - Stroke","hd":false},{"ty":"st","c":{"a":0,"k":[0.949019670486,0.949019670486,0.949019670486,1],"ix":3},"o":{"a":0,"k":100,"ix":4},"w":{"a":0,"k":74,"ix":5},"lc":2,"lj":2,"bm":0,"d":[{"n":"d","nm":"dash","v":{"a":0,"k":300,"ix":1}},{"n":"g","nm":"gap","v":{"a":0,"k":400,"ix":2}},{"n":"o","nm":"offset","v":{"a":0,"k":-380,"ix":7}}],"nm":"Shoue","mn":"ADBE Vector Graphic - Stroke","hd":false},{"ty":"st","c":{"a":0,"k":[0.933333396912,0.243137270212,0.247058838606,1],"ix":3},"o":{"a":0,"k":100,"ix":4},"w":{"a":0,"k":60,"ix":5},"lc":2,"lj":2,"bm":0,"nm":"Skin","mn":"ADBE Vector Graphic - Stroke","hd":false},{"ty":"tr","p":{"a":0,"k":[0,0],"ix":2},"a":{"a":0,"k":[0,0],"ix":1},"s":{"a":0,"k":[100,100],"ix":3},"r":{"a":0,"k":0,"ix":6},"o":{"a":0,"k":100,"ix":7},"sk":{"a":0,"k":0,"ix":4},"sa":{"a":0,"k":0,"ix":5},"nm":"Transform"}],"nm":"R Leg","np":6,"cix":2,"bm":0,"ix":1,"mn":"ADBE Vector Group","hd":false},{"ty":"tr","p":{"a":0,"k":[800,600],"ix":2},"a":{"a":0,"k":[0,0],"ix":1},"s":{"a":0,"k":[100,100],"ix":3},"r":{"a":0,"k":0,"ix":6},"o":{"a":0,"k":100,"ix":7},"sk":{"a":0,"k":0,"ix":4},"sa":{"a":0,"k":0,"ix":5},"nm":"Transform"}],"nm":"R Leg","np":1,"cix":2,"bm":0,"ix":5,"mn":"ADBE Vector Group","hd":false},{"ty":"gr","it":[{"ty":"gr","it":[{"ind":0,"ty":"sh","ix":1,"ks":{"a":1,"k":[{"i":{"x":0.75,"y":1},"o":{"x":0.25,"y":0},"t":0,"s":[{"i":[[0,0],[0,0]],"o":[[0,0],[0,0]],"v":[[-207.804,55.938],[-225.374,52.811]],"c":false}]},{"i":{"x":0.75,"y":1},"o":{"x":0.25,"y":0},"t":7.628,"s":[{"i":[[0,0],[0,0]],"o":[[0,0],[0,0]],"v":[[-217.804,43.938],[-230.374,39.811]],"c":false}]},{"i":{"x":0.75,"y":1},"o":{"x":0.25,"y":0},"t":15.254,"s":[{"i":[[0,0],[0,0]],"o":[[0,0],[0,0]],"v":[[-199.804,62.938],[-213.374,59.811]],"c":false}]},{"i":{"x":0.75,"y":1},"o":{"x":0.25,"y":0},"t":23.39,"s":[{"i":[[0,0],[0,0]],"o":[[0,0],[0,0]],"v":[[-210.804,42.938],[-226.374,32.811]],"c":false}]},{"t":30.0000012219251,"s":[{"i":[[0,0],[0,0]],"o":[[0,0],[0,0]],"v":[[-207.804,55.938],[-225.374,52.811]],"c":false}]}],"ix":2},"nm":"Path 1","mn":"ADBE Vector Shape - Group","hd":false},{"ty":"st","c":{"a":0,"k":[0.933333393172,0.243137269862,0.247058838489,1],"ix":3},"o":{"a":0,"k":100,"ix":4},"w":{"a":0,"k":31,"ix":5},"lc":2,"lj":1,"ml":4,"bm":0,"nm":"Stroke 1","mn":"ADBE Vector Graphic - Stroke","hd":false},{"ty":"tr","p":{"a":0,"k":[0,0],"ix":2},"a":{"a":0,"k":[0,0],"ix":1},"s":{"a":0,"k":[100,100],"ix":3},"r":{"a":0,"k":0,"ix":6},"o":{"a":0,"k":100,"ix":7},"sk":{"a":0,"k":0,"ix":4},"sa":{"a":0,"k":0,"ix":5},"nm":"Transform"}],"nm":"Finger","np":3,"cix":2,"bm":0,"ix":1,"mn":"ADBE Vector Group","hd":false},{"ty":"gr","it":[{"ind":0,"ty":"sh","ix":1,"ks":{"a":1,"k":[{"i":{"x":0.75,"y":1},"o":{"x":0.25,"y":0},"t":0,"s":[{"i":[[0,0],[-26.912,-31.914],[0,0]],"o":[[0,0],[28.792,34.143],[0,0]],"v":[[414.022,460.441],[407.44,525.484],[476.862,524.268]],"c":true}]},{"i":{"x":0.75,"y":1},"o":{"x":0.25,"y":0},"t":7.628,"s":[{"i":[[0,0],[-26.912,-31.914],[0,0]],"o":[[0,0],[28.792,34.143],[0,0]],"v":[[405.004,448.169],[398.422,513.213],[467.844,511.997]],"c":true}]},{"i":{"x":0.75,"y":1},"o":{"x":0.25,"y":0},"t":15.254,"s":[{"i":[[0,0],[-26.912,-31.914],[0,0]],"o":[[0,0],[28.792,34.143],[0,0]],"v":[[426.805,463.516],[420.223,528.559],[489.645,527.343]],"c":true}]},{"i":{"x":0.75,"y":1},"o":{"x":0.25,"y":0},"t":23.39,"s":[{"i":[[0,0],[-26.912,-31.914],[0,0]],"o":[[0,0],[28.792,34.143],[0,0]],"v":[[408.768,438.973],[402.186,504.016],[471.608,502.8]],"c":true}]},{"t":30.0000012219251,"s":[{"i":[[0,0],[-26.912,-31.914],[0,0]],"o":[[0,0],[28.792,34.143],[0,0]],"v":[[414.022,460.441],[407.44,525.484],[476.862,524.268]],"c":true}]}],"ix":2},"nm":"Path 1","mn":"ADBE Vector Shape - Group","hd":false},{"ty":"st","c":{"a":0,"k":[1,0.764705942191,0.333333333333,1],"ix":3},"o":{"a":0,"k":100,"ix":4},"w":{"a":0,"k":12,"ix":5},"lc":2,"lj":2,"bm":0,"nm":"Stroke 1","mn":"ADBE Vector Graphic - Stroke","hd":false},{"ty":"tr","p":{"a":0,"k":[-217,78],"ix":2},"a":{"a":0,"k":[440.248,503.655],"ix":1},"s":{"a":0,"k":[99.125,100],"ix":3},"r":{"a":0,"k":18.83,"ix":6},"o":{"a":0,"k":100,"ix":7},"sk":{"a":0,"k":0,"ix":4},"sa":{"a":0,"k":0,"ix":5},"nm":"Transform"}],"nm":"Shape 1","np":3,"cix":2,"bm":0,"ix":2,"mn":"ADBE Vector Group","hd":false},{"ty":"gr","it":[{"ind":0,"ty":"sh","ix":1,"ks":{"a":1,"k":[{"i":{"x":0.75,"y":1},"o":{"x":0.25,"y":0},"t":0,"s":[{"i":[[0,0],[0,0],[0,0]],"o":[[0,0],[0,0],[0,0]],"v":[[-99.703,-73.263],[-118.059,24.675],[-215.308,78.563]],"c":false}]},{"i":{"x":0.75,"y":1},"o":{"x":0.25,"y":0},"t":7.628,"s":[{"i":[[0,0],[0,0],[0,0]],"o":[[0,0],[0,0],[0,0]],"v":[[-99.703,-73.263],[-118.059,24.675],[-220.308,67.563]],"c":false}]},{"i":{"x":0.75,"y":1},"o":{"x":0.25,"y":0},"t":15.254,"s":[{"i":[[0,0],[0,0],[0,0]],"o":[[0,0],[0,0],[0,0]],"v":[[-99.703,-73.263],[-118.059,24.675],[-198.308,86.563]],"c":false}]},{"i":{"x":0.75,"y":1},"o":{"x":0.25,"y":0},"t":23.39,"s":[{"i":[[0,0],[0,0],[0,0]],"o":[[0,0],[0,0],[0,0]],"v":[[-99.703,-73.263],[-118.059,24.675],[-211.308,56.563]],"c":false}]},{"t":30.0000012219251,"s":[{"i":[[0,0],[0,0],[0,0]],"o":[[0,0],[0,0],[0,0]],"v":[[-99.703,-73.263],[-118.059,24.675],[-215.308,78.563]],"c":false}]}],"ix":2},"nm":"Path 1","mn":"ADBE Vector Shape - Group","hd":false},{"ty":"st","c":{"a":0,"k":[0.949019667682,0.949019667682,0.949019667682,1],"ix":3},"o":{"a":0,"k":100,"ix":4},"w":{"a":0,"k":75,"ix":5},"lc":1,"lj":2,"bm":0,"d":[{"n":"d","nm":"dash","v":{"a":0,"k":91,"ix":1}},{"n":"g","nm":"gap","v":{"a":0,"k":478,"ix":2}},{"n":"o","nm":"offset","v":{"a":0,"k":0,"ix":7}}],"nm":"W BC","mn":"ADBE Vector Graphic - Stroke","hd":false},{"ty":"st","c":{"a":0,"k":[0.949019667682,0.949019667682,0.949019667682,1],"ix":3},"o":{"a":0,"k":100,"ix":4},"w":{"a":0,"k":75,"ix":5},"lc":2,"lj":2,"bm":0,"d":[{"n":"d","nm":"dash","v":{"a":0,"k":91,"ix":1}},{"n":"g","nm":"gap","v":{"a":0,"k":478,"ix":2}},{"n":"o","nm":"offset","v":{"a":0,"k":-512,"ix":7}}],"nm":"W RC","mn":"ADBE Vector Graphic - Stroke","hd":false},{"ty":"st","c":{"a":0,"k":[0.933333396912,0.243137270212,0.247058838606,1],"ix":3},"o":{"a":0,"k":100,"ix":4},"w":{"a":0,"k":53,"ix":5},"lc":2,"lj":2,"bm":0,"d":[{"n":"d","nm":"dash","v":{"a":0,"k":484,"ix":1}},{"n":"g","nm":"gap","v":{"a":0,"k":560,"ix":2}},{"n":"o","nm":"offset","v":{"a":0,"k":167,"ix":7}}],"nm":"Skin Tone","mn":"ADBE Vector Graphic - Stroke","hd":false},{"ty":"st","c":{"a":0,"k":[0.933333396912,0.243137270212,0.247058838606,1],"ix":3},"o":{"a":0,"k":100,"ix":4},"w":{"a":0,"k":75,"ix":5},"lc":2,"lj":2,"bm":0,"d":[{"n":"d","nm":"dash","v":{"a":0,"k":643,"ix":1}},{"n":"g","nm":"gap","v":{"a":0,"k":485,"ix":2}},{"n":"o","nm":"offset","v":{"a":0,"k":795,"ix":7}}],"nm":"Wrist","mn":"ADBE Vector Graphic - Stroke","hd":false},{"ty":"tr","p":{"a":0,"k":[0,0],"ix":2},"a":{"a":0,"k":[0,0],"ix":1},"s":{"a":0,"k":[100,100],"ix":3},"r":{"a":0,"k":0,"ix":6},"o":{"a":0,"k":100,"ix":7},"sk":{"a":0,"k":0,"ix":4},"sa":{"a":0,"k":0,"ix":5},"nm":"Transform"}],"nm":"Hands","np":6,"cix":2,"bm":0,"ix":3,"mn":"ADBE Vector Group","hd":false},{"ty":"tr","p":{"a":0,"k":[663,418],"ix":2},"a":{"a":0,"k":[0,0],"ix":1},"s":{"a":0,"k":[100,100],"ix":3},"r":{"a":0,"k":0,"ix":6},"o":{"a":0,"k":100,"ix":7},"sk":{"a":0,"k":0,"ix":4},"sa":{"a":0,"k":0,"ix":5},"nm":"Transform"}],"nm":"R Hand","np":3,"cix":2,"bm":0,"ix":6,"mn":"ADBE Vector Group","hd":false},{"ty":"tr","p":{"a":1,"k":[{"i":{"x":0.75,"y":1},"o":{"x":0.25,"y":0},"t":0,"s":[502.226,483.347],"to":[0,-4.167],"ti":[0,0]},{"i":{"x":0.75,"y":1},"o":{"x":0.25,"y":0},"t":7.628,"s":[502.226,458.347],"to":[0,0],"ti":[0,0]},{"i":{"x":0.75,"y":1},"o":{"x":0.25,"y":0},"t":15.254,"s":[502.226,483.347],"to":[0,0],"ti":[0,0]},{"i":{"x":0.75,"y":1},"o":{"x":0.25,"y":0},"t":23.39,"s":[502.226,458.347],"to":[0,0],"ti":[0,-4.167]},{"t":30.0000012219251,"s":[502.226,483.347]}],"ix":2},"a":{"a":0,"k":[502.226,483.347],"ix":1},"s":{"a":0,"k":[100,100],"ix":3},"r":{"a":0,"k":0,"ix":6},"o":{"a":0,"k":100,"ix":7},"sk":{"a":0,"k":0,"ix":4},"sa":{"a":0,"k":0,"ix":5},"nm":"Transform"}],"nm":"Character 1","np":6,"cix":2,"bm":0,"ix":1,"mn":"ADBE Vector Group","hd":false}],"ip":0,"op":30.0000012219251,"st":0,"bm":0},{"ddd":0,"ind":5,"ty":4,"nm":"Ch shadow","parent":1,"sr":1,"ks":{"o":{"a":0,"k":100,"ix":11},"r":{"a":0,"k":0,"ix":10},"p":{"a":0,"k":[-358.176,371.373,0],"ix":2},"a":{"a":0,"k":[98.824,391.373,0],"ix":1},"s":{"a":0,"k":[132.633,123.906,100],"ix":6}},"ao":0,"shapes":[{"ty":"gr","it":[{"d":1,"ty":"el","s":{"a":1,"k":[{"i":{"x":[0.833,0.833],"y":[0.833,0.833]},"o":{"x":[0.167,0.167],"y":[0.167,0.167]},"t":0,"s":[337.863,26.761]},{"i":{"x":[0.833,0.833],"y":[0.833,0.833]},"o":{"x":[0.167,0.167],"y":[0.167,0.167]},"t":7.628,"s":[378.863,30.009]},{"i":{"x":[0.833,0.833],"y":[0.833,0.833]},"o":{"x":[0.167,0.167],"y":[0.167,0.167]},"t":15.254,"s":[337.863,26.761]},{"i":{"x":[0.833,0.833],"y":[0.833,0.833]},"o":{"x":[0.167,0.167],"y":[0.167,0.167]},"t":22.881,"s":[378.863,30.009]},{"t":30.0000012219251,"s":[337.863,26.761]}],"ix":2},"p":{"a":0,"k":[0,0],"ix":3},"nm":"Ellipse Path 1","mn":"ADBE Vector Shape - Ellipse","hd":false},{"ty":"fl","c":{"a":0,"k":[0.070588235294,0.011764706817,0,1],"ix":4},"o":{"a":0,"k":100,"ix":5},"r":1,"bm":0,"nm":"Fill 1","mn":"ADBE Vector Graphic - Fill","hd":false},{"ty":"tr","p":{"a":0,"k":[98.824,388.373],"ix":2},"a":{"a":0,"k":[0,0],"ix":1},"s":{"a":0,"k":[98.501,136.024],"ix":3},"r":{"a":0,"k":0,"ix":6},"o":{"a":0,"k":100,"ix":7},"sk":{"a":0,"k":0,"ix":4},"sa":{"a":0,"k":0,"ix":5},"nm":"Transform"}],"nm":"Ellipse 1","np":3,"cix":2,"bm":0,"ix":1,"mn":"ADBE Vector Group","hd":false}],"ip":0,"op":30.0000012219251,"st":0,"bm":0}]}],"layers":[{"ddd":0,"ind":1,"ty":3,"nm":"Null 5","sr":1,"ks":{"o":{"a":0,"k":0,"ix":11},"r":{"a":0,"k":0,"ix":10},"p":{"a":0,"k":[800,558,0],"ix":2},"a":{"a":0,"k":[0,0,0],"ix":1},"s":{"a":0,"k":[100,100,100],"ix":6}},"ao":0,"ip":0,"op":150.000006109625,"st":0,"bm":0},{"ddd":0,"ind":2,"ty":4,"nm":"Clouds","parent":1,"sr":1,"ks":{"o":{"a":0,"k":100,"ix":11},"r":{"a":0,"k":0,"ix":10},"p":{"a":1,"k":[{"i":{"x":0.833,"y":0.833},"o":{"x":0.167,"y":0.167},"t":0,"s":[-80,0,0],"to":[0,0,0],"ti":[0,0,0]},{"i":{"x":0.833,"y":0.833},"o":{"x":0.167,"y":0.167},"t":80,"s":[-69,0,0],"to":[0,0,0],"ti":[0,0,0]},{"t":149.000006068894,"s":[-80,0,0]}],"ix":2},"a":{"a":0,"k":[0,0,0],"ix":1},"s":{"a":0,"k":[100,100,100],"ix":6}},"ao":0,"shapes":[{"ty":"gr","it":[{"ind":0,"ty":"sh","ix":1,"ks":{"a":0,"k":{"i":[[6.438,-9.197],[38.623,-0.321],[0,0],[0,0],[28.503,14.558]],"o":[[3,-23],[-74.377,0.617],[0,0],[0,0],[-24.266,-12.394]],"v":[[345,-319],[285.377,-361.679],[215,-273],[436,-273],[407.905,-321.814]],"c":true},"ix":2},"nm":"Path 1","mn":"ADBE Vector Shape - Group","hd":false},{"ty":"gf","o":{"a":0,"k":100,"ix":10},"r":1,"bm":0,"g":{"p":3,"k":{"a":0,"k":[0,1,1,1,0.389,1,1,1,1,1,1,1,0,0.42,0.329,0.685,0.998,0.95],"ix":9}},"s":{"a":0,"k":[262,-354],"ix":5},"e":{"a":0,"k":[460,-246],"ix":6},"t":2,"h":{"a":0,"k":0,"ix":7},"a":{"a":0,"k":0,"ix":8},"nm":"Gradient Fill 1","mn":"ADBE Vector Graphic - G-Fill","hd":false},{"ty":"tr","p":{"a":0,"k":[-368,-90],"ix":2},"a":{"a":0,"k":[332,-310],"ix":1},"s":{"a":0,"k":[68,68],"ix":3},"r":{"a":0,"k":0,"ix":6},"o":{"a":0,"k":100,"ix":7},"sk":{"a":0,"k":0,"ix":4},"sa":{"a":0,"k":0,"ix":5},"nm":"Transform"}],"nm":"Shape 2","np":3,"cix":2,"bm":0,"ix":1,"mn":"ADBE Vector Group","hd":false},{"ty":"gr","it":[{"ind":0,"ty":"sh","ix":1,"ks":{"a":0,"k":{"i":[[6.438,-9.197],[38.623,-0.321],[0,0],[0,0],[28.503,14.558]],"o":[[3,-23],[-74.377,0.617],[0,0],[0,0],[-24.266,-12.394]],"v":[[345,-319],[285.377,-361.679],[215,-273],[436,-273],[407.905,-321.814]],"c":true},"ix":2},"nm":"Path 1","mn":"ADBE Vector Shape - Group","hd":false},{"ty":"gf","o":{"a":0,"k":100,"ix":10},"r":1,"bm":0,"g":{"p":3,"k":{"a":0,"k":[0,1,1,1,0.389,1,1,1,1,1,1,1,0,0.42,0.329,0.685,0.998,0.95],"ix":9}},"s":{"a":0,"k":[262,-354],"ix":5},"e":{"a":0,"k":[460,-246],"ix":6},"t":2,"h":{"a":0,"k":0,"ix":7},"a":{"a":0,"k":0,"ix":8},"nm":"Gradient Fill 1","mn":"ADBE Vector Graphic - G-Fill","hd":false},{"ty":"tr","p":{"a":0,"k":[120,80],"ix":2},"a":{"a":0,"k":[0,0],"ix":1},"s":{"a":0,"k":[100,100],"ix":3},"r":{"a":0,"k":0,"ix":6},"o":{"a":0,"k":100,"ix":7},"sk":{"a":0,"k":0,"ix":4},"sa":{"a":0,"k":0,"ix":5},"nm":"Transform"}],"nm":"Shape 1","np":3,"cix":2,"bm":0,"ix":2,"mn":"ADBE Vector Group","hd":false}],"ip":0,"op":150.000006109625,"st":0,"bm":0},{"ddd":0,"ind":3,"ty":0,"nm":"Walk 5 Sec","parent":1,"refId":"comp_0","sr":1,"ks":{"o":{"a":0,"k":100,"ix":11},"r":{"a":0,"k":0,"ix":10},"p":{"a":0,"k":[0,132,0],"ix":2},"a":{"a":0,"k":[800,600,0],"ix":1},"s":{"a":0,"k":[100,100,100],"ix":6}},"ao":0,"w":1600,"h":1200,"ip":0,"op":150.000006109625,"st":0,"bm":0},{"ddd":0,"ind":4,"ty":4,"nm":"Fluwers 3","parent":1,"sr":1,"ks":{"o":{"a":0,"k":100,"ix":11},"r":{"a":0,"k":0,"ix":10},"p":{"a":0,"k":[0,0,0],"ix":2},"a":{"a":0,"k":[0,0,0],"ix":1},"s":{"a":0,"k":[100,100,100],"ix":6}},"ao":0,"shapes":[{"ty":"gr","it":[{"ty":"gr","it":[{"ind":0,"ty":"sh","ix":1,"ks":{"a":0,"k":{"i":[[0,0],[5.25,15]],"o":[[0,0],[0.75,0.5]],"v":[[531.75,313.75],[515.75,310.75]],"c":false},"ix":2},"nm":"Path 3","mn":"ADBE Vector Shape - Group","hd":false},{"ty":"st","c":{"a":0,"k":[1,1,1,1],"ix":3},"o":{"a":0,"k":100,"ix":4},"w":{"a":0,"k":19,"ix":5},"lc":2,"lj":1,"ml":4,"bm":0,"nm":"Stroke 1","mn":"ADBE Vector Graphic - Stroke","hd":false},{"ty":"gf","o":{"a":0,"k":100,"ix":10},"r":1,"bm":0,"g":{"p":3,"k":{"a":0,"k":[0,0,0,0,0.389,0,0,0,1,0,0,0,0,0,0.329,0.5,0.998,1],"ix":9}},"s":{"a":0,"k":[0,0],"ix":5},"e":{"a":0,"k":[100,0],"ix":6},"t":2,"h":{"a":0,"k":0,"ix":7},"a":{"a":0,"k":0,"ix":8},"nm":"Gradient Fill 1","mn":"ADBE Vector Graphic - G-Fill","hd":false},{"ty":"tr","p":{"a":0,"k":[0,0],"ix":2},"a":{"a":0,"k":[0,0],"ix":1},"s":{"a":0,"k":[100,100],"ix":3},"r":{"a":0,"k":0,"ix":6},"o":{"a":0,"k":100,"ix":7},"sk":{"a":0,"k":0,"ix":4},"sa":{"a":0,"k":0,"ix":5},"nm":"Transform"}],"nm":"Flower","np":3,"cix":2,"bm":0,"ix":1,"mn":"ADBE Vector Group","hd":false},{"ty":"gr","it":[{"ind":0,"ty":"sh","ix":1,"ks":{"a":0,"k":{"i":[[0,0],[-20.5,2.5]],"o":[[0,0],[20.246,-2.469]],"v":[[522,354],[545,331.5]],"c":false},"ix":2},"nm":"Path 1","mn":"ADBE Vector Shape - Group","hd":false},{"ind":1,"ty":"sh","ix":2,"ks":{"a":0,"k":{"i":[[0,0],[-7,14.5]],"o":[[0,0],[8.867,-18.368]],"v":[[522,354],[524.5,318.5]],"c":false},"ix":2},"nm":"Path 3","mn":"ADBE Vector Shape - Group","hd":false},{"ind":2,"ty":"sh","ix":3,"ks":{"a":0,"k":{"i":[[0,0],[15,3]],"o":[[0,0],[-20,-4]],"v":[[522,354],[503,337]],"c":false},"ix":2},"nm":"Path 2","mn":"ADBE Vector Shape - Group","hd":false},{"ty":"st","c":{"a":0,"k":[0.070588235294,0.011764706817,0,1],"ix":3},"o":{"a":0,"k":100,"ix":4},"w":{"a":0,"k":12,"ix":5},"lc":2,"lj":1,"ml":4,"bm":0,"nm":"Stroke 1","mn":"ADBE Vector Graphic - Stroke","hd":false},{"ty":"gf","o":{"a":0,"k":100,"ix":10},"r":1,"bm":0,"g":{"p":3,"k":{"a":0,"k":[0,0,0,0,0.389,0,0,0,1,0,0,0,0,0,0.329,0.5,0.998,1],"ix":9}},"s":{"a":0,"k":[0,0],"ix":5},"e":{"a":0,"k":[100,0],"ix":6},"t":2,"h":{"a":0,"k":0,"ix":7},"a":{"a":0,"k":0,"ix":8},"nm":"Gradient Fill 1","mn":"ADBE Vector Graphic - G-Fill","hd":false},{"ty":"tr","p":{"a":0,"k":[0,0],"ix":2},"a":{"a":0,"k":[0,0],"ix":1},"s":{"a":0,"k":[100,100],"ix":3},"r":{"a":0,"k":0,"ix":6},"o":{"a":0,"k":100,"ix":7},"sk":{"a":0,"k":0,"ix":4},"sa":{"a":0,"k":0,"ix":5},"nm":"Transform"}],"nm":"Leaves","np":5,"cix":2,"bm":0,"ix":2,"mn":"ADBE Vector Group","hd":false},{"ty":"gr","it":[{"ind":0,"ty":"sh","ix":1,"ks":{"a":0,"k":{"i":[[0,0],[0,0]],"o":[[0,0],[0,0]],"v":[[490.5,360.5],[556.5,360.5]],"c":false},"ix":2},"nm":"Path 1","mn":"ADBE Vector Shape - Group","hd":false},{"ty":"st","c":{"a":0,"k":[0.070588235294,0.011764706817,0,1],"ix":3},"o":{"a":0,"k":100,"ix":4},"w":{"a":0,"k":3,"ix":5},"lc":1,"lj":1,"ml":4,"bm":0,"nm":"Stroke 1","mn":"ADBE Vector Graphic - Stroke","hd":false},{"ty":"gf","o":{"a":0,"k":100,"ix":10},"r":1,"bm":0,"g":{"p":3,"k":{"a":0,"k":[0,0,0,0,0.389,0,0,0,1,0,0,0,0,0,0.329,0.5,0.998,1],"ix":9}},"s":{"a":0,"k":[0,0],"ix":5},"e":{"a":0,"k":[100,0],"ix":6},"t":2,"h":{"a":0,"k":0,"ix":7},"a":{"a":0,"k":0,"ix":8},"nm":"Gradient Fill 1","mn":"ADBE Vector Graphic - G-Fill","hd":false},{"ty":"tr","p":{"a":0,"k":[0,0],"ix":2},"a":{"a":0,"k":[0,0],"ix":1},"s":{"a":0,"k":[100,100],"ix":3},"r":{"a":0,"k":0,"ix":6},"o":{"a":0,"k":100,"ix":7},"sk":{"a":0,"k":0,"ix":4},"sa":{"a":0,"k":0,"ix":5},"nm":"Transform"}],"nm":"Ground","np":3,"cix":2,"bm":0,"ix":3,"mn":"ADBE Vector Group","hd":false},{"ty":"tr","p":{"a":1,"k":[{"i":{"x":0.833,"y":0.833},"o":{"x":0.167,"y":0.167},"t":72,"s":[675.5,280],"to":[-215.333,0],"ti":[215.333,0]},{"t":180.00000733155,"s":[-616.5,280]}],"ix":2},"a":{"a":0,"k":[520.5,357.625],"ix":1},"s":{"a":1,"k":[{"i":{"x":[0.833,0.833],"y":[0.833,0.833]},"o":{"x":[0.167,0.167],"y":[0.167,0.167]},"t":72,"s":[0,0]},{"i":{"x":[0.833,0.833],"y":[0.833,0.833]},"o":{"x":[0.167,0.167],"y":[0.167,0.167]},"t":75,"s":[80,80]},{"i":{"x":[0.833,0.833],"y":[0.833,0.833]},"o":{"x":[0.167,0.167],"y":[0.167,0.167]},"t":177,"s":[80,80]},{"t":180.00000733155,"s":[0,0]}],"ix":3},"r":{"a":0,"k":0,"ix":6},"o":{"a":0,"k":100,"ix":7},"sk":{"a":0,"k":0,"ix":4},"sa":{"a":0,"k":0,"ix":5},"nm":"Transform"}],"nm":"Flower 3","np":3,"cix":2,"bm":0,"ix":1,"mn":"ADBE Vector Group","hd":false},{"ty":"gr","it":[{"ty":"gr","it":[{"ind":0,"ty":"sh","ix":1,"ks":{"a":0,"k":{"i":[[0,0],[5.25,15]],"o":[[0,0],[0.75,0.5]],"v":[[531.75,313.75],[515.75,310.75]],"c":false},"ix":2},"nm":"Path 3","mn":"ADBE Vector Shape - Group","hd":false},{"ty":"st","c":{"a":0,"k":[1,0.498131516401,0.129411749746,1],"ix":3},"o":{"a":0,"k":100,"ix":4},"w":{"a":0,"k":19,"ix":5},"lc":2,"lj":1,"ml":4,"bm":0,"nm":"Stroke 1","mn":"ADBE Vector Graphic - Stroke","hd":false},{"ty":"gf","o":{"a":0,"k":100,"ix":10},"r":1,"bm":0,"g":{"p":3,"k":{"a":0,"k":[0,0,0,0,0.389,0,0,0,1,0,0,0,0,0,0.329,0.5,0.998,1],"ix":9}},"s":{"a":0,"k":[0,0],"ix":5},"e":{"a":0,"k":[100,0],"ix":6},"t":2,"h":{"a":0,"k":0,"ix":7},"a":{"a":0,"k":0,"ix":8},"nm":"Gradient Fill 1","mn":"ADBE Vector Graphic - G-Fill","hd":false},{"ty":"tr","p":{"a":0,"k":[0,0],"ix":2},"a":{"a":0,"k":[0,0],"ix":1},"s":{"a":0,"k":[100,100],"ix":3},"r":{"a":0,"k":0,"ix":6},"o":{"a":0,"k":100,"ix":7},"sk":{"a":0,"k":0,"ix":4},"sa":{"a":0,"k":0,"ix":5},"nm":"Transform"}],"nm":"Flower","np":3,"cix":2,"bm":0,"ix":1,"mn":"ADBE Vector Group","hd":false},{"ty":"gr","it":[{"ind":0,"ty":"sh","ix":1,"ks":{"a":0,"k":{"i":[[0,0],[-20.5,2.5]],"o":[[0,0],[20.246,-2.469]],"v":[[522,354],[545,331.5]],"c":false},"ix":2},"nm":"Path 1","mn":"ADBE Vector Shape - Group","hd":false},{"ind":1,"ty":"sh","ix":2,"ks":{"a":0,"k":{"i":[[0,0],[-7,14.5]],"o":[[0,0],[8.867,-18.368]],"v":[[522,354],[524.5,318.5]],"c":false},"ix":2},"nm":"Path 3","mn":"ADBE Vector Shape - Group","hd":false},{"ind":2,"ty":"sh","ix":3,"ks":{"a":0,"k":{"i":[[0,0],[15,3]],"o":[[0,0],[-20,-4]],"v":[[522,354],[503,337]],"c":false},"ix":2},"nm":"Path 2","mn":"ADBE Vector Shape - Group","hd":false},{"ty":"st","c":{"a":0,"k":[0.070588235294,0.011764706817,0,1],"ix":3},"o":{"a":0,"k":100,"ix":4},"w":{"a":0,"k":12,"ix":5},"lc":2,"lj":1,"ml":4,"bm":0,"nm":"Stroke 1","mn":"ADBE Vector Graphic - Stroke","hd":false},{"ty":"gf","o":{"a":0,"k":100,"ix":10},"r":1,"bm":0,"g":{"p":3,"k":{"a":0,"k":[0,0,0,0,0.389,0,0,0,1,0,0,0,0,0,0.329,0.5,0.998,1],"ix":9}},"s":{"a":0,"k":[0,0],"ix":5},"e":{"a":0,"k":[100,0],"ix":6},"t":2,"h":{"a":0,"k":0,"ix":7},"a":{"a":0,"k":0,"ix":8},"nm":"Gradient Fill 1","mn":"ADBE Vector Graphic - G-Fill","hd":false},{"ty":"tr","p":{"a":0,"k":[0,0],"ix":2},"a":{"a":0,"k":[0,0],"ix":1},"s":{"a":0,"k":[100,100],"ix":3},"r":{"a":0,"k":0,"ix":6},"o":{"a":0,"k":100,"ix":7},"sk":{"a":0,"k":0,"ix":4},"sa":{"a":0,"k":0,"ix":5},"nm":"Transform"}],"nm":"Leaves","np":5,"cix":2,"bm":0,"ix":2,"mn":"ADBE Vector Group","hd":false},{"ty":"gr","it":[{"ind":0,"ty":"sh","ix":1,"ks":{"a":0,"k":{"i":[[0,0],[0,0]],"o":[[0,0],[0,0]],"v":[[490.5,360.5],[556.5,360.5]],"c":false},"ix":2},"nm":"Path 1","mn":"ADBE Vector Shape - Group","hd":false},{"ty":"st","c":{"a":0,"k":[0.070588235294,0.011764706817,0,1],"ix":3},"o":{"a":0,"k":100,"ix":4},"w":{"a":0,"k":3,"ix":5},"lc":1,"lj":1,"ml":4,"bm":0,"nm":"Stroke 1","mn":"ADBE Vector Graphic - Stroke","hd":false},{"ty":"gf","o":{"a":0,"k":100,"ix":10},"r":1,"bm":0,"g":{"p":3,"k":{"a":0,"k":[0,0,0,0,0.389,0,0,0,1,0,0,0,0,0,0.329,0.5,0.998,1],"ix":9}},"s":{"a":0,"k":[0,0],"ix":5},"e":{"a":0,"k":[100,0],"ix":6},"t":2,"h":{"a":0,"k":0,"ix":7},"a":{"a":0,"k":0,"ix":8},"nm":"Gradient Fill 1","mn":"ADBE Vector Graphic - G-Fill","hd":false},{"ty":"tr","p":{"a":0,"k":[0,0],"ix":2},"a":{"a":0,"k":[0,0],"ix":1},"s":{"a":0,"k":[100,100],"ix":3},"r":{"a":0,"k":0,"ix":6},"o":{"a":0,"k":100,"ix":7},"sk":{"a":0,"k":0,"ix":4},"sa":{"a":0,"k":0,"ix":5},"nm":"Transform"}],"nm":"Ground","np":3,"cix":2,"bm":0,"ix":3,"mn":"ADBE Vector Group","hd":false},{"ty":"tr","p":{"a":1,"k":[{"i":{"x":0.833,"y":0.833},"o":{"x":0.167,"y":0.167},"t":91,"s":[675.5,400],"to":[-215.333,0],"ti":[215.333,0]},{"t":194.000007901782,"s":[-616.5,400]}],"ix":2},"a":{"a":0,"k":[520.5,357.625],"ix":1},"s":{"a":1,"k":[{"i":{"x":[0.833,0.833],"y":[0.833,0.833]},"o":{"x":[0.167,0.167],"y":[0.167,0.167]},"t":91,"s":[0,0]},{"i":{"x":[0.833,0.833],"y":[0.833,0.833]},"o":{"x":[0.167,0.167],"y":[0.167,0.167]},"t":94,"s":[100,100]},{"i":{"x":[0.833,0.833],"y":[0.833,0.833]},"o":{"x":[0.167,0.167],"y":[0.167,0.167]},"t":191,"s":[100,100]},{"t":194.000007901782,"s":[0,0]}],"ix":3},"r":{"a":0,"k":0,"ix":6},"o":{"a":0,"k":100,"ix":7},"sk":{"a":0,"k":0,"ix":4},"sa":{"a":0,"k":0,"ix":5},"nm":"Transform"}],"nm":"Flower 2","np":3,"cix":2,"bm":0,"ix":2,"mn":"ADBE Vector Group","hd":false},{"ty":"gr","it":[{"ty":"gr","it":[{"ind":0,"ty":"sh","ix":1,"ks":{"a":0,"k":{"i":[[0,0],[5.25,15]],"o":[[0,0],[0.75,0.5]],"v":[[531.75,313.75],[515.75,310.75]],"c":false},"ix":2},"nm":"Path 3","mn":"ADBE Vector Shape - Group","hd":false},{"ty":"st","c":{"a":0,"k":[1,0.498131516401,0.129411749746,1],"ix":3},"o":{"a":0,"k":100,"ix":4},"w":{"a":0,"k":19,"ix":5},"lc":2,"lj":1,"ml":4,"bm":0,"nm":"Stroke 1","mn":"ADBE Vector Graphic - Stroke","hd":false},{"ty":"gf","o":{"a":0,"k":100,"ix":10},"r":1,"bm":0,"g":{"p":3,"k":{"a":0,"k":[0,0,0,0,0.389,0,0,0,1,0,0,0,0,0,0.329,0.5,0.998,1],"ix":9}},"s":{"a":0,"k":[0,0],"ix":5},"e":{"a":0,"k":[100,0],"ix":6},"t":2,"h":{"a":0,"k":0,"ix":7},"a":{"a":0,"k":0,"ix":8},"nm":"Gradient Fill 1","mn":"ADBE Vector Graphic - G-Fill","hd":false},{"ty":"tr","p":{"a":0,"k":[0,0],"ix":2},"a":{"a":0,"k":[0,0],"ix":1},"s":{"a":0,"k":[100,100],"ix":3},"r":{"a":0,"k":0,"ix":6},"o":{"a":0,"k":100,"ix":7},"sk":{"a":0,"k":0,"ix":4},"sa":{"a":0,"k":0,"ix":5},"nm":"Transform"}],"nm":"Flower","np":3,"cix":2,"bm":0,"ix":1,"mn":"ADBE Vector Group","hd":false},{"ty":"gr","it":[{"ind":0,"ty":"sh","ix":1,"ks":{"a":0,"k":{"i":[[0,0],[-20.5,2.5]],"o":[[0,0],[20.246,-2.469]],"v":[[522,354],[545,331.5]],"c":false},"ix":2},"nm":"Path 1","mn":"ADBE Vector Shape - Group","hd":false},{"ind":1,"ty":"sh","ix":2,"ks":{"a":0,"k":{"i":[[0,0],[-7,14.5]],"o":[[0,0],[8.867,-18.368]],"v":[[522,354],[524.5,318.5]],"c":false},"ix":2},"nm":"Path 3","mn":"ADBE Vector Shape - Group","hd":false},{"ind":2,"ty":"sh","ix":3,"ks":{"a":0,"k":{"i":[[0,0],[15,3]],"o":[[0,0],[-20,-4]],"v":[[522,354],[503,337]],"c":false},"ix":2},"nm":"Path 2","mn":"ADBE Vector Shape - Group","hd":false},{"ty":"st","c":{"a":0,"k":[0.070588235294,0.011764706817,0,1],"ix":3},"o":{"a":0,"k":100,"ix":4},"w":{"a":0,"k":12,"ix":5},"lc":2,"lj":1,"ml":4,"bm":0,"nm":"Stroke 1","mn":"ADBE Vector Graphic - Stroke","hd":false},{"ty":"gf","o":{"a":0,"k":100,"ix":10},"r":1,"bm":0,"g":{"p":3,"k":{"a":0,"k":[0,0,0,0,0.389,0,0,0,1,0,0,0,0,0,0.329,0.5,0.998,1],"ix":9}},"s":{"a":0,"k":[0,0],"ix":5},"e":{"a":0,"k":[100,0],"ix":6},"t":2,"h":{"a":0,"k":0,"ix":7},"a":{"a":0,"k":0,"ix":8},"nm":"Gradient Fill 1","mn":"ADBE Vector Graphic - G-Fill","hd":false},{"ty":"tr","p":{"a":0,"k":[0,0],"ix":2},"a":{"a":0,"k":[0,0],"ix":1},"s":{"a":0,"k":[100,100],"ix":3},"r":{"a":0,"k":0,"ix":6},"o":{"a":0,"k":100,"ix":7},"sk":{"a":0,"k":0,"ix":4},"sa":{"a":0,"k":0,"ix":5},"nm":"Transform"}],"nm":"Leaves","np":5,"cix":2,"bm":0,"ix":2,"mn":"ADBE Vector Group","hd":false},{"ty":"gr","it":[{"ind":0,"ty":"sh","ix":1,"ks":{"a":0,"k":{"i":[[0,0],[0,0]],"o":[[0,0],[0,0]],"v":[[490.5,360.5],[556.5,360.5]],"c":false},"ix":2},"nm":"Path 1","mn":"ADBE Vector Shape - Group","hd":false},{"ty":"st","c":{"a":0,"k":[0.070588235294,0.011764706817,0,1],"ix":3},"o":{"a":0,"k":100,"ix":4},"w":{"a":0,"k":3,"ix":5},"lc":1,"lj":1,"ml":4,"bm":0,"nm":"Stroke 1","mn":"ADBE Vector Graphic - Stroke","hd":false},{"ty":"gf","o":{"a":0,"k":100,"ix":10},"r":1,"bm":0,"g":{"p":3,"k":{"a":0,"k":[0,0,0,0,0.389,0,0,0,1,0,0,0,0,0,0.329,0.5,0.998,1],"ix":9}},"s":{"a":0,"k":[0,0],"ix":5},"e":{"a":0,"k":[100,0],"ix":6},"t":2,"h":{"a":0,"k":0,"ix":7},"a":{"a":0,"k":0,"ix":8},"nm":"Gradient Fill 1","mn":"ADBE Vector Graphic - G-Fill","hd":false},{"ty":"tr","p":{"a":0,"k":[0,0],"ix":2},"a":{"a":0,"k":[0,0],"ix":1},"s":{"a":0,"k":[100,100],"ix":3},"r":{"a":0,"k":0,"ix":6},"o":{"a":0,"k":100,"ix":7},"sk":{"a":0,"k":0,"ix":4},"sa":{"a":0,"k":0,"ix":5},"nm":"Transform"}],"nm":"Ground","np":3,"cix":2,"bm":0,"ix":3,"mn":"ADBE Vector Group","hd":false},{"ty":"tr","p":{"a":1,"k":[{"i":{"x":0.833,"y":0.833},"o":{"x":0.167,"y":0.167},"t":60,"s":[675.5,357.625],"to":[-215.333,0],"ti":[215.333,0]},{"t":151.000006150356,"s":[-616.5,357.625]}],"ix":2},"a":{"a":0,"k":[520.5,357.625],"ix":1},"s":{"a":1,"k":[{"i":{"x":[0.833,0.833],"y":[0.833,0.833]},"o":{"x":[0.167,0.167],"y":[0.167,0.167]},"t":60,"s":[0,0]},{"i":{"x":[0.833,0.833],"y":[0.833,0.833]},"o":{"x":[0.167,0.167],"y":[0.167,0.167]},"t":63,"s":[100,100]},{"i":{"x":[0.833,0.833],"y":[0.833,0.833]},"o":{"x":[0.167,0.167],"y":[0.167,0.167]},"t":148,"s":[100,100]},{"t":151.000006150356,"s":[0,0]}],"ix":3},"r":{"a":0,"k":0,"ix":6},"o":{"a":0,"k":100,"ix":7},"sk":{"a":0,"k":0,"ix":4},"sa":{"a":0,"k":0,"ix":5},"nm":"Transform"}],"nm":"Flower 1","np":3,"cix":2,"bm":0,"ix":3,"mn":"ADBE Vector Group","hd":false}],"ip":60.0000024438501,"op":210.000008553475,"st":60.0000024438501,"bm":0},{"ddd":0,"ind":5,"ty":4,"nm":"Fluwers 2","parent":1,"sr":1,"ks":{"o":{"a":0,"k":100,"ix":11},"r":{"a":0,"k":0,"ix":10},"p":{"a":0,"k":[0,0,0],"ix":2},"a":{"a":0,"k":[0,0,0],"ix":1},"s":{"a":0,"k":[100,100,100],"ix":6}},"ao":0,"shapes":[{"ty":"gr","it":[{"ty":"gr","it":[{"ind":0,"ty":"sh","ix":1,"ks":{"a":0,"k":{"i":[[0,0],[5.25,15]],"o":[[0,0],[0.75,0.5]],"v":[[531.75,313.75],[515.75,310.75]],"c":false},"ix":2},"nm":"Path 3","mn":"ADBE Vector Shape - Group","hd":false},{"ty":"st","c":{"a":0,"k":[1,1,1,1],"ix":3},"o":{"a":0,"k":100,"ix":4},"w":{"a":0,"k":19,"ix":5},"lc":2,"lj":1,"ml":4,"bm":0,"nm":"Stroke 1","mn":"ADBE Vector Graphic - Stroke","hd":false},{"ty":"gf","o":{"a":0,"k":100,"ix":10},"r":1,"bm":0,"g":{"p":3,"k":{"a":0,"k":[0,0,0,0,0.389,0,0,0,1,0,0,0,0,0,0.329,0.5,0.998,1],"ix":9}},"s":{"a":0,"k":[0,0],"ix":5},"e":{"a":0,"k":[100,0],"ix":6},"t":2,"h":{"a":0,"k":0,"ix":7},"a":{"a":0,"k":0,"ix":8},"nm":"Gradient Fill 1","mn":"ADBE Vector Graphic - G-Fill","hd":false},{"ty":"tr","p":{"a":0,"k":[0,0],"ix":2},"a":{"a":0,"k":[0,0],"ix":1},"s":{"a":0,"k":[100,100],"ix":3},"r":{"a":0,"k":0,"ix":6},"o":{"a":0,"k":100,"ix":7},"sk":{"a":0,"k":0,"ix":4},"sa":{"a":0,"k":0,"ix":5},"nm":"Transform"}],"nm":"Flower","np":3,"cix":2,"bm":0,"ix":1,"mn":"ADBE Vector Group","hd":false},{"ty":"gr","it":[{"ind":0,"ty":"sh","ix":1,"ks":{"a":0,"k":{"i":[[0,0],[-20.5,2.5]],"o":[[0,0],[20.246,-2.469]],"v":[[522,354],[545,331.5]],"c":false},"ix":2},"nm":"Path 1","mn":"ADBE Vector Shape - Group","hd":false},{"ind":1,"ty":"sh","ix":2,"ks":{"a":0,"k":{"i":[[0,0],[-7,14.5]],"o":[[0,0],[8.867,-18.368]],"v":[[522,354],[524.5,318.5]],"c":false},"ix":2},"nm":"Path 3","mn":"ADBE Vector Shape - Group","hd":false},{"ind":2,"ty":"sh","ix":3,"ks":{"a":0,"k":{"i":[[0,0],[15,3]],"o":[[0,0],[-20,-4]],"v":[[522,354],[503,337]],"c":false},"ix":2},"nm":"Path 2","mn":"ADBE Vector Shape - Group","hd":false},{"ty":"st","c":{"a":0,"k":[0.070588235294,0.011764706817,0,1],"ix":3},"o":{"a":0,"k":100,"ix":4},"w":{"a":0,"k":12,"ix":5},"lc":2,"lj":1,"ml":4,"bm":0,"nm":"Stroke 1","mn":"ADBE Vector Graphic - Stroke","hd":false},{"ty":"gf","o":{"a":0,"k":100,"ix":10},"r":1,"bm":0,"g":{"p":3,"k":{"a":0,"k":[0,0,0,0,0.389,0,0,0,1,0,0,0,0,0,0.329,0.5,0.998,1],"ix":9}},"s":{"a":0,"k":[0,0],"ix":5},"e":{"a":0,"k":[100,0],"ix":6},"t":2,"h":{"a":0,"k":0,"ix":7},"a":{"a":0,"k":0,"ix":8},"nm":"Gradient Fill 1","mn":"ADBE Vector Graphic - G-Fill","hd":false},{"ty":"tr","p":{"a":0,"k":[0,0],"ix":2},"a":{"a":0,"k":[0,0],"ix":1},"s":{"a":0,"k":[100,100],"ix":3},"r":{"a":0,"k":0,"ix":6},"o":{"a":0,"k":100,"ix":7},"sk":{"a":0,"k":0,"ix":4},"sa":{"a":0,"k":0,"ix":5},"nm":"Transform"}],"nm":"Leaves","np":5,"cix":2,"bm":0,"ix":2,"mn":"ADBE Vector Group","hd":false},{"ty":"gr","it":[{"ind":0,"ty":"sh","ix":1,"ks":{"a":0,"k":{"i":[[0,0],[0,0]],"o":[[0,0],[0,0]],"v":[[490.5,360.5],[556.5,360.5]],"c":false},"ix":2},"nm":"Path 1","mn":"ADBE Vector Shape - Group","hd":false},{"ty":"st","c":{"a":0,"k":[0.070588235294,0.011764706817,0,1],"ix":3},"o":{"a":0,"k":100,"ix":4},"w":{"a":0,"k":3,"ix":5},"lc":1,"lj":1,"ml":4,"bm":0,"nm":"Stroke 1","mn":"ADBE Vector Graphic - Stroke","hd":false},{"ty":"gf","o":{"a":0,"k":100,"ix":10},"r":1,"bm":0,"g":{"p":3,"k":{"a":0,"k":[0,0,0,0,0.389,0,0,0,1,0,0,0,0,0,0.329,0.5,0.998,1],"ix":9}},"s":{"a":0,"k":[0,0],"ix":5},"e":{"a":0,"k":[100,0],"ix":6},"t":2,"h":{"a":0,"k":0,"ix":7},"a":{"a":0,"k":0,"ix":8},"nm":"Gradient Fill 1","mn":"ADBE Vector Graphic - G-Fill","hd":false},{"ty":"tr","p":{"a":0,"k":[0,0],"ix":2},"a":{"a":0,"k":[0,0],"ix":1},"s":{"a":0,"k":[100,100],"ix":3},"r":{"a":0,"k":0,"ix":6},"o":{"a":0,"k":100,"ix":7},"sk":{"a":0,"k":0,"ix":4},"sa":{"a":0,"k":0,"ix":5},"nm":"Transform"}],"nm":"Ground","np":3,"cix":2,"bm":0,"ix":3,"mn":"ADBE Vector Group","hd":false},{"ty":"tr","p":{"a":1,"k":[{"i":{"x":0.833,"y":0.833},"o":{"x":0.167,"y":0.167},"t":12,"s":[675.5,280],"to":[-215.333,0],"ti":[215.333,0]},{"t":120.0000048877,"s":[-616.5,280]}],"ix":2},"a":{"a":0,"k":[520.5,357.625],"ix":1},"s":{"a":1,"k":[{"i":{"x":[0.833,0.833],"y":[0.833,0.833]},"o":{"x":[0.167,0.167],"y":[0.167,0.167]},"t":12,"s":[0,0]},{"i":{"x":[0.833,0.833],"y":[0.833,0.833]},"o":{"x":[0.167,0.167],"y":[0.167,0.167]},"t":15,"s":[80,80]},{"i":{"x":[0.833,0.833],"y":[0.833,0.833]},"o":{"x":[0.167,0.167],"y":[0.167,0.167]},"t":117,"s":[80,80]},{"t":120.0000048877,"s":[0,0]}],"ix":3},"r":{"a":0,"k":0,"ix":6},"o":{"a":0,"k":100,"ix":7},"sk":{"a":0,"k":0,"ix":4},"sa":{"a":0,"k":0,"ix":5},"nm":"Transform"}],"nm":"Flower 3","np":3,"cix":2,"bm":0,"ix":1,"mn":"ADBE Vector Group","hd":false},{"ty":"gr","it":[{"ty":"gr","it":[{"ind":0,"ty":"sh","ix":1,"ks":{"a":0,"k":{"i":[[0,0],[5.25,15]],"o":[[0,0],[0.75,0.5]],"v":[[531.75,313.75],[515.75,310.75]],"c":false},"ix":2},"nm":"Path 3","mn":"ADBE Vector Shape - Group","hd":false},{"ty":"st","c":{"a":0,"k":[1,0.498131516401,0.129411749746,1],"ix":3},"o":{"a":0,"k":100,"ix":4},"w":{"a":0,"k":19,"ix":5},"lc":2,"lj":1,"ml":4,"bm":0,"nm":"Stroke 1","mn":"ADBE Vector Graphic - Stroke","hd":false},{"ty":"gf","o":{"a":0,"k":100,"ix":10},"r":1,"bm":0,"g":{"p":3,"k":{"a":0,"k":[0,0,0,0,0.389,0,0,0,1,0,0,0,0,0,0.329,0.5,0.998,1],"ix":9}},"s":{"a":0,"k":[0,0],"ix":5},"e":{"a":0,"k":[100,0],"ix":6},"t":2,"h":{"a":0,"k":0,"ix":7},"a":{"a":0,"k":0,"ix":8},"nm":"Gradient Fill 1","mn":"ADBE Vector Graphic - G-Fill","hd":false},{"ty":"tr","p":{"a":0,"k":[0,0],"ix":2},"a":{"a":0,"k":[0,0],"ix":1},"s":{"a":0,"k":[100,100],"ix":3},"r":{"a":0,"k":0,"ix":6},"o":{"a":0,"k":100,"ix":7},"sk":{"a":0,"k":0,"ix":4},"sa":{"a":0,"k":0,"ix":5},"nm":"Transform"}],"nm":"Flower","np":3,"cix":2,"bm":0,"ix":1,"mn":"ADBE Vector Group","hd":false},{"ty":"gr","it":[{"ind":0,"ty":"sh","ix":1,"ks":{"a":0,"k":{"i":[[0,0],[-20.5,2.5]],"o":[[0,0],[20.246,-2.469]],"v":[[522,354],[545,331.5]],"c":false},"ix":2},"nm":"Path 1","mn":"ADBE Vector Shape - Group","hd":false},{"ind":1,"ty":"sh","ix":2,"ks":{"a":0,"k":{"i":[[0,0],[-7,14.5]],"o":[[0,0],[8.867,-18.368]],"v":[[522,354],[524.5,318.5]],"c":false},"ix":2},"nm":"Path 3","mn":"ADBE Vector Shape - Group","hd":false},{"ind":2,"ty":"sh","ix":3,"ks":{"a":0,"k":{"i":[[0,0],[15,3]],"o":[[0,0],[-20,-4]],"v":[[522,354],[503,337]],"c":false},"ix":2},"nm":"Path 2","mn":"ADBE Vector Shape - Group","hd":false},{"ty":"st","c":{"a":0,"k":[0.070588235294,0.011764706817,0,1],"ix":3},"o":{"a":0,"k":100,"ix":4},"w":{"a":0,"k":12,"ix":5},"lc":2,"lj":1,"ml":4,"bm":0,"nm":"Stroke 1","mn":"ADBE Vector Graphic - Stroke","hd":false},{"ty":"gf","o":{"a":0,"k":100,"ix":10},"r":1,"bm":0,"g":{"p":3,"k":{"a":0,"k":[0,0,0,0,0.389,0,0,0,1,0,0,0,0,0,0.329,0.5,0.998,1],"ix":9}},"s":{"a":0,"k":[0,0],"ix":5},"e":{"a":0,"k":[100,0],"ix":6},"t":2,"h":{"a":0,"k":0,"ix":7},"a":{"a":0,"k":0,"ix":8},"nm":"Gradient Fill 1","mn":"ADBE Vector Graphic - G-Fill","hd":false},{"ty":"tr","p":{"a":0,"k":[0,0],"ix":2},"a":{"a":0,"k":[0,0],"ix":1},"s":{"a":0,"k":[100,100],"ix":3},"r":{"a":0,"k":0,"ix":6},"o":{"a":0,"k":100,"ix":7},"sk":{"a":0,"k":0,"ix":4},"sa":{"a":0,"k":0,"ix":5},"nm":"Transform"}],"nm":"Leaves","np":5,"cix":2,"bm":0,"ix":2,"mn":"ADBE Vector Group","hd":false},{"ty":"gr","it":[{"ind":0,"ty":"sh","ix":1,"ks":{"a":0,"k":{"i":[[0,0],[0,0]],"o":[[0,0],[0,0]],"v":[[490.5,360.5],[556.5,360.5]],"c":false},"ix":2},"nm":"Path 1","mn":"ADBE Vector Shape - Group","hd":false},{"ty":"st","c":{"a":0,"k":[0.070588235294,0.011764706817,0,1],"ix":3},"o":{"a":0,"k":100,"ix":4},"w":{"a":0,"k":3,"ix":5},"lc":1,"lj":1,"ml":4,"bm":0,"nm":"Stroke 1","mn":"ADBE Vector Graphic - Stroke","hd":false},{"ty":"gf","o":{"a":0,"k":100,"ix":10},"r":1,"bm":0,"g":{"p":3,"k":{"a":0,"k":[0,0,0,0,0.389,0,0,0,1,0,0,0,0,0,0.329,0.5,0.998,1],"ix":9}},"s":{"a":0,"k":[0,0],"ix":5},"e":{"a":0,"k":[100,0],"ix":6},"t":2,"h":{"a":0,"k":0,"ix":7},"a":{"a":0,"k":0,"ix":8},"nm":"Gradient Fill 1","mn":"ADBE Vector Graphic - G-Fill","hd":false},{"ty":"tr","p":{"a":0,"k":[0,0],"ix":2},"a":{"a":0,"k":[0,0],"ix":1},"s":{"a":0,"k":[100,100],"ix":3},"r":{"a":0,"k":0,"ix":6},"o":{"a":0,"k":100,"ix":7},"sk":{"a":0,"k":0,"ix":4},"sa":{"a":0,"k":0,"ix":5},"nm":"Transform"}],"nm":"Ground","np":3,"cix":2,"bm":0,"ix":3,"mn":"ADBE Vector Group","hd":false},{"ty":"tr","p":{"a":1,"k":[{"i":{"x":0.833,"y":0.833},"o":{"x":0.167,"y":0.167},"t":31,"s":[675.5,400],"to":[-215.333,0],"ti":[215.333,0]},{"t":134.000005457932,"s":[-616.5,400]}],"ix":2},"a":{"a":0,"k":[520.5,357.625],"ix":1},"s":{"a":1,"k":[{"i":{"x":[0.833,0.833],"y":[0.833,0.833]},"o":{"x":[0.167,0.167],"y":[0.167,0.167]},"t":31,"s":[0,0]},{"i":{"x":[0.833,0.833],"y":[0.833,0.833]},"o":{"x":[0.167,0.167],"y":[0.167,0.167]},"t":34,"s":[100,100]},{"i":{"x":[0.833,0.833],"y":[0.833,0.833]},"o":{"x":[0.167,0.167],"y":[0.167,0.167]},"t":131,"s":[100,100]},{"t":134.000005457932,"s":[0,0]}],"ix":3},"r":{"a":0,"k":0,"ix":6},"o":{"a":0,"k":100,"ix":7},"sk":{"a":0,"k":0,"ix":4},"sa":{"a":0,"k":0,"ix":5},"nm":"Transform"}],"nm":"Flower 2","np":3,"cix":2,"bm":0,"ix":2,"mn":"ADBE Vector Group","hd":false},{"ty":"gr","it":[{"ty":"gr","it":[{"ind":0,"ty":"sh","ix":1,"ks":{"a":0,"k":{"i":[[0,0],[5.25,15]],"o":[[0,0],[0.75,0.5]],"v":[[531.75,313.75],[515.75,310.75]],"c":false},"ix":2},"nm":"Path 3","mn":"ADBE Vector Shape - Group","hd":false},{"ty":"st","c":{"a":0,"k":[1,0.498131516401,0.129411749746,1],"ix":3},"o":{"a":0,"k":100,"ix":4},"w":{"a":0,"k":19,"ix":5},"lc":2,"lj":1,"ml":4,"bm":0,"nm":"Stroke 1","mn":"ADBE Vector Graphic - Stroke","hd":false},{"ty":"gf","o":{"a":0,"k":100,"ix":10},"r":1,"bm":0,"g":{"p":3,"k":{"a":0,"k":[0,0,0,0,0.389,0,0,0,1,0,0,0,0,0,0.329,0.5,0.998,1],"ix":9}},"s":{"a":0,"k":[0,0],"ix":5},"e":{"a":0,"k":[100,0],"ix":6},"t":2,"h":{"a":0,"k":0,"ix":7},"a":{"a":0,"k":0,"ix":8},"nm":"Gradient Fill 1","mn":"ADBE Vector Graphic - G-Fill","hd":false},{"ty":"tr","p":{"a":0,"k":[0,0],"ix":2},"a":{"a":0,"k":[0,0],"ix":1},"s":{"a":0,"k":[100,100],"ix":3},"r":{"a":0,"k":0,"ix":6},"o":{"a":0,"k":100,"ix":7},"sk":{"a":0,"k":0,"ix":4},"sa":{"a":0,"k":0,"ix":5},"nm":"Transform"}],"nm":"Flower","np":3,"cix":2,"bm":0,"ix":1,"mn":"ADBE Vector Group","hd":false},{"ty":"gr","it":[{"ind":0,"ty":"sh","ix":1,"ks":{"a":0,"k":{"i":[[0,0],[-20.5,2.5]],"o":[[0,0],[20.246,-2.469]],"v":[[522,354],[545,331.5]],"c":false},"ix":2},"nm":"Path 1","mn":"ADBE Vector Shape - Group","hd":false},{"ind":1,"ty":"sh","ix":2,"ks":{"a":0,"k":{"i":[[0,0],[-7,14.5]],"o":[[0,0],[8.867,-18.368]],"v":[[522,354],[524.5,318.5]],"c":false},"ix":2},"nm":"Path 3","mn":"ADBE Vector Shape - Group","hd":false},{"ind":2,"ty":"sh","ix":3,"ks":{"a":0,"k":{"i":[[0,0],[15,3]],"o":[[0,0],[-20,-4]],"v":[[522,354],[503,337]],"c":false},"ix":2},"nm":"Path 2","mn":"ADBE Vector Shape - Group","hd":false},{"ty":"st","c":{"a":0,"k":[0.070588235294,0.011764706817,0,1],"ix":3},"o":{"a":0,"k":100,"ix":4},"w":{"a":0,"k":12,"ix":5},"lc":2,"lj":1,"ml":4,"bm":0,"nm":"Stroke 1","mn":"ADBE Vector Graphic - Stroke","hd":false},{"ty":"gf","o":{"a":0,"k":100,"ix":10},"r":1,"bm":0,"g":{"p":3,"k":{"a":0,"k":[0,0,0,0,0.389,0,0,0,1,0,0,0,0,0,0.329,0.5,0.998,1],"ix":9}},"s":{"a":0,"k":[0,0],"ix":5},"e":{"a":0,"k":[100,0],"ix":6},"t":2,"h":{"a":0,"k":0,"ix":7},"a":{"a":0,"k":0,"ix":8},"nm":"Gradient Fill 1","mn":"ADBE Vector Graphic - G-Fill","hd":false},{"ty":"tr","p":{"a":0,"k":[0,0],"ix":2},"a":{"a":0,"k":[0,0],"ix":1},"s":{"a":0,"k":[100,100],"ix":3},"r":{"a":0,"k":0,"ix":6},"o":{"a":0,"k":100,"ix":7},"sk":{"a":0,"k":0,"ix":4},"sa":{"a":0,"k":0,"ix":5},"nm":"Transform"}],"nm":"Leaves","np":5,"cix":2,"bm":0,"ix":2,"mn":"ADBE Vector Group","hd":false},{"ty":"gr","it":[{"ind":0,"ty":"sh","ix":1,"ks":{"a":0,"k":{"i":[[0,0],[0,0]],"o":[[0,0],[0,0]],"v":[[490.5,360.5],[556.5,360.5]],"c":false},"ix":2},"nm":"Path 1","mn":"ADBE Vector Shape - Group","hd":false},{"ty":"st","c":{"a":0,"k":[0.070588235294,0.011764706817,0,1],"ix":3},"o":{"a":0,"k":100,"ix":4},"w":{"a":0,"k":3,"ix":5},"lc":1,"lj":1,"ml":4,"bm":0,"nm":"Stroke 1","mn":"ADBE Vector Graphic - Stroke","hd":false},{"ty":"gf","o":{"a":0,"k":100,"ix":10},"r":1,"bm":0,"g":{"p":3,"k":{"a":0,"k":[0,0,0,0,0.389,0,0,0,1,0,0,0,0,0,0.329,0.5,0.998,1],"ix":9}},"s":{"a":0,"k":[0,0],"ix":5},"e":{"a":0,"k":[100,0],"ix":6},"t":2,"h":{"a":0,"k":0,"ix":7},"a":{"a":0,"k":0,"ix":8},"nm":"Gradient Fill 1","mn":"ADBE Vector Graphic - G-Fill","hd":false},{"ty":"tr","p":{"a":0,"k":[0,0],"ix":2},"a":{"a":0,"k":[0,0],"ix":1},"s":{"a":0,"k":[100,100],"ix":3},"r":{"a":0,"k":0,"ix":6},"o":{"a":0,"k":100,"ix":7},"sk":{"a":0,"k":0,"ix":4},"sa":{"a":0,"k":0,"ix":5},"nm":"Transform"}],"nm":"Ground","np":3,"cix":2,"bm":0,"ix":3,"mn":"ADBE Vector Group","hd":false},{"ty":"tr","p":{"a":1,"k":[{"i":{"x":0.833,"y":0.833},"o":{"x":0.167,"y":0.167},"t":0,"s":[675.5,357.625],"to":[-215.333,0],"ti":[215.333,0]},{"t":91.000003706506,"s":[-616.5,357.625]}],"ix":2},"a":{"a":0,"k":[520.5,357.625],"ix":1},"s":{"a":1,"k":[{"i":{"x":[0.833,0.833],"y":[0.833,0.833]},"o":{"x":[0.167,0.167],"y":[0.167,0.167]},"t":0,"s":[0,0]},{"i":{"x":[0.833,0.833],"y":[0.833,0.833]},"o":{"x":[0.167,0.167],"y":[0.167,0.167]},"t":3,"s":[100,100]},{"i":{"x":[0.833,0.833],"y":[0.833,0.833]},"o":{"x":[0.167,0.167],"y":[0.167,0.167]},"t":88,"s":[100,100]},{"t":91.000003706506,"s":[0,0]}],"ix":3},"r":{"a":0,"k":0,"ix":6},"o":{"a":0,"k":100,"ix":7},"sk":{"a":0,"k":0,"ix":4},"sa":{"a":0,"k":0,"ix":5},"nm":"Transform"}],"nm":"Flower 1","np":3,"cix":2,"bm":0,"ix":3,"mn":"ADBE Vector Group","hd":false}],"ip":0,"op":150.000006109625,"st":0,"bm":0},{"ddd":0,"ind":6,"ty":4,"nm":"Fluwers","parent":1,"sr":1,"ks":{"o":{"a":0,"k":100,"ix":11},"r":{"a":0,"k":0,"ix":10},"p":{"a":0,"k":[0,0,0],"ix":2},"a":{"a":0,"k":[0,0,0],"ix":1},"s":{"a":0,"k":[100,100,100],"ix":6}},"ao":0,"shapes":[{"ty":"gr","it":[{"ty":"gr","it":[{"ind":0,"ty":"sh","ix":1,"ks":{"a":0,"k":{"i":[[0,0],[5.25,15]],"o":[[0,0],[0.75,0.5]],"v":[[531.75,313.75],[515.75,310.75]],"c":false},"ix":2},"nm":"Path 3","mn":"ADBE Vector Shape - Group","hd":false},{"ty":"st","c":{"a":0,"k":[1,1,1,1],"ix":3},"o":{"a":0,"k":100,"ix":4},"w":{"a":0,"k":19,"ix":5},"lc":2,"lj":1,"ml":4,"bm":0,"nm":"Stroke 1","mn":"ADBE Vector Graphic - Stroke","hd":false},{"ty":"gf","o":{"a":0,"k":100,"ix":10},"r":1,"bm":0,"g":{"p":3,"k":{"a":0,"k":[0,0,0,0,0.389,0,0,0,1,0,0,0,0,0,0.329,0.5,0.998,1],"ix":9}},"s":{"a":0,"k":[0,0],"ix":5},"e":{"a":0,"k":[100,0],"ix":6},"t":2,"h":{"a":0,"k":0,"ix":7},"a":{"a":0,"k":0,"ix":8},"nm":"Gradient Fill 1","mn":"ADBE Vector Graphic - G-Fill","hd":false},{"ty":"tr","p":{"a":0,"k":[0,0],"ix":2},"a":{"a":0,"k":[0,0],"ix":1},"s":{"a":0,"k":[100,100],"ix":3},"r":{"a":0,"k":0,"ix":6},"o":{"a":0,"k":100,"ix":7},"sk":{"a":0,"k":0,"ix":4},"sa":{"a":0,"k":0,"ix":5},"nm":"Transform"}],"nm":"Flower","np":3,"cix":2,"bm":0,"ix":1,"mn":"ADBE Vector Group","hd":false},{"ty":"gr","it":[{"ind":0,"ty":"sh","ix":1,"ks":{"a":0,"k":{"i":[[0,0],[-20.5,2.5]],"o":[[0,0],[20.246,-2.469]],"v":[[522,354],[545,331.5]],"c":false},"ix":2},"nm":"Path 1","mn":"ADBE Vector Shape - Group","hd":false},{"ind":1,"ty":"sh","ix":2,"ks":{"a":0,"k":{"i":[[0,0],[-7,14.5]],"o":[[0,0],[8.867,-18.368]],"v":[[522,354],[524.5,318.5]],"c":false},"ix":2},"nm":"Path 3","mn":"ADBE Vector Shape - Group","hd":false},{"ind":2,"ty":"sh","ix":3,"ks":{"a":0,"k":{"i":[[0,0],[15,3]],"o":[[0,0],[-20,-4]],"v":[[522,354],[503,337]],"c":false},"ix":2},"nm":"Path 2","mn":"ADBE Vector Shape - Group","hd":false},{"ty":"st","c":{"a":0,"k":[0.070588235294,0.011764706817,0,1],"ix":3},"o":{"a":0,"k":100,"ix":4},"w":{"a":0,"k":12,"ix":5},"lc":2,"lj":1,"ml":4,"bm":0,"nm":"Stroke 1","mn":"ADBE Vector Graphic - Stroke","hd":false},{"ty":"gf","o":{"a":0,"k":100,"ix":10},"r":1,"bm":0,"g":{"p":3,"k":{"a":0,"k":[0,0,0,0,0.389,0,0,0,1,0,0,0,0,0,0.329,0.5,0.998,1],"ix":9}},"s":{"a":0,"k":[0,0],"ix":5},"e":{"a":0,"k":[100,0],"ix":6},"t":2,"h":{"a":0,"k":0,"ix":7},"a":{"a":0,"k":0,"ix":8},"nm":"Gradient Fill 1","mn":"ADBE Vector Graphic - G-Fill","hd":false},{"ty":"tr","p":{"a":0,"k":[0,0],"ix":2},"a":{"a":0,"k":[0,0],"ix":1},"s":{"a":0,"k":[100,100],"ix":3},"r":{"a":0,"k":0,"ix":6},"o":{"a":0,"k":100,"ix":7},"sk":{"a":0,"k":0,"ix":4},"sa":{"a":0,"k":0,"ix":5},"nm":"Transform"}],"nm":"Leaves","np":5,"cix":2,"bm":0,"ix":2,"mn":"ADBE Vector Group","hd":false},{"ty":"gr","it":[{"ind":0,"ty":"sh","ix":1,"ks":{"a":0,"k":{"i":[[0,0],[0,0]],"o":[[0,0],[0,0]],"v":[[490.5,360.5],[556.5,360.5]],"c":false},"ix":2},"nm":"Path 1","mn":"ADBE Vector Shape - Group","hd":false},{"ty":"st","c":{"a":0,"k":[0.070588235294,0.011764706817,0,1],"ix":3},"o":{"a":0,"k":100,"ix":4},"w":{"a":0,"k":3,"ix":5},"lc":1,"lj":1,"ml":4,"bm":0,"nm":"Stroke 1","mn":"ADBE Vector Graphic - Stroke","hd":false},{"ty":"gf","o":{"a":0,"k":100,"ix":10},"r":1,"bm":0,"g":{"p":3,"k":{"a":0,"k":[0,0,0,0,0.389,0,0,0,1,0,0,0,0,0,0.329,0.5,0.998,1],"ix":9}},"s":{"a":0,"k":[0,0],"ix":5},"e":{"a":0,"k":[100,0],"ix":6},"t":2,"h":{"a":0,"k":0,"ix":7},"a":{"a":0,"k":0,"ix":8},"nm":"Gradient Fill 1","mn":"ADBE Vector Graphic - G-Fill","hd":false},{"ty":"tr","p":{"a":0,"k":[0,0],"ix":2},"a":{"a":0,"k":[0,0],"ix":1},"s":{"a":0,"k":[100,100],"ix":3},"r":{"a":0,"k":0,"ix":6},"o":{"a":0,"k":100,"ix":7},"sk":{"a":0,"k":0,"ix":4},"sa":{"a":0,"k":0,"ix":5},"nm":"Transform"}],"nm":"Ground","np":3,"cix":2,"bm":0,"ix":3,"mn":"ADBE Vector Group","hd":false},{"ty":"tr","p":{"a":1,"k":[{"i":{"x":0.833,"y":0.833},"o":{"x":0.167,"y":0.167},"t":-48,"s":[675.5,280],"to":[-215.333,0],"ti":[215.333,0]},{"t":60.0000024438501,"s":[-616.5,280]}],"ix":2},"a":{"a":0,"k":[520.5,357.625],"ix":1},"s":{"a":1,"k":[{"i":{"x":[0.833,0.833],"y":[0.833,0.833]},"o":{"x":[0.167,0.167],"y":[0.167,0.167]},"t":-48,"s":[0,0]},{"i":{"x":[0.833,0.833],"y":[0.833,0.833]},"o":{"x":[0.167,0.167],"y":[0.167,0.167]},"t":-45,"s":[80,80]},{"i":{"x":[0.833,0.833],"y":[0.833,0.833]},"o":{"x":[0.167,0.167],"y":[0.167,0.167]},"t":57,"s":[80,80]},{"t":60.0000024438501,"s":[0,0]}],"ix":3},"r":{"a":0,"k":0,"ix":6},"o":{"a":0,"k":100,"ix":7},"sk":{"a":0,"k":0,"ix":4},"sa":{"a":0,"k":0,"ix":5},"nm":"Transform"}],"nm":"Flower 3","np":3,"cix":2,"bm":0,"ix":1,"mn":"ADBE Vector Group","hd":false},{"ty":"gr","it":[{"ty":"gr","it":[{"ind":0,"ty":"sh","ix":1,"ks":{"a":0,"k":{"i":[[0,0],[5.25,15]],"o":[[0,0],[0.75,0.5]],"v":[[531.75,313.75],[515.75,310.75]],"c":false},"ix":2},"nm":"Path 3","mn":"ADBE Vector Shape - Group","hd":false},{"ty":"st","c":{"a":0,"k":[1,0.498131516401,0.129411749746,1],"ix":3},"o":{"a":0,"k":100,"ix":4},"w":{"a":0,"k":19,"ix":5},"lc":2,"lj":1,"ml":4,"bm":0,"nm":"Stroke 1","mn":"ADBE Vector Graphic - Stroke","hd":false},{"ty":"gf","o":{"a":0,"k":100,"ix":10},"r":1,"bm":0,"g":{"p":3,"k":{"a":0,"k":[0,0,0,0,0.389,0,0,0,1,0,0,0,0,0,0.329,0.5,0.998,1],"ix":9}},"s":{"a":0,"k":[0,0],"ix":5},"e":{"a":0,"k":[100,0],"ix":6},"t":2,"h":{"a":0,"k":0,"ix":7},"a":{"a":0,"k":0,"ix":8},"nm":"Gradient Fill 1","mn":"ADBE Vector Graphic - G-Fill","hd":false},{"ty":"tr","p":{"a":0,"k":[0,0],"ix":2},"a":{"a":0,"k":[0,0],"ix":1},"s":{"a":0,"k":[100,100],"ix":3},"r":{"a":0,"k":0,"ix":6},"o":{"a":0,"k":100,"ix":7},"sk":{"a":0,"k":0,"ix":4},"sa":{"a":0,"k":0,"ix":5},"nm":"Transform"}],"nm":"Flower","np":3,"cix":2,"bm":0,"ix":1,"mn":"ADBE Vector Group","hd":false},{"ty":"gr","it":[{"ind":0,"ty":"sh","ix":1,"ks":{"a":0,"k":{"i":[[0,0],[-20.5,2.5]],"o":[[0,0],[20.246,-2.469]],"v":[[522,354],[545,331.5]],"c":false},"ix":2},"nm":"Path 1","mn":"ADBE Vector Shape - Group","hd":false},{"ind":1,"ty":"sh","ix":2,"ks":{"a":0,"k":{"i":[[0,0],[-7,14.5]],"o":[[0,0],[8.867,-18.368]],"v":[[522,354],[524.5,318.5]],"c":false},"ix":2},"nm":"Path 3","mn":"ADBE Vector Shape - Group","hd":false},{"ind":2,"ty":"sh","ix":3,"ks":{"a":0,"k":{"i":[[0,0],[15,3]],"o":[[0,0],[-20,-4]],"v":[[522,354],[503,337]],"c":false},"ix":2},"nm":"Path 2","mn":"ADBE Vector Shape - Group","hd":false},{"ty":"st","c":{"a":0,"k":[0.070588235294,0.011764706817,0,1],"ix":3},"o":{"a":0,"k":100,"ix":4},"w":{"a":0,"k":12,"ix":5},"lc":2,"lj":1,"ml":4,"bm":0,"nm":"Stroke 1","mn":"ADBE Vector Graphic - Stroke","hd":false},{"ty":"gf","o":{"a":0,"k":100,"ix":10},"r":1,"bm":0,"g":{"p":3,"k":{"a":0,"k":[0,0,0,0,0.389,0,0,0,1,0,0,0,0,0,0.329,0.5,0.998,1],"ix":9}},"s":{"a":0,"k":[0,0],"ix":5},"e":{"a":0,"k":[100,0],"ix":6},"t":2,"h":{"a":0,"k":0,"ix":7},"a":{"a":0,"k":0,"ix":8},"nm":"Gradient Fill 1","mn":"ADBE Vector Graphic - G-Fill","hd":false},{"ty":"tr","p":{"a":0,"k":[0,0],"ix":2},"a":{"a":0,"k":[0,0],"ix":1},"s":{"a":0,"k":[100,100],"ix":3},"r":{"a":0,"k":0,"ix":6},"o":{"a":0,"k":100,"ix":7},"sk":{"a":0,"k":0,"ix":4},"sa":{"a":0,"k":0,"ix":5},"nm":"Transform"}],"nm":"Leaves","np":5,"cix":2,"bm":0,"ix":2,"mn":"ADBE Vector Group","hd":false},{"ty":"gr","it":[{"ind":0,"ty":"sh","ix":1,"ks":{"a":0,"k":{"i":[[0,0],[0,0]],"o":[[0,0],[0,0]],"v":[[490.5,360.5],[556.5,360.5]],"c":false},"ix":2},"nm":"Path 1","mn":"ADBE Vector Shape - Group","hd":false},{"ty":"st","c":{"a":0,"k":[0.070588235294,0.011764706817,0,1],"ix":3},"o":{"a":0,"k":100,"ix":4},"w":{"a":0,"k":3,"ix":5},"lc":1,"lj":1,"ml":4,"bm":0,"nm":"Stroke 1","mn":"ADBE Vector Graphic - Stroke","hd":false},{"ty":"gf","o":{"a":0,"k":100,"ix":10},"r":1,"bm":0,"g":{"p":3,"k":{"a":0,"k":[0,0,0,0,0.389,0,0,0,1,0,0,0,0,0,0.329,0.5,0.998,1],"ix":9}},"s":{"a":0,"k":[0,0],"ix":5},"e":{"a":0,"k":[100,0],"ix":6},"t":2,"h":{"a":0,"k":0,"ix":7},"a":{"a":0,"k":0,"ix":8},"nm":"Gradient Fill 1","mn":"ADBE Vector Graphic - G-Fill","hd":false},{"ty":"tr","p":{"a":0,"k":[0,0],"ix":2},"a":{"a":0,"k":[0,0],"ix":1},"s":{"a":0,"k":[100,100],"ix":3},"r":{"a":0,"k":0,"ix":6},"o":{"a":0,"k":100,"ix":7},"sk":{"a":0,"k":0,"ix":4},"sa":{"a":0,"k":0,"ix":5},"nm":"Transform"}],"nm":"Ground","np":3,"cix":2,"bm":0,"ix":3,"mn":"ADBE Vector Group","hd":false},{"ty":"tr","p":{"a":1,"k":[{"i":{"x":0.833,"y":0.833},"o":{"x":0.167,"y":0.167},"t":-29,"s":[675.5,400],"to":[-215.333,0],"ti":[215.333,0]},{"t":74.0000030140818,"s":[-616.5,400]}],"ix":2},"a":{"a":0,"k":[520.5,357.625],"ix":1},"s":{"a":1,"k":[{"i":{"x":[0.833,0.833],"y":[0.833,0.833]},"o":{"x":[0.167,0.167],"y":[0.167,0.167]},"t":-29,"s":[0,0]},{"i":{"x":[0.833,0.833],"y":[0.833,0.833]},"o":{"x":[0.167,0.167],"y":[0.167,0.167]},"t":-26,"s":[100,100]},{"i":{"x":[0.833,0.833],"y":[0.833,0.833]},"o":{"x":[0.167,0.167],"y":[0.167,0.167]},"t":71,"s":[100,100]},{"t":74.0000030140818,"s":[0,0]}],"ix":3},"r":{"a":0,"k":0,"ix":6},"o":{"a":0,"k":100,"ix":7},"sk":{"a":0,"k":0,"ix":4},"sa":{"a":0,"k":0,"ix":5},"nm":"Transform"}],"nm":"Flower 2","np":3,"cix":2,"bm":0,"ix":2,"mn":"ADBE Vector Group","hd":false},{"ty":"gr","it":[{"ty":"gr","it":[{"ind":0,"ty":"sh","ix":1,"ks":{"a":0,"k":{"i":[[0,0],[5.25,15]],"o":[[0,0],[0.75,0.5]],"v":[[531.75,313.75],[515.75,310.75]],"c":false},"ix":2},"nm":"Path 3","mn":"ADBE Vector Shape - Group","hd":false},{"ty":"st","c":{"a":0,"k":[1,0.498131516401,0.129411749746,1],"ix":3},"o":{"a":0,"k":100,"ix":4},"w":{"a":0,"k":19,"ix":5},"lc":2,"lj":1,"ml":4,"bm":0,"nm":"Stroke 1","mn":"ADBE Vector Graphic - Stroke","hd":false},{"ty":"gf","o":{"a":0,"k":100,"ix":10},"r":1,"bm":0,"g":{"p":3,"k":{"a":0,"k":[0,0,0,0,0.389,0,0,0,1,0,0,0,0,0,0.329,0.5,0.998,1],"ix":9}},"s":{"a":0,"k":[0,0],"ix":5},"e":{"a":0,"k":[100,0],"ix":6},"t":2,"h":{"a":0,"k":0,"ix":7},"a":{"a":0,"k":0,"ix":8},"nm":"Gradient Fill 1","mn":"ADBE Vector Graphic - G-Fill","hd":false},{"ty":"tr","p":{"a":0,"k":[0,0],"ix":2},"a":{"a":0,"k":[0,0],"ix":1},"s":{"a":0,"k":[100,100],"ix":3},"r":{"a":0,"k":0,"ix":6},"o":{"a":0,"k":100,"ix":7},"sk":{"a":0,"k":0,"ix":4},"sa":{"a":0,"k":0,"ix":5},"nm":"Transform"}],"nm":"Flower","np":3,"cix":2,"bm":0,"ix":1,"mn":"ADBE Vector Group","hd":false},{"ty":"gr","it":[{"ind":0,"ty":"sh","ix":1,"ks":{"a":0,"k":{"i":[[0,0],[-20.5,2.5]],"o":[[0,0],[20.246,-2.469]],"v":[[522,354],[545,331.5]],"c":false},"ix":2},"nm":"Path 1","mn":"ADBE Vector Shape - Group","hd":false},{"ind":1,"ty":"sh","ix":2,"ks":{"a":0,"k":{"i":[[0,0],[-7,14.5]],"o":[[0,0],[8.867,-18.368]],"v":[[522,354],[524.5,318.5]],"c":false},"ix":2},"nm":"Path 3","mn":"ADBE Vector Shape - Group","hd":false},{"ind":2,"ty":"sh","ix":3,"ks":{"a":0,"k":{"i":[[0,0],[15,3]],"o":[[0,0],[-20,-4]],"v":[[522,354],[503,337]],"c":false},"ix":2},"nm":"Path 2","mn":"ADBE Vector Shape - Group","hd":false},{"ty":"st","c":{"a":0,"k":[0.070588235294,0.011764706817,0,1],"ix":3},"o":{"a":0,"k":100,"ix":4},"w":{"a":0,"k":12,"ix":5},"lc":2,"lj":1,"ml":4,"bm":0,"nm":"Stroke 1","mn":"ADBE Vector Graphic - Stroke","hd":false},{"ty":"gf","o":{"a":0,"k":100,"ix":10},"r":1,"bm":0,"g":{"p":3,"k":{"a":0,"k":[0,0,0,0,0.389,0,0,0,1,0,0,0,0,0,0.329,0.5,0.998,1],"ix":9}},"s":{"a":0,"k":[0,0],"ix":5},"e":{"a":0,"k":[100,0],"ix":6},"t":2,"h":{"a":0,"k":0,"ix":7},"a":{"a":0,"k":0,"ix":8},"nm":"Gradient Fill 1","mn":"ADBE Vector Graphic - G-Fill","hd":false},{"ty":"tr","p":{"a":0,"k":[0,0],"ix":2},"a":{"a":0,"k":[0,0],"ix":1},"s":{"a":0,"k":[100,100],"ix":3},"r":{"a":0,"k":0,"ix":6},"o":{"a":0,"k":100,"ix":7},"sk":{"a":0,"k":0,"ix":4},"sa":{"a":0,"k":0,"ix":5},"nm":"Transform"}],"nm":"Leaves","np":5,"cix":2,"bm":0,"ix":2,"mn":"ADBE Vector Group","hd":false},{"ty":"gr","it":[{"ind":0,"ty":"sh","ix":1,"ks":{"a":0,"k":{"i":[[0,0],[0,0]],"o":[[0,0],[0,0]],"v":[[490.5,360.5],[556.5,360.5]],"c":false},"ix":2},"nm":"Path 1","mn":"ADBE Vector Shape - Group","hd":false},{"ty":"st","c":{"a":0,"k":[0.070588235294,0.011764706817,0,1],"ix":3},"o":{"a":0,"k":100,"ix":4},"w":{"a":0,"k":3,"ix":5},"lc":1,"lj":1,"ml":4,"bm":0,"nm":"Stroke 1","mn":"ADBE Vector Graphic - Stroke","hd":false},{"ty":"gf","o":{"a":0,"k":100,"ix":10},"r":1,"bm":0,"g":{"p":3,"k":{"a":0,"k":[0,0,0,0,0.389,0,0,0,1,0,0,0,0,0,0.329,0.5,0.998,1],"ix":9}},"s":{"a":0,"k":[0,0],"ix":5},"e":{"a":0,"k":[100,0],"ix":6},"t":2,"h":{"a":0,"k":0,"ix":7},"a":{"a":0,"k":0,"ix":8},"nm":"Gradient Fill 1","mn":"ADBE Vector Graphic - G-Fill","hd":false},{"ty":"tr","p":{"a":0,"k":[0,0],"ix":2},"a":{"a":0,"k":[0,0],"ix":1},"s":{"a":0,"k":[100,100],"ix":3},"r":{"a":0,"k":0,"ix":6},"o":{"a":0,"k":100,"ix":7},"sk":{"a":0,"k":0,"ix":4},"sa":{"a":0,"k":0,"ix":5},"nm":"Transform"}],"nm":"Ground","np":3,"cix":2,"bm":0,"ix":3,"mn":"ADBE Vector Group","hd":false},{"ty":"tr","p":{"a":1,"k":[{"i":{"x":0.833,"y":0.833},"o":{"x":0.167,"y":0.167},"t":-60,"s":[675.5,357.625],"to":[-215.333,0],"ti":[215.333,0]},{"t":31.0000012626559,"s":[-616.5,357.625]}],"ix":2},"a":{"a":0,"k":[520.5,357.625],"ix":1},"s":{"a":1,"k":[{"i":{"x":[0.833,0.833],"y":[0.833,0.833]},"o":{"x":[0.167,0.167],"y":[0.167,0.167]},"t":-60,"s":[0,0]},{"i":{"x":[0.833,0.833],"y":[0.833,0.833]},"o":{"x":[0.167,0.167],"y":[0.167,0.167]},"t":-57,"s":[100,100]},{"i":{"x":[0.833,0.833],"y":[0.833,0.833]},"o":{"x":[0.167,0.167],"y":[0.167,0.167]},"t":28,"s":[100,100]},{"t":31.0000012626559,"s":[0,0]}],"ix":3},"r":{"a":0,"k":0,"ix":6},"o":{"a":0,"k":100,"ix":7},"sk":{"a":0,"k":0,"ix":4},"sa":{"a":0,"k":0,"ix":5},"nm":"Transform"}],"nm":"Flower 1","np":3,"cix":2,"bm":0,"ix":3,"mn":"ADBE Vector Group","hd":false}],"ip":-60.0000024438501,"op":90.0000036657751,"st":-60.0000024438501,"bm":0},{"ddd":0,"ind":7,"ty":4,"nm":"Sun","parent":1,"sr":1,"ks":{"o":{"a":0,"k":100,"ix":11},"r":{"a":0,"k":0,"ix":10},"p":{"a":0,"k":[-35.911,78.841,0],"ix":2},"a":{"a":0,"k":[0,0,0],"ix":1},"s":{"a":0,"k":[96.79,96.79,100],"ix":6}},"ao":0,"hasMask":true,"masksProperties":[{"inv":false,"mode":"a","pt":{"a":0,"k":{"i":[[0,0],[0,0],[0,0],[0,0]],"o":[[0,0],[0,0],[0,0],[0,0]],"v":[[830.901,-585.408],[-758.798,-585.408],[-758.798,207.725],[830.901,207.725]],"c":true},"ix":1},"o":{"a":0,"k":100,"ix":3},"x":{"a":0,"k":0,"ix":4},"nm":"Mask 1"}],"shapes":[{"ty":"gr","it":[{"ind":0,"ty":"sh","ix":1,"ks":{"a":0,"k":{"i":[[-301.505,0],[0,-301.505],[301.505,0],[0,301.505]],"o":[[301.505,0],[0,301.505],[-301.505,0],[0,-301.505]],"v":[[0,-545.923],[545.923,0],[0,545.923],[-545.923,0]],"c":true},"ix":2},"nm":"Path 1","mn":"ADBE Vector Shape - Group","hd":false},{"ty":"fl","c":{"a":0,"k":[1,0.423529441684,0,1],"ix":4},"o":{"a":0,"k":100,"ix":5},"r":1,"bm":0,"nm":"Fill 1","mn":"ADBE Vector Graphic - Fill","hd":false},{"ty":"tr","p":{"a":0,"k":[41.202,11.159],"ix":2},"a":{"a":0,"k":[0,0],"ix":1},"s":{"a":0,"k":[100,100],"ix":3},"r":{"a":0,"k":0,"ix":6},"o":{"a":0,"k":100,"ix":7},"sk":{"a":0,"k":0,"ix":4},"sa":{"a":0,"k":0,"ix":5},"nm":"Transform"}],"nm":"Ellipse 1","np":3,"cix":2,"bm":0,"ix":1,"mn":"ADBE Vector Group","hd":false}],"ip":0,"op":150.000006109625,"st":0,"bm":0},{"ddd":0,"ind":8,"ty":4,"nm":"Ground Line","parent":1,"sr":1,"ks":{"o":{"a":0,"k":100,"ix":11},"r":{"a":0,"k":0,"ix":10},"p":{"a":0,"k":[0,0,0],"ix":2},"a":{"a":0,"k":[0,0,0],"ix":1},"s":{"a":0,"k":[100,100,100],"ix":6}},"ao":0,"shapes":[{"ty":"gr","it":[{"ind":0,"ty":"sh","ix":1,"ks":{"a":0,"k":{"i":[[0,0],[0,0]],"o":[[0,0],[0,0]],"v":[[-645.494,265.236],[635.193,265.236]],"c":false},"ix":2},"nm":"Path 1","mn":"ADBE Vector Shape - Group","hd":false},{"ty":"st","c":{"a":0,"k":[0.070588235294,0.011764706817,0,1],"ix":3},"o":{"a":0,"k":100,"ix":4},"w":{"a":0,"k":5,"ix":5},"lc":1,"lj":1,"ml":4,"bm":0,"d":[{"n":"d","nm":"dash","v":{"a":0,"k":602,"ix":1}},{"n":"g","nm":"gap","v":{"a":0,"k":33,"ix":2}},{"n":"o","nm":"offset","v":{"a":0,"k":-73,"ix":7}}],"nm":"Stroke 1","mn":"ADBE Vector Graphic - Stroke","hd":false},{"ty":"tr","p":{"a":0,"k":[0,18],"ix":2},"a":{"a":0,"k":[0,0],"ix":1},"s":{"a":0,"k":[100,100],"ix":3},"r":{"a":0,"k":0,"ix":6},"o":{"a":0,"k":100,"ix":7},"sk":{"a":0,"k":0,"ix":4},"sa":{"a":0,"k":0,"ix":5},"nm":"Transform"}],"nm":"Shape 1","np":3,"cix":2,"bm":0,"ix":1,"mn":"ADBE Vector Group","hd":false}],"ip":0,"op":150.000006109625,"st":0,"bm":0}],"markers":[]}