{"v":"5.9.2","fr":60,"ip":0,"op":300,"w":1080,"h":1920,"nm":"all","ddd":0,"assets":[],"layers":[{"ddd":0,"ind":1,"ty":4,"nm":"right ear","parent":3,"sr":1,"ks":{"o":{"a":0,"k":100,"ix":11},"r":{"a":0,"k":0,"ix":10},"p":{"a":0,"k":[341.423,-89.966,0],"ix":2,"l":2},"a":{"a":0,"k":[0,0,0],"ix":1,"l":2},"s":{"a":0,"k":[100,100,100],"ix":6,"l":2}},"ao":0,"shapes":[{"ty":"gr","it":[{"ind":0,"ty":"sh","ix":1,"ks":{"a":1,"k":[{"i":{"x":0,"y":1},"o":{"x":0.333,"y":0},"t":82,"s":[{"i":[[4.506,2.216],[0.617,-0.124],[-1.579,-0.579],[-4.862,-4.109],[0.014,0.609]],"o":[[-4.572,-2.253],[-0.258,0.126],[6.085,2.232],[1.699,1.435],[-0.361,-0.391]],"v":[[-1.06,9.707],[-12.665,3.715],[-9.693,5.226],[6.839,14.846],[9.812,16.982]],"c":true}]},{"i":{"x":0.833,"y":1},"o":{"x":0.333,"y":0},"t":112,"s":[{"i":[[4.506,2.216],[9.777,-17.669],[-1.579,-0.579],[-4.862,-4.109],[-0.186,2.22]],"o":[[-4.572,-2.253],[-0.81,1.472],[6.085,2.232],[1.699,1.435],[0.843,-10.306]],"v":[[5.69,-14.543],[-11.165,1.34],[-9.693,5.226],[6.839,14.846],[11.312,12.982]],"c":true}]},{"i":{"x":0.667,"y":1},"o":{"x":0.167,"y":0},"t":278,"s":[{"i":[[4.506,2.216],[9.777,-17.669],[-1.579,-0.579],[-4.862,-4.109],[-0.186,2.22]],"o":[[-4.572,-2.253],[-0.81,1.472],[6.085,2.232],[1.699,1.435],[0.843,-10.306]],"v":[[5.69,-14.543],[-11.165,1.34],[-9.693,5.226],[6.839,14.846],[11.312,12.982]],"c":true}]},{"t":290,"s":[{"i":[[4.506,2.216],[0.617,-0.124],[-1.579,-0.579],[-4.862,-4.109],[0.014,0.609]],"o":[[-4.572,-2.253],[-0.258,0.126],[6.085,2.232],[1.699,1.435],[-0.361,-0.391]],"v":[[-1.06,9.707],[-12.665,3.715],[-9.693,5.226],[6.839,14.846],[9.812,16.982]],"c":true}]}],"ix":2},"nm":"Path 1","mn":"ADBE Vector Shape - Group","hd":false},{"ty":"fl","c":{"a":0,"k":[1,1,1,1],"ix":4},"o":{"a":0,"k":100,"ix":5},"r":1,"bm":0,"nm":"Fill 1","mn":"ADBE Vector Graphic - Fill","hd":false},{"ty":"tr","p":{"a":0,"k":[0,0],"ix":2},"a":{"a":0,"k":[0,0],"ix":1},"s":{"a":0,"k":[100,100],"ix":3},"r":{"a":0,"k":0,"ix":6},"o":{"a":0,"k":100,"ix":7},"sk":{"a":0,"k":0,"ix":4},"sa":{"a":0,"k":0,"ix":5},"nm":"Transform"}],"nm":"Group 1","np":2,"cix":2,"bm":0,"ix":1,"mn":"ADBE Vector Group","hd":false}],"ip":82,"op":292,"st":32,"bm":0},{"ddd":0,"ind":2,"ty":4,"nm":"left ear","parent":3,"sr":1,"ks":{"o":{"a":0,"k":100,"ix":11},"r":{"a":0,"k":0,"ix":10},"p":{"a":0,"k":[275.229,-90.004,0],"ix":2,"l":2},"a":{"a":0,"k":[0,0,0],"ix":1,"l":2},"s":{"a":0,"k":[100,100,100],"ix":6,"l":2}},"ao":0,"shapes":[{"ty":"gr","it":[{"ind":0,"ty":"sh","ix":1,"ks":{"a":1,"k":[{"i":{"x":0,"y":1},"o":{"x":0.333,"y":0},"t":82,"s":[{"i":[[-6.081,2.216],[1.491,-0.778],[4.572,-2.249],[3.703,-2.187],[-1.699,1.434]],"o":[[1.579,-0.579],[-1.008,0.526],[-4.494,2.212],[0.328,0.688],[4.866,-4.089]],"v":[[9.682,5.239],[12.404,3.853],[2.316,8.619],[-9.307,16.441],[-6.846,14.809]],"c":true}]},{"i":{"x":0.833,"y":1},"o":{"x":0.333,"y":0},"t":112,"s":[{"i":[[-6.081,2.216],[0.814,1.472],[4.572,-2.249],[-0.835,-10.306],[-1.699,1.434]],"o":[[1.579,-0.579],[-9.761,-17.645],[-4.494,2.212],[0.178,2.216],[4.866,-4.089]],"v":[[9.682,5.239],[11.154,1.353],[-5.684,-14.506],[-11.307,12.941],[-6.846,14.809]],"c":true}]},{"i":{"x":0.667,"y":1},"o":{"x":0.167,"y":0},"t":278,"s":[{"i":[[-6.081,2.216],[0.814,1.472],[4.572,-2.249],[-0.835,-10.306],[-1.699,1.434]],"o":[[1.579,-0.579],[-9.761,-17.645],[-4.494,2.212],[0.178,2.216],[4.866,-4.089]],"v":[[9.682,5.239],[11.154,1.353],[-5.684,-14.506],[-11.307,12.941],[-6.846,14.809]],"c":true}]},{"t":290,"s":[{"i":[[-6.081,2.216],[1.491,-0.778],[4.572,-2.249],[3.703,-2.187],[-1.699,1.434]],"o":[[1.579,-0.579],[-1.008,0.526],[-4.494,2.212],[0.328,0.688],[4.866,-4.089]],"v":[[9.682,5.239],[12.404,3.853],[2.316,8.619],[-9.307,16.441],[-6.846,14.809]],"c":true}]}],"ix":2},"nm":"Path 1","mn":"ADBE Vector Shape - Group","hd":false},{"ty":"fl","c":{"a":0,"k":[1,1,1,1],"ix":4},"o":{"a":0,"k":100,"ix":5},"r":1,"bm":0,"nm":"Fill 1","mn":"ADBE Vector Graphic - Fill","hd":false},{"ty":"tr","p":{"a":0,"k":[0,0],"ix":2},"a":{"a":0,"k":[0,0],"ix":1},"s":{"a":0,"k":[100,100],"ix":3},"r":{"a":0,"k":0,"ix":6},"o":{"a":0,"k":100,"ix":7},"sk":{"a":0,"k":0,"ix":4},"sa":{"a":0,"k":0,"ix":5},"nm":"Transform"}],"nm":"Group 1","np":2,"cix":2,"bm":0,"ix":1,"mn":"ADBE Vector Group","hd":false}],"ip":82,"op":292,"st":32,"bm":0},{"ddd":0,"ind":3,"ty":4,"nm":"O","sr":1,"ks":{"o":{"a":0,"k":100,"ix":11},"r":{"a":1,"k":[{"i":{"x":[0.667],"y":[1]},"o":{"x":[0.333],"y":[0]},"t":102,"s":[0]},{"i":{"x":[0.667],"y":[1]},"o":{"x":[0.333],"y":[0]},"t":134,"s":[-7]},{"t":196,"s":[0]}],"ix":10},"p":{"a":0,"k":[848.329,934.198,0],"ix":2,"l":2},"a":{"a":0,"k":[308.329,-25.802,0],"ix":1,"l":2},"s":{"a":1,"k":[{"i":{"x":[0.169,0.169,0.667],"y":[1,1,1]},"o":{"x":[0.764,0.764,0.333],"y":[0,0,0]},"t":52,"s":[0,0,100]},{"i":{"x":[0.833,0.833,0.833],"y":[1,1,1]},"o":{"x":[0.333,0.333,0.333],"y":[0,0,0]},"t":92,"s":[100,100,100]},{"i":{"x":[0.351,0.351,0.833],"y":[1,1,1]},"o":{"x":[0.363,0.363,0.167],"y":[0,0,0]},"t":246,"s":[100,100,100]},{"i":{"x":[0.833,0.833,0.833],"y":[1,1,1]},"o":{"x":[0.75,0.75,0.167],"y":[0,0,0]},"t":264,"s":[111,111,100]},{"t":298,"s":[0,0,100]}],"ix":6,"l":2}},"ao":0,"shapes":[{"ty":"gr","it":[{"ind":0,"ty":"sh","ix":1,"ks":{"a":0,"k":{"i":[[16.491,0],[0,0],[0,16.495],[-16.495,0],[0,-16.499]],"o":[[0,0],[-16.491,0],[0,-16.495],[16.491,0],[0,16.495]],"v":[[308.331,4.115],[308.327,4.115],[278.417,-25.804],[308.331,-55.718],[338.245,-25.8]],"c":true},"ix":2},"nm":"Path 1","mn":"ADBE Vector Shape - Group","hd":false},{"ind":1,"ty":"sh","ix":2,"ks":{"a":0,"k":{"i":[[28.492,0],[0,-28.492],[-28.492,0],[0,28.488]],"o":[[-28.488,0],[0,28.488],[28.492,0],[0,-28.492]],"v":[[308.327,-77.472],[256.659,-25.8],[308.331,25.869],[359.999,-25.8]],"c":true},"ix":2},"nm":"Path 2","mn":"ADBE Vector Shape - Group","hd":false},{"ty":"fl","c":{"a":0,"k":[1,1,1,1],"ix":4},"o":{"a":0,"k":100,"ix":5},"r":1,"bm":0,"nm":"Fill 1","mn":"ADBE Vector Graphic - Fill","hd":false},{"ty":"tr","p":{"a":0,"k":[0,0],"ix":2},"a":{"a":0,"k":[0,0],"ix":1},"s":{"a":0,"k":[100,100],"ix":3},"r":{"a":0,"k":0,"ix":6},"o":{"a":0,"k":100,"ix":7},"sk":{"a":0,"k":0,"ix":4},"sa":{"a":0,"k":0,"ix":5},"nm":"Transform"}],"nm":"Group 1","np":3,"cix":2,"bm":0,"ix":1,"mn":"ADBE Vector Group","hd":false},{"ty":"pb","nm":"Pucker & Bloat 1","a":{"a":0,"k":0,"ix":1},"ix":2,"mn":"ADBE Vector Filter - PB","hd":false}],"ip":52,"op":352,"st":52,"bm":0},{"ddd":0,"ind":5,"ty":4,"nm":"Shape Layer 1","td":1,"sr":1,"ks":{"o":{"a":0,"k":100,"ix":11},"r":{"a":0,"k":0,"ix":10},"p":{"a":0,"k":[731.509,932.516,0],"ix":2,"l":2},"a":{"a":0,"k":[191.509,-27.484,0],"ix":1,"l":2},"s":{"a":0,"k":[100,100,100],"ix":6,"l":2}},"ao":0,"shapes":[{"ty":"gr","it":[{"ind":0,"ty":"sh","ix":1,"ks":{"a":0,"k":{"i":[[0,0],[-12.75,-1.25],[-0.25,-14],[0,0],[13,-1.75],[0,0]],"o":[[0,0],[12.75,1.25],[0.197,11.044],[0,0],[-13,1.75],[0,0]],"v":[[26.75,-67],[209.5,-66.75],[238,-38.75],[236.75,-9.25],[216,11.25],[145,12.25]],"c":false},"ix":2},"nm":"Path 1","mn":"ADBE Vector Shape - Group","hd":false},{"ty":"tm","s":{"a":0,"k":0,"ix":1},"e":{"a":1,"k":[{"i":{"x":[0.328],"y":[1]},"o":{"x":[0.615],"y":[0]},"t":20,"s":[0]},{"i":{"x":[0.833],"y":[1]},"o":{"x":[0.333],"y":[0]},"t":80,"s":[100]},{"i":{"x":[0.833],"y":[1]},"o":{"x":[0.167],"y":[0]},"t":210,"s":[100]},{"i":{"x":[0.391],"y":[1]},"o":{"x":[0.305],"y":[0]},"t":232,"s":[100]},{"t":286,"s":[29]}],"ix":2},"o":{"a":0,"k":0,"ix":3},"m":1,"ix":2,"nm":"Trim Paths 1","mn":"ADBE Vector Filter - Trim","hd":false},{"ty":"st","c":{"a":0,"k":[0.76862745098,0.599830836876,0.599830836876,1],"ix":3},"o":{"a":0,"k":100,"ix":4},"w":{"a":1,"k":[{"i":{"x":[0.833],"y":[0.833]},"o":{"x":[0.167],"y":[0.167]},"t":78,"s":[32]},{"i":{"x":[0.833],"y":[0.833]},"o":{"x":[0.167],"y":[0.167]},"t":80,"s":[217]},{"i":{"x":[0.833],"y":[0.833]},"o":{"x":[0.167],"y":[0.167]},"t":232,"s":[217]},{"t":234,"s":[32]}],"ix":5},"lc":1,"lj":1,"ml":4,"bm":0,"nm":"Stroke 1","mn":"ADBE Vector Graphic - Stroke","hd":false},{"ty":"tr","p":{"a":0,"k":[0,0],"ix":2},"a":{"a":0,"k":[0,0],"ix":1},"s":{"a":0,"k":[100,100],"ix":3},"r":{"a":0,"k":0,"ix":6},"o":{"a":0,"k":100,"ix":7},"sk":{"a":0,"k":0,"ix":4},"sa":{"a":0,"k":0,"ix":5},"nm":"Transform"}],"nm":"Shape 1","np":4,"cix":2,"bm":0,"ix":1,"mn":"ADBE Vector Group","hd":false}],"ip":20,"op":320,"st":20,"bm":0},{"ddd":0,"ind":6,"ty":4,"nm":"D","tt":1,"sr":1,"ks":{"o":{"a":0,"k":100,"ix":11},"r":{"a":0,"k":0,"ix":10},"p":{"a":0,"k":[737.235,934.198,0],"ix":2,"l":2},"a":{"a":0,"k":[0,0,0],"ix":1,"l":2},"s":{"a":0,"k":[100,100,100],"ix":6,"l":2}},"ao":0,"shapes":[{"ty":"gr","it":[{"ind":0,"ty":"sh","ix":1,"ks":{"a":1,"k":[{"i":{"x":0.833,"y":1},"o":{"x":1,"y":0},"t":30,"s":[{"i":[[21.026,0],[0,0],[0,-1.802],[0,0],[-1.802,0],[0,0],[0,-9.012],[0,0],[9.008,0],[0,0],[0,0],[0,0],[0,0],[0,0],[0,0],[1.803,0],[0,0],[0.03,0.035],[0,0],[-7.508,0],[0,0],[0,21.026],[0,0]],"o":[[0,0],[-1.802,0],[0,0],[0,1.803],[0,0],[9.008,0],[0,0],[0,9.008],[0,0],[0,0],[0,0],[0,0],[0,0],[0,0],[-0.29,-0.153],[0,0],[-0.111,0.047],[0,0],[0,7.512],[0,0],[21.026,0],[0,0],[0,-21.026]],"v":[[12.241,-51.67],[-164.546,-51.889],[-167.808,-48.627],[-167.808,-33.397],[-164.546,-30.135],[12.241,-29.916],[28.559,-13.595],[28.559,13.599],[12.241,29.916],[-26.392,29.9],[-26.709,29.899],[-27.258,29.899],[-28.073,29.899],[-28.555,29.899],[-28.632,29.955],[-33.081,29.818],[-50.186,29.818],[-50.39,30.017],[-50.312,38.073],[-36.715,51.67],[12.241,51.67],[50.312,13.599],[50.312,-13.599]],"c":true}]},{"i":{"x":0.371,"y":1},"o":{"x":0.333,"y":0},"t":76,"s":[{"i":[[21.026,0],[0,0],[0,-1.802],[0,0],[-1.802,0],[0,0],[0,-9.012],[0,0],[9.008,0],[0,0],[0,0],[0,0],[0,0],[0,0],[0,0],[1.803,0],[0,0],[0.03,0.035],[0,0],[-7.508,0],[0,0],[0,21.026],[0,0]],"o":[[0,0],[-1.802,0],[0,0],[0,1.803],[0,0],[9.008,0],[0,0],[0,9.008],[0,0],[0,0],[0,0],[0,0],[0,0],[0,0],[-0.29,-0.153],[0,0],[-0.111,0.047],[0,0],[0,7.512],[0,0],[21.026,0],[0,0],[0,-21.026]],"v":[[12.241,-51.67],[-47.046,-51.67],[-50.308,-48.409],[-50.308,-33.178],[-47.046,-29.916],[12.241,-29.916],[28.559,-13.595],[28.559,13.599],[12.241,29.916],[-23.454,29.872],[-23.771,29.872],[-25.508,29.837],[-28.698,29.899],[-28.555,29.899],[-28.632,29.955],[-33.081,29.818],[-50.186,29.818],[-50.39,30.017],[-50.312,38.073],[-36.715,51.67],[12.241,51.67],[50.312,13.599],[50.312,-13.599]],"c":true}]},{"i":{"x":0.371,"y":1},"o":{"x":0.167,"y":0},"t":100,"s":[{"i":[[21.026,0],[0,0],[0,-1.802],[0,0],[-1.802,0],[0,0],[0,-9.012],[0,0],[9.008,0],[0,0],[0,-1.714],[3.437,-0.098],[0.063,1.472],[0,0],[0,0],[1.803,0],[0,0],[0,-1.803],[0,0],[-7.508,0],[0,0],[0,21.026],[0,0]],"o":[[0,0],[-1.802,0],[0,0],[0,1.803],[0,0],[9.008,0],[0,0],[0,9.008],[0,0],[0,0],[0,1.714],[-2.874,0.082],[-0.063,-1.472],[0,0],[0,-1.803],[0,0],[-1.802,0],[0,0],[0,7.512],[0,0],[21.026,0],[0,0],[0,-21.026]],"v":[[12.241,-51.67],[-47.046,-51.67],[-50.308,-48.409],[-50.308,-33.178],[-47.046,-29.916],[12.241,-29.916],[28.559,-13.595],[28.559,13.599],[12.241,29.916],[-22.86,29.901],[-22.86,34.275],[-25.922,37.9],[-28.547,34.524],[-28.555,29.899],[-28.555,-4.545],[-31.816,-7.807],[-47.046,-7.807],[-50.312,-4.545],[-50.312,38.073],[-36.715,51.67],[12.241,51.67],[50.312,13.599],[50.312,-13.599]],"c":true}]},{"i":{"x":0.833,"y":1},"o":{"x":0.167,"y":0},"t":218,"s":[{"i":[[21.026,0],[0,0],[0,-1.802],[0,0],[-1.802,0],[0,0],[0,-9.012],[0,0],[9.008,0],[0,0],[0,-1.714],[3.437,-0.098],[0.063,1.472],[0,0],[0,0],[1.803,0],[0,0],[0,-1.803],[0,0],[-7.508,0],[0,0],[0,21.026],[0,0]],"o":[[0,0],[-1.802,0],[0,0],[0,1.803],[0,0],[9.008,0],[0,0],[0,9.008],[0,0],[0,0],[0,1.714],[-2.874,0.082],[-0.063,-1.472],[0,0],[0,-1.803],[0,0],[-1.802,0],[0,0],[0,7.512],[0,0],[21.026,0],[0,0],[0,-21.026]],"v":[[12.241,-51.67],[-47.046,-51.67],[-50.308,-48.409],[-50.308,-33.178],[-47.046,-29.916],[12.241,-29.916],[28.559,-13.595],[28.559,13.599],[12.241,29.916],[-22.86,29.901],[-22.86,34.275],[-25.922,37.9],[-28.547,34.524],[-28.555,29.899],[-28.555,-4.545],[-31.816,-7.807],[-47.046,-7.807],[-50.312,-4.545],[-50.312,38.073],[-36.715,51.67],[12.241,51.67],[50.312,13.599],[50.312,-13.599]],"c":true}]},{"t":238,"s":[{"i":[[21.026,0],[0,0],[0,-1.802],[0,0],[-1.802,0],[0,0],[0,-9.012],[0,0],[9.008,0],[0,0],[0,0],[0,0],[0,0],[0,0],[0,0],[1.803,0],[0,0],[0.03,0.035],[0,0],[-7.508,0],[0,0],[0,21.026],[0,0]],"o":[[0,0],[-1.802,0],[0,0],[0,1.803],[0,0],[9.008,0],[0,0],[0,9.008],[0,0],[0,0],[0,0],[0,0],[0,0],[0,0],[-0.29,-0.153],[0,0],[-0.111,0.047],[0,0],[0,7.512],[0,0],[21.026,0],[0,0],[0,-21.026]],"v":[[12.241,-51.67],[-47.046,-51.67],[-50.308,-48.409],[-50.308,-33.178],[-47.046,-29.916],[12.241,-29.916],[28.559,-13.595],[28.559,13.599],[12.241,29.916],[-23.454,29.872],[-23.771,29.872],[-25.508,29.837],[-28.698,29.899],[-28.555,29.899],[-28.632,29.955],[-33.081,29.818],[-50.186,29.818],[-50.39,30.017],[-50.312,38.073],[-36.715,51.67],[12.241,51.67],[50.312,13.599],[50.312,-13.599]],"c":true}]}],"ix":2},"nm":"Path 1","mn":"ADBE Vector Shape - Group","hd":false},{"ty":"fl","c":{"a":0,"k":[1,1,1,1],"ix":4},"o":{"a":0,"k":100,"ix":5},"r":1,"bm":0,"nm":"Fill 1","mn":"ADBE Vector Graphic - Fill","hd":false},{"ty":"tr","p":{"a":0,"k":[0,0],"ix":2},"a":{"a":0,"k":[0,0],"ix":1},"s":{"a":0,"k":[100,100],"ix":3},"r":{"a":0,"k":0,"ix":6},"o":{"a":0,"k":100,"ix":7},"sk":{"a":0,"k":0,"ix":4},"sa":{"a":0,"k":0,"ix":5},"nm":"Transform"}],"nm":"Group 1","np":2,"cix":2,"bm":0,"ix":1,"mn":"ADBE Vector Group","hd":false}],"ip":20,"op":320,"st":20,"bm":0},{"ddd":0,"ind":7,"ty":4,"nm":"Shape Layer 2","td":1,"sr":1,"ks":{"o":{"a":0,"k":100,"ix":11},"r":{"a":0,"k":90,"ix":10},"p":{"a":0,"k":[622.509,929.516,0],"ix":2,"l":2},"a":{"a":0,"k":[191.509,-27.484,0],"ix":1,"l":2},"s":{"a":0,"k":[104.3,100,100],"ix":6,"l":2}},"ao":0,"shapes":[{"ty":"gr","it":[{"ind":0,"ty":"sh","ix":1,"ks":{"a":0,"k":{"i":[[0,0],[-12.75,-1.25],[-0.25,-14],[0,0],[13,-1.75],[0,0]],"o":[[0,0],[12.75,1.25],[0.197,11.044],[0,0],[-13,1.75],[0,0]],"v":[[145.75,-67],[209.5,-66.75],[238,-38.75],[236.75,-9.25],[216,11.25],[145,12.25]],"c":false},"ix":2},"nm":"Path 1","mn":"ADBE Vector Shape - Group","hd":false},{"ty":"tm","s":{"a":1,"k":[{"i":{"x":[0.667],"y":[1]},"o":{"x":[0.333],"y":[0]},"t":200,"s":[0]},{"t":234,"s":[100]}],"ix":1},"e":{"a":1,"k":[{"i":{"x":[0.284],"y":[1]},"o":{"x":[0.471],"y":[0]},"t":56,"s":[0]},{"t":116,"s":[100]}],"ix":2},"o":{"a":0,"k":0,"ix":3},"m":1,"ix":2,"nm":"Trim Paths 1","mn":"ADBE Vector Filter - Trim","hd":false},{"ty":"st","c":{"a":0,"k":[0.76862745098,0.599830836876,0.599830836876,1],"ix":3},"o":{"a":0,"k":100,"ix":4},"w":{"a":0,"k":32,"ix":5},"lc":1,"lj":1,"ml":4,"bm":0,"nm":"Stroke 1","mn":"ADBE Vector Graphic - Stroke","hd":false},{"ty":"tr","p":{"a":0,"k":[0,0],"ix":2},"a":{"a":0,"k":[0,0],"ix":1},"s":{"a":0,"k":[100,100],"ix":3},"r":{"a":0,"k":0,"ix":6},"o":{"a":0,"k":100,"ix":7},"sk":{"a":0,"k":0,"ix":4},"sa":{"a":0,"k":0,"ix":5},"nm":"Transform"}],"nm":"Shape 1","np":4,"cix":2,"bm":0,"ix":1,"mn":"ADBE Vector Group","hd":false}],"ip":56,"op":356,"st":56,"bm":0},{"ddd":0,"ind":8,"ty":4,"nm":"U 2","tt":1,"sr":1,"ks":{"o":{"a":0,"k":100,"ix":11},"r":{"a":0,"k":0,"ix":10},"p":{"a":0,"k":[623.422,934.198,0],"ix":2,"l":2},"a":{"a":0,"k":[0,0,0],"ix":1,"l":2},"s":{"a":0,"k":[100,100,100],"ix":6,"l":2}},"ao":0,"shapes":[{"ty":"gr","it":[{"ind":0,"ty":"sh","ix":1,"ks":{"a":0,"k":{"i":[[-21.026,0],[0,0],[0,21.026],[0,0],[1.803,0],[0,0],[0,-1.802],[0,0],[9.012,0],[0,0],[0,9.008],[0,0],[1.803,0],[0,0],[0,-1.802],[0,0]],"o":[[0,0],[21.03,0],[0,0],[0,-1.802],[0,0],[-1.802,0],[0,0],[0,9.008],[0,0],[-9.012,0],[0,0],[0,-1.802],[0,0],[-1.803,0],[0,0],[0,21.026]],"v":[[-13.597,51.67],[13.597,51.67],[51.672,13.599],[51.672,-48.409],[48.41,-51.67],[33.18,-51.67],[29.915,-48.409],[29.915,13.599],[13.597,29.916],[-13.597,29.916],[-29.915,13.599],[-29.915,-48.409],[-33.176,-51.67],[-48.406,-51.67],[-51.672,-48.409],[-51.672,13.599]],"c":true},"ix":2},"nm":"Path 1","mn":"ADBE Vector Shape - Group","hd":false},{"ty":"fl","c":{"a":0,"k":[1,1,1,1],"ix":4},"o":{"a":0,"k":100,"ix":5},"r":1,"bm":0,"nm":"Fill 1","mn":"ADBE Vector Graphic - Fill","hd":false},{"ty":"tr","p":{"a":0,"k":[0,0],"ix":2},"a":{"a":0,"k":[0,0],"ix":1},"s":{"a":0,"k":[100,100],"ix":3},"r":{"a":0,"k":0,"ix":6},"o":{"a":0,"k":100,"ix":7},"sk":{"a":0,"k":0,"ix":4},"sa":{"a":0,"k":0,"ix":5},"nm":"Transform"}],"nm":"Group 1","np":2,"cix":2,"bm":0,"ix":1,"mn":"ADBE Vector Group","hd":false}],"ip":14,"op":314,"st":14,"bm":0},{"ddd":0,"ind":12,"ty":4,"nm":"tail","parent":13,"td":1,"sr":1,"ks":{"o":{"a":0,"k":100,"ix":11},"r":{"a":0,"k":0,"ix":10},"p":{"a":0,"k":[-91.706,-38.859,0],"ix":2,"l":2},"a":{"a":0,"k":[-91.752,-39.033,0],"ix":1,"l":2},"s":{"a":0,"k":[100,100,100],"ix":6,"l":2}},"ao":0,"shapes":[{"ty":"gr","it":[{"ind":0,"ty":"sh","ix":1,"ks":{"a":0,"k":{"i":[[0,0],[0.121,-4.516],[-66.163,-1.276],[0,0]],"o":[[0,0],[10.032,34.742],[36.803,0.71],[0,0]],"v":[[-91.256,-45.424],[-91.502,-38.033],[26.542,39.016],[91.752,18.203]],"c":false},"ix":2},"nm":"Path 1","mn":"ADBE Vector Shape - Group","hd":false},{"ty":"st","c":{"a":0,"k":[1,1,1,1],"ix":3},"o":{"a":0,"k":100,"ix":4},"w":{"a":0,"k":25,"ix":5},"lc":2,"lj":1,"ml":10,"bm":0,"nm":"Stroke 1","mn":"ADBE Vector Graphic - Stroke","hd":false},{"ty":"tr","p":{"a":0,"k":[0,0],"ix":2},"a":{"a":0,"k":[0,0],"ix":1},"s":{"a":0,"k":[100,100],"ix":3},"r":{"a":0,"k":0,"ix":6},"o":{"a":0,"k":100,"ix":7},"sk":{"a":0,"k":0,"ix":4},"sa":{"a":0,"k":0,"ix":5},"nm":"Transform"}],"nm":"Group 1","np":2,"cix":2,"bm":0,"ix":1,"mn":"ADBE Vector Group","hd":false},{"ty":"tm","s":{"a":1,"k":[{"i":{"x":[0.833],"y":[0.833]},"o":{"x":[0.167],"y":[0.167]},"t":188,"s":[0]},{"t":214,"s":[0]}],"ix":1},"e":{"a":1,"k":[{"i":{"x":[0.127],"y":[1]},"o":{"x":[0.581],"y":[0]},"t":70,"s":[0]},{"i":{"x":[0.833],"y":[1]},"o":{"x":[0.167],"y":[0]},"t":140,"s":[100]},{"i":{"x":[0.833],"y":[1]},"o":{"x":[0.739],"y":[0]},"t":214,"s":[100]},{"t":248,"s":[0]}],"ix":2},"o":{"a":0,"k":0,"ix":3},"m":1,"ix":2,"nm":"Trim Paths 1","mn":"ADBE Vector Filter - Trim","hd":false}],"ip":70,"op":370,"st":70,"bm":0},{"ddd":0,"ind":13,"ty":4,"nm":"Layer 7","tt":1,"sr":1,"ks":{"o":{"a":0,"k":100,"ix":11},"r":{"a":1,"k":[{"i":{"x":[0.667],"y":[1]},"o":{"x":[0.333],"y":[0]},"t":70,"s":[8]},{"i":{"x":[0.667],"y":[1]},"o":{"x":[0.333],"y":[0]},"t":128,"s":[-1]},{"i":{"x":[0.667],"y":[1]},"o":{"x":[0.241],"y":[0]},"t":155,"s":[1]},{"t":206,"s":[0]}],"ix":10},"p":{"a":0,"k":[504.875,952.587,0],"ix":2,"l":2},"a":{"a":0,"k":[-92,-39.125,0],"ix":1,"l":2},"s":{"a":0,"k":[100,100,100],"ix":6,"l":2}},"ao":0,"shapes":[{"ty":"gr","it":[{"ind":0,"ty":"sh","ix":1,"ks":{"a":0,"k":{"i":[[3.648,4.843],[4.852,-3.635],[32.334,0.61],[14.297,10.704],[4.747,16.438],[5.836,-1.683],[-1.685,-5.836],[-38.726,-15.641],[-3.791,4.117],[4.57,-4.21],[-0.53,-0.15],[-1.599,-0.428],[-8.717,-0.63],[-1.086,5.508],[1.84,-5.11],[-4.772,0.657],[-4.183,1.23],[-0.484,0.141],[0.46,6.77],[-1.014,-5.86],[-0.665,0.505]],"o":[[-3.648,-4.843],[-0.257,0.191],[-35.106,-0.677],[-16.938,-12.681],[-1.686,-5.836],[-5.836,1.686],[8.48,29.366],[5.626,1.546],[1.73,5.54],[0.53,0.16],[1.6,0.444],[7.961,1.892],[7.171,-0.027],[4.03,4.48],[4.791,-0.23],[4.665,-0.813],[0.486,-0.175],[6.92,-2.49],[6.054,2.406],[13.685,-5.924],[4.833,-3.662]],"v":[[100.53,11.806],[85.137,9.63],[26.759,28.229],[-47.056,3.947],[-81.178,-41.873],[-94.798,-49.389],[-102.315,-35.769],[-28.8,39.199],[-9.175,30.403],[-13.825,44.213],[-12.235,44.683],[-7.436,45.994],[17.598,49.821],[30.555,34.973],[32.595,49.823],[47.078,48.585],[60.37,45.474],[61.825,44.993],[66.565,26.233],[75.486,39.998],[98.399,27.183]],"c":true},"ix":2},"nm":"Path 1","mn":"ADBE Vector Shape - Group","hd":false},{"ty":"fl","c":{"a":0,"k":[1,1,1,1],"ix":4},"o":{"a":0,"k":100,"ix":5},"r":1,"bm":0,"nm":"Fill 1","mn":"ADBE Vector Graphic - Fill","hd":false},{"ty":"tr","p":{"a":0,"k":[0,0],"ix":2},"a":{"a":0,"k":[0,0],"ix":1},"s":{"a":0,"k":[100,100],"ix":3},"r":{"a":0,"k":0,"ix":6},"o":{"a":0,"k":100,"ix":7},"sk":{"a":0,"k":0,"ix":4},"sa":{"a":0,"k":0,"ix":5},"nm":"Transform"}],"nm":"Group 1","np":2,"cix":2,"bm":0,"ix":1,"mn":"ADBE Vector Group","hd":false}],"ip":10,"op":300,"st":0,"bm":0},{"ddd":0,"ind":14,"ty":4,"nm":"Shape Layer 3","td":1,"sr":1,"ks":{"o":{"a":0,"k":100,"ix":11},"r":{"a":0,"k":270,"ix":10},"p":{"a":0,"k":[510.009,937.016,0],"ix":2,"l":2},"a":{"a":0,"k":[191.509,-27.484,0],"ix":1,"l":2},"s":{"a":0,"k":[104.3,100,100],"ix":6,"l":2}},"ao":0,"shapes":[{"ty":"gr","it":[{"ind":0,"ty":"sh","ix":1,"ks":{"a":0,"k":{"i":[[0,0],[-12.809,0.255],[-0.25,-14],[0,0],[13,-1.75],[0,0],[0.479,17.5],[0,0]],"o":[[0,0],[12.225,-0.244],[0.197,11.044],[0,0],[-13,1.75],[0,0],[-0.479,-17.5],[0,0]],"v":[[142.874,-66.5],[208.062,-66.75],[236.082,-54.75],[236.75,-9.25],[221.273,16.25],[205.882,17.75],[186.73,0.006],[187.21,-44.494]],"c":false},"ix":2},"nm":"Path 1","mn":"ADBE Vector Shape - Group","hd":false},{"ty":"tm","s":{"a":1,"k":[{"i":{"x":[0.667],"y":[1]},"o":{"x":[0.681],"y":[0]},"t":210,"s":[0]},{"t":248,"s":[100]}],"ix":1},"e":{"a":1,"k":[{"i":{"x":[0.57],"y":[1]},"o":{"x":[0.549],"y":[0]},"t":10,"s":[0]},{"t":70,"s":[100]}],"ix":2},"o":{"a":0,"k":0,"ix":3},"m":1,"ix":2,"nm":"Trim Paths 1","mn":"ADBE Vector Filter - Trim","hd":false},{"ty":"st","c":{"a":0,"k":[0.76862745098,0.599830836876,0.599830836876,1],"ix":3},"o":{"a":0,"k":100,"ix":4},"w":{"a":0,"k":32,"ix":5},"lc":1,"lj":1,"ml":4,"bm":0,"nm":"Stroke 1","mn":"ADBE Vector Graphic - Stroke","hd":false},{"ty":"tr","p":{"a":0,"k":[0,0],"ix":2},"a":{"a":0,"k":[0,0],"ix":1},"s":{"a":0,"k":[100,100],"ix":3},"r":{"a":0,"k":0,"ix":6},"o":{"a":0,"k":100,"ix":7},"sk":{"a":0,"k":0,"ix":4},"sa":{"a":0,"k":0,"ix":5},"nm":"Transform"}],"nm":"Shape 1","np":4,"cix":2,"bm":0,"ix":1,"mn":"ADBE Vector Group","hd":false}],"ip":10,"op":246,"st":10,"bm":0},{"ddd":0,"ind":15,"ty":4,"nm":"R","tt":1,"sr":1,"ks":{"o":{"a":0,"k":100,"ix":11},"r":{"a":0,"k":0,"ix":10},"p":{"a":0,"k":[510.97,934.198,0],"ix":2,"l":2},"a":{"a":0,"k":[0,0,0],"ix":1,"l":2},"s":{"a":0,"k":[100,100,100],"ix":6,"l":2}},"ao":0,"shapes":[{"ty":"gr","it":[{"ind":0,"ty":"sh","ix":1,"ks":{"a":0,"k":{"i":[[0,0],[0,15.019],[0,0],[15.019,0],[0,0],[0,-7.512],[0,0],[-1.8,0],[0,0],[0,1.802],[0,0],[0,0],[0,-3.006],[0,0],[3.005,0],[0,0],[0,-1.803],[0,0],[0,0]],"o":[[15.019,0],[0,0],[0,-15.019],[0,0],[-7.51,0],[0,0],[0,1.802],[0,0],[1.803,0],[0,0],[0,0],[3.001,0],[0,0],[0,3.005],[0,0],[-1.803,0],[0,0],[0,2.282],[0,0]],"v":[[24.474,19.036],[51.672,-8.159],[51.672,-24.476],[24.474,-51.67],[-38.075,-51.67],[-51.672,-38.073],[-51.672,48.409],[-48.411,51.67],[-33.18,51.67],[-29.917,48.409],[-29.917,-29.916],[24.478,-29.916],[29.914,-24.476],[29.914,-8.159],[24.474,-2.718],[-13.688,-2.718],[-16.952,0.544],[-16.952,15.745],[-16.52,18.916]],"c":true},"ix":2},"nm":"Path 1","mn":"ADBE Vector Shape - Group","hd":false},{"ty":"fl","c":{"a":0,"k":[1,1,1,1],"ix":4},"o":{"a":0,"k":100,"ix":5},"r":1,"bm":0,"nm":"Fill 1","mn":"ADBE Vector Graphic - Fill","hd":false},{"ty":"tr","p":{"a":0,"k":[0,0],"ix":2},"a":{"a":0,"k":[0,0],"ix":1},"s":{"a":0,"k":[100,100],"ix":3},"r":{"a":0,"k":0,"ix":6},"o":{"a":0,"k":100,"ix":7},"sk":{"a":0,"k":0,"ix":4},"sa":{"a":0,"k":0,"ix":5},"nm":"Transform"}],"nm":"Group 1","np":2,"cix":2,"bm":0,"ix":1,"mn":"ADBE Vector Group","hd":false}],"ip":10,"op":310,"st":10,"bm":0},{"ddd":0,"ind":17,"ty":4,"nm":"Shape Layer 4","td":1,"sr":1,"ks":{"o":{"a":0,"k":100,"ix":11},"r":{"a":0,"k":270,"ix":10},"p":{"a":0,"k":[398.509,941.016,0],"ix":2,"l":2},"a":{"a":0,"k":[191.509,-27.484,0],"ix":1,"l":2},"s":{"a":0,"k":[104.3,105.013,100],"ix":6,"l":2}},"ao":0,"shapes":[{"ty":"gr","it":[{"ind":0,"ty":"sh","ix":1,"ks":{"a":0,"k":{"i":[[0,0],[-12.75,-1.25],[-0.25,-14],[0,0],[13,-1.75],[0,0]],"o":[[0,0],[12.75,1.25],[0.197,11.044],[0,0],[-13,1.75],[0,0]],"v":[[145.75,-67],[209.5,-66.75],[238,-38.75],[236.75,-9.25],[216,11.25],[145,12.25]],"c":false},"ix":2},"nm":"Path 1","mn":"ADBE Vector Shape - Group","hd":false},{"ty":"tm","s":{"a":0,"k":0,"ix":1},"e":{"a":1,"k":[{"i":{"x":[0.328],"y":[1]},"o":{"x":[0.615],"y":[0]},"t":6,"s":[0]},{"i":{"x":[0.833],"y":[1]},"o":{"x":[0.167],"y":[0]},"t":54,"s":[100]},{"i":{"x":[0.833],"y":[1]},"o":{"x":[0.167],"y":[0]},"t":218,"s":[100]},{"t":248,"s":[0]}],"ix":2},"o":{"a":0,"k":0,"ix":3},"m":1,"ix":2,"nm":"Trim Paths 1","mn":"ADBE Vector Filter - Trim","hd":false},{"ty":"st","c":{"a":0,"k":[0.76862745098,0.599830836876,0.599830836876,1],"ix":3},"o":{"a":0,"k":100,"ix":4},"w":{"a":0,"k":37,"ix":5},"lc":1,"lj":1,"ml":4,"bm":0,"nm":"Stroke 1","mn":"ADBE Vector Graphic - Stroke","hd":false},{"ty":"tr","p":{"a":0,"k":[0,0],"ix":2},"a":{"a":0,"k":[0,0],"ix":1},"s":{"a":0,"k":[100,100],"ix":3},"r":{"a":0,"k":0,"ix":6},"o":{"a":0,"k":100,"ix":7},"sk":{"a":0,"k":0,"ix":4},"sa":{"a":0,"k":0,"ix":5},"nm":"Transform"}],"nm":"Shape 1","np":4,"cix":2,"bm":0,"ix":1,"mn":"ADBE Vector Group","hd":false}],"ip":6,"op":306,"st":6,"bm":0},{"ddd":0,"ind":18,"ty":4,"nm":"A","tt":1,"sr":1,"ks":{"o":{"a":0,"k":100,"ix":11},"r":{"a":0,"k":0,"ix":10},"p":{"a":0,"k":[398.517,934.198,0],"ix":2,"l":2},"a":{"a":0,"k":[0,0,0],"ix":1,"l":2},"s":{"a":0,"k":[100,100,100],"ix":6,"l":2}},"ao":0,"shapes":[{"ty":"gr","it":[{"ind":0,"ty":"sh","ix":1,"ks":{"a":1,"k":[{"i":{"x":0.115,"y":1},"o":{"x":0.333,"y":0},"t":41,"s":[{"i":[[0,0],[-1.803,0],[0,0],[0,1.802],[0,0],[21.026,0],[0,0],[0,-21.026],[0,0],[-1.803,0],[0,0],[0,1.802],[0,0],[-9.012,0],[0,0],[0,-9.008],[0,0],[0,0],[0,0],[0,0],[0,0]],"o":[[0,1.802],[0,0],[1.802,0],[0,0],[0,-21.026],[0,0],[-21.028,0],[0,0],[0,1.802],[0,0],[1.802,0],[0,0],[0,-9.012],[0,0],[9.012,0],[0,0],[0,0],[0,0],[0,0],[0,0],[0,0]],"v":[[29.916,48.409],[33.177,51.67],[48.408,51.67],[51.671,48.409],[51.671,-13.599],[13.598,-51.67],[-13.598,-51.67],[-51.671,-13.599],[-51.671,48.409],[-48.409,51.67],[-33.179,51.67],[-29.915,48.409],[-29.915,-13.599],[-13.598,-29.916],[13.598,-29.916],[29.916,-13.599],[29.916,-2.198],[29.916,-1.658],[29.916,0.302],[29.916,1.922],[29.916,2.802]],"c":true}]},{"t":72,"s":[{"i":[[0,0],[-1.803,0],[0,0],[0,1.802],[0,0],[21.026,0],[0,0],[0,-21.026],[0,0],[-1.803,0],[0,0],[0,1.802],[0,0],[-9.012,0],[0,0],[0,-9.008],[0,0],[0,0],[-0.067,-1.938],[0,0],[0,0]],"o":[[0,1.802],[0,0],[1.802,0],[0,0],[0,-21.026],[0,0],[-21.028,0],[0,0],[0,1.802],[0,0],[1.802,0],[0,0],[0,-9.012],[0,0],[9.012,0],[0,0],[0,0],[0,0],[0.067,1.938],[0,0],[0,0]],"v":[[29.916,48.409],[33.177,51.67],[48.408,51.67],[51.671,48.409],[51.671,-13.599],[13.598,-51.67],[-13.598,-51.67],[-51.671,-13.599],[-51.671,48.409],[-48.409,51.67],[-33.179,51.67],[-29.915,48.409],[-29.915,-13.599],[-13.598,-29.916],[13.598,-29.916],[29.916,-13.599],[29.916,-2.198],[36.478,-2.198],[38.478,0.302],[36.728,2.802],[29.916,2.802]],"c":true}]}],"ix":2},"nm":"Path 1","mn":"ADBE Vector Shape - Group","hd":false},{"ty":"fl","c":{"a":0,"k":[1,1,1,1],"ix":4},"o":{"a":0,"k":100,"ix":5},"r":1,"bm":0,"nm":"Fill 1","mn":"ADBE Vector Graphic - Fill","hd":false},{"ty":"tr","p":{"a":0,"k":[0,0],"ix":2},"a":{"a":0,"k":[0,0],"ix":1},"s":{"a":0,"k":[100,100],"ix":3},"r":{"a":0,"k":0,"ix":6},"o":{"a":0,"k":100,"ix":7},"sk":{"a":0,"k":0,"ix":4},"sa":{"a":0,"k":0,"ix":5},"nm":"Transform"}],"nm":"Group 1","np":2,"cix":2,"bm":0,"ix":1,"mn":"ADBE Vector Group","hd":false}],"ip":6,"op":306,"st":6,"bm":0},{"ddd":0,"ind":19,"ty":4,"nm":"A2","sr":1,"ks":{"o":{"a":0,"k":100,"ix":11},"r":{"a":0,"k":0,"ix":10},"p":{"a":0,"k":[430.29,947.795,0],"ix":2,"l":2},"a":{"a":0,"k":[19.615,0,0],"ix":1,"l":2},"s":{"a":1,"k":[{"i":{"x":[0.098,0.667,0.667],"y":[1,1,1]},"o":{"x":[0.333,0.333,0.333],"y":[0,0,0]},"t":40,"s":[0,100,100]},{"i":{"x":[0.833,0.833,0.833],"y":[1,1,1]},"o":{"x":[0.333,0.333,0.333],"y":[0,0,0]},"t":70,"s":[100,100,100]},{"i":{"x":[0.684,0.833,0.833],"y":[1,1,1]},"o":{"x":[0.767,0.167,0.167],"y":[0,0,0]},"t":202,"s":[100,100,100]},{"t":226,"s":[0,100,100]}],"ix":6,"l":2}},"ao":0,"shapes":[{"ty":"gr","it":[{"ind":0,"ty":"sh","ix":1,"ks":{"a":0,"k":{"i":[[0,0],[0,1.803],[0,0],[-1.802,0],[0,0],[0,0]],"o":[[-1.802,0],[0,0],[0,-1.803],[0,0],[0,0],[0,0]],"v":[[-16.353,10.879],[-19.615,7.617],[-19.615,-7.613],[-16.353,-10.879],[19.615,-10.879],[19.615,10.879]],"c":true},"ix":2},"nm":"Path 1","mn":"ADBE Vector Shape - Group","hd":false},{"ty":"fl","c":{"a":0,"k":[1,1,1,1],"ix":4},"o":{"a":0,"k":100,"ix":5},"r":1,"bm":0,"nm":"Fill 1","mn":"ADBE Vector Graphic - Fill","hd":false},{"ty":"tr","p":{"a":0,"k":[0,0],"ix":2},"a":{"a":0,"k":[0,0],"ix":1},"s":{"a":0,"k":[100,100],"ix":3},"r":{"a":0,"k":0,"ix":6},"o":{"a":0,"k":100,"ix":7},"sk":{"a":0,"k":0,"ix":4},"sa":{"a":0,"k":0,"ix":5},"nm":"Transform"}],"nm":"Group 1","np":2,"cix":2,"bm":0,"ix":1,"mn":"ADBE Vector Group","hd":false}],"ip":40,"op":340,"st":40,"bm":0},{"ddd":0,"ind":20,"ty":4,"nm":"Shape Layer 5","parent":21,"td":1,"sr":1,"ks":{"o":{"a":0,"k":100,"ix":11},"r":{"a":0,"k":90,"ix":10},"p":{"a":0,"k":[-4.363,-4.683,0],"ix":2,"l":2},"a":{"a":0,"k":[191.509,-27.484,0],"ix":1,"l":2},"s":{"a":0,"k":[104.3,100,100],"ix":6,"l":2}},"ao":0,"shapes":[{"ty":"gr","it":[{"ind":0,"ty":"sh","ix":1,"ks":{"a":0,"k":{"i":[[0,0],[-12.75,-1.25],[-0.25,-14],[0,0],[17.68,-1.225],[0,0]],"o":[[0,0],[12.75,1.25],[0.197,11.044],[0,0],[-13.086,0.907],[0,0]],"v":[[145.75,-67],[209.5,-66.75],[237.041,-41.75],[237.229,-22.25],[216,1.25],[145,2.25]],"c":false},"ix":2},"nm":"Path 1","mn":"ADBE Vector Shape - Group","hd":false},{"ty":"tm","s":{"a":1,"k":[{"i":{"x":[0.46],"y":[1]},"o":{"x":[0.903],"y":[0]},"t":200,"s":[0]},{"t":240,"s":[100]}],"ix":1},"e":{"a":1,"k":[{"i":{"x":[0.328],"y":[1]},"o":{"x":[0.615],"y":[0]},"t":0,"s":[0]},{"t":60,"s":[100]}],"ix":2},"o":{"a":0,"k":0,"ix":3},"m":1,"ix":2,"nm":"Trim Paths 1","mn":"ADBE Vector Filter - Trim","hd":false},{"ty":"st","c":{"a":0,"k":[0.76862745098,0.599830836876,0.599830836876,1],"ix":3},"o":{"a":0,"k":100,"ix":4},"w":{"a":0,"k":32,"ix":5},"lc":1,"lj":1,"ml":4,"bm":0,"nm":"Stroke 1","mn":"ADBE Vector Graphic - Stroke","hd":false},{"ty":"tr","p":{"a":0,"k":[0,0],"ix":2},"a":{"a":0,"k":[0,0],"ix":1},"s":{"a":0,"k":[100,100],"ix":3},"r":{"a":0,"k":0,"ix":6},"o":{"a":0,"k":100,"ix":7},"sk":{"a":0,"k":0,"ix":4},"sa":{"a":0,"k":0,"ix":5},"nm":"Transform"}],"nm":"Shape 1","np":4,"cix":2,"bm":0,"ix":1,"mn":"ADBE Vector Group","hd":false}],"ip":0,"op":300,"st":0,"bm":0},{"ddd":0,"ind":21,"ty":4,"nm":"W2","tt":1,"sr":1,"ks":{"o":{"a":0,"k":100,"ix":11},"r":{"a":0,"k":0,"ix":10},"p":{"a":1,"k":[{"i":{"x":0,"y":1},"o":{"x":0.333,"y":0},"t":224,"s":[292.872,934.198,0],"to":[0,-5.167,0],"ti":[0,5.167,0]},{"t":250,"s":[292.872,903.198,0]}],"ix":2,"l":2},"a":{"a":0,"k":[0,0,0],"ix":1,"l":2},"s":{"a":0,"k":[100,100,100],"ix":6,"l":2}},"ao":0,"shapes":[{"ty":"gr","it":[{"ind":0,"ty":"sh","ix":1,"ks":{"a":0,"k":{"i":[[-21.026,0],[0,0],[0,21.026],[0,0],[1.803,0],[0,0],[0,-1.802],[0,0],[9.012,0],[0,0],[0,9.008],[0,0],[1.803,0],[0,0],[0,-1.802],[0,0]],"o":[[0,0],[21.03,0],[0,0],[0,-1.802],[0,0],[-1.802,0],[0,0],[0,9.008],[0,0],[-9.012,0],[0,0],[0,-1.802],[0,0],[-1.803,0],[0,0],[0,21.026]],"v":[[-6.786,51.67],[6.786,51.67],[44.862,13.599],[44.862,-48.409],[41.6,-51.67],[26.37,-51.67],[23.104,-48.409],[23.104,13.599],[6.786,29.916],[-6.786,29.916],[-23.104,13.599],[-23.104,-48.409],[-26.366,-51.67],[-41.596,-51.67],[-44.862,-48.409],[-44.862,13.599]],"c":true},"ix":2},"nm":"Path 1","mn":"ADBE Vector Shape - Group","hd":false},{"ty":"fl","c":{"a":0,"k":[1,1,1,1],"ix":4},"o":{"a":0,"k":100,"ix":5},"r":1,"bm":0,"nm":"Fill 1","mn":"ADBE Vector Graphic - Fill","hd":false},{"ty":"tr","p":{"a":0,"k":[0,0],"ix":2},"a":{"a":0,"k":[0,0],"ix":1},"s":{"a":0,"k":[100,100],"ix":3},"r":{"a":0,"k":0,"ix":6},"o":{"a":0,"k":100,"ix":7},"sk":{"a":0,"k":0,"ix":4},"sa":{"a":0,"k":0,"ix":5},"nm":"Transform"}],"nm":"Group 1","np":2,"cix":2,"bm":0,"ix":1,"mn":"ADBE Vector Group","hd":false}],"ip":0,"op":300,"st":0,"bm":0},{"ddd":0,"ind":22,"ty":4,"nm":"Shape Layer 6","parent":23,"td":1,"sr":1,"ks":{"o":{"a":0,"k":100,"ix":11},"r":{"a":0,"k":90,"ix":10},"p":{"a":0,"k":[5.647,-6.683,0],"ix":2,"l":2},"a":{"a":0,"k":[191.509,-27.484,0],"ix":1,"l":2},"s":{"a":0,"k":[101.024,-94,100],"ix":6,"l":2}},"ao":0,"shapes":[{"ty":"gr","it":[{"ind":0,"ty":"sh","ix":1,"ks":{"a":0,"k":{"i":[[0,0],[-12.75,-1.25],[-0.25,-14],[0,0],[17.68,-1.225],[0,0]],"o":[[0,0],[12.75,1.25],[0.197,11.044],[0,0],[-13.086,0.907],[0,0]],"v":[[145.75,-67],[209.5,-66.75],[237.041,-41.75],[237.229,-22.25],[216,1.25],[145,2.25]],"c":false},"ix":2},"nm":"Path 1","mn":"ADBE Vector Shape - Group","hd":false},{"ty":"tm","s":{"a":1,"k":[{"i":{"x":[0.46],"y":[1]},"o":{"x":[0.903],"y":[0]},"t":200,"s":[0]},{"t":240,"s":[100]}],"ix":1},"e":{"a":1,"k":[{"i":{"x":[0.328],"y":[1]},"o":{"x":[0.615],"y":[0]},"t":0,"s":[0]},{"t":60,"s":[100]}],"ix":2},"o":{"a":0,"k":0,"ix":3},"m":1,"ix":2,"nm":"Trim Paths 1","mn":"ADBE Vector Filter - Trim","hd":false},{"ty":"st","c":{"a":0,"k":[0.76862745098,0.599830836876,0.599830836876,1],"ix":3},"o":{"a":0,"k":100,"ix":4},"w":{"a":0,"k":32,"ix":5},"lc":1,"lj":1,"ml":4,"bm":0,"nm":"Stroke 1","mn":"ADBE Vector Graphic - Stroke","hd":false},{"ty":"tr","p":{"a":0,"k":[0,0],"ix":2},"a":{"a":0,"k":[0,0],"ix":1},"s":{"a":0,"k":[100,100],"ix":3},"r":{"a":0,"k":0,"ix":6},"o":{"a":0,"k":100,"ix":7},"sk":{"a":0,"k":0,"ix":4},"sa":{"a":0,"k":0,"ix":5},"nm":"Transform"}],"nm":"Shape 1","np":4,"cix":2,"bm":0,"ix":1,"mn":"ADBE Vector Group","hd":false}],"ip":0,"op":300,"st":0,"bm":0},{"ddd":0,"ind":23,"ty":4,"nm":"W1","tt":1,"sr":1,"ks":{"o":{"a":0,"k":100,"ix":11},"r":{"a":0,"k":0,"ix":10},"p":{"a":1,"k":[{"i":{"x":0,"y":1},"o":{"x":0.333,"y":0},"t":224,"s":[224.862,934.198,0],"to":[0,-5.167,0],"ti":[0,5.167,0]},{"t":250,"s":[224.862,903.198,0]}],"ix":2,"l":2},"a":{"a":0,"k":[0,0,0],"ix":1,"l":2},"s":{"a":0,"k":[100,100,100],"ix":6,"l":2}},"ao":0,"shapes":[{"ty":"gr","it":[{"ind":0,"ty":"sh","ix":1,"ks":{"a":0,"k":{"i":[[-21.026,0],[0,0],[0,21.026],[0,0],[1.803,0],[0,0],[0,-1.802],[0,0],[9.012,0],[0,0],[0,9.008],[0,0],[1.803,0],[0,0],[0,-1.802],[0,0]],"o":[[0,0],[21.03,0],[0,0],[0,-1.802],[0,0],[-1.802,0],[0,0],[0,9.008],[0,0],[-9.012,0],[0,0],[0,-1.802],[0,0],[-1.803,0],[0,0],[0,21.026]],"v":[[-6.786,51.67],[6.786,51.67],[44.862,13.599],[44.862,-48.409],[41.6,-51.67],[26.37,-51.67],[23.104,-48.409],[23.104,13.599],[6.786,29.916],[-6.786,29.916],[-23.104,13.599],[-23.104,-48.409],[-26.366,-51.67],[-41.596,-51.67],[-44.862,-48.409],[-44.862,13.599]],"c":true},"ix":2},"nm":"Path 1","mn":"ADBE Vector Shape - Group","hd":false},{"ty":"fl","c":{"a":0,"k":[1,1,1,1],"ix":4},"o":{"a":0,"k":100,"ix":5},"r":1,"bm":0,"nm":"Fill 1","mn":"ADBE Vector Graphic - Fill","hd":false},{"ty":"tr","p":{"a":0,"k":[0,0],"ix":2},"a":{"a":0,"k":[0,0],"ix":1},"s":{"a":0,"k":[100,100],"ix":3},"r":{"a":0,"k":0,"ix":6},"o":{"a":0,"k":100,"ix":7},"sk":{"a":0,"k":0,"ix":4},"sa":{"a":0,"k":0,"ix":5},"nm":"Transform"}],"nm":"Group 1","np":2,"cix":2,"bm":0,"ix":1,"mn":"ADBE Vector Group","hd":false}],"ip":0,"op":300,"st":0,"bm":0}],"markers":[]}