{"tgs":1,"v":"5.5.2.2","fr":60,"ip":0,"op":120,"w":512,"h":512,"nm":"12_LIKE_OUT","ddd":0,"assets":[{"id":"comp_0","layers":[{"ddd":0,"ind":1,"ty":4,"nm":"Shape Layer 41","parent":5,"sr":1,"ks":{"p":{"a":0,"k":[141.842,-27.845,0]},"a":{"a":0,"k":[42.034,-21.393,0]}},"ao":0,"shapes":[{"ty":"gr","it":[{"ind":0,"ty":"sh","ks":{"a":1,"k":[{"i":{"x":0.667,"y":1},"o":{"x":0.8,"y":0},"t":70,"s":[{"i":[[-17.153,-0.723],[-8.211,0]],"o":[[3.24,0.137],[18.44,0]],"v":[[2.653,-13.637],[20.837,-14]],"c":false}]},{"i":{"x":0.2,"y":1},"o":{"x":0.333,"y":0},"t":90,"s":[{"i":[[-17.153,-0.723],[-11.126,2.729]],"o":[[3.24,0.137],[17.909,-4.393]],"v":[[1.489,-11.828],[20.837,-14]],"c":false}]},{"i":{"x":0.667,"y":1},"o":{"x":0.8,"y":0},"t":105,"s":[{"i":[[-17.153,-0.723],[-8.211,0]],"o":[[3.24,0.137],[18.44,0]],"v":[[1.869,16.42],[20.053,16.057]],"c":false}]},{"t":160,"s":[{"i":[[-17.153,-0.723],[-8.211,0]],"o":[[3.24,0.137],[18.44,0]],"v":[[2.653,-13.637],[20.837,-14]],"c":false}]}]},"nm":"Path 1","hd":false},{"ind":1,"ty":"sh","ks":{"a":1,"k":[{"i":{"x":0.667,"y":1},"o":{"x":0.8,"y":0},"t":70,"s":[{"i":[[-17.153,-0.723],[-8.211,0]],"o":[[3.24,0.137],[18.44,0]],"v":[[-25.097,54.363],[-6.913,54]],"c":false}]},{"i":{"x":0.2,"y":1},"o":{"x":0.333,"y":0},"t":90,"s":[{"i":[[-17.153,-0.723],[-8.801,2.694]],"o":[[3.24,0.137],[17.633,-5.397]],"v":[[-25.472,56.127],[-6.913,54]],"c":false}]},{"i":{"x":0.667,"y":1},"o":{"x":0.8,"y":0},"t":105,"s":[{"i":[[-17.153,-0.723],[-8.211,0]],"o":[[3.24,0.137],[18.44,0]],"v":[[-35.414,81.399],[-17.229,81.035]],"c":false}]},{"t":160,"s":[{"i":[[-17.153,-0.723],[-8.211,0]],"o":[[3.24,0.137],[18.44,0]],"v":[[-25.097,54.363],[-6.913,54]],"c":false}]}]},"nm":"Path 2","hd":false},{"ty":"st","c":{"a":0,"k":[0.874525122549,0.616226734835,0.530127312155,1]},"o":{"a":0,"k":100},"w":{"a":0,"k":10},"lc":2,"lj":2,"bm":0,"nm":"Stroke 1","hd":false},{"ty":"tr","p":{"a":0,"k":[0,0]},"a":{"a":0,"k":[0,0]},"s":{"a":0,"k":[100,100]},"r":{"a":0,"k":0},"o":{"a":0,"k":100},"sk":{"a":0,"k":0},"sa":{"a":0,"k":0},"nm":"Transform"}],"nm":"Shape 1","bm":0,"hd":false}],"ip":0,"op":300,"st":0,"bm":0},{"ddd":0,"ind":2,"ty":4,"nm":"palm 5","parent":5,"sr":1,"ks":{"o":{"a":0,"k":50},"p":{"a":0,"k":[-76,-1,0]},"a":{"a":0,"k":[-76,-1,0]}},"ao":0,"shapes":[{"ty":"gr","it":[{"ind":0,"ty":"sh","ks":{"a":1,"k":[{"i":{"x":0.667,"y":1},"o":{"x":0.8,"y":0},"t":70,"s":[{"i":[[38.978,-1.277],[22.5,-19],[25,-22],[51.406,-7.129],[-17.265,3.86],[-0.684,33.71],[10.734,28.733],[10.681,15.241]],"o":[[25.978,19.723],[9.971,20.059],[3.5,32.5],[41.508,-2.728],[31.255,-6.987],[10.089,-1.957],[21.094,-7.262],[-10.993,-15.686]],"v":[[55.83,-110.674],[42.308,-28.951],[26.308,50.049],[-35.684,110.82],[50.202,102.704],[95.42,48.412],[124.432,-21.217],[144.041,-95.356]],"c":true}]},{"i":{"x":0.2,"y":1},"o":{"x":0.333,"y":0},"t":90,"s":[{"i":[[38.978,-1.277],[22.5,-19],[25,-22],[51.406,-7.129],[-14.521,4.438],[-0.684,33.71],[10.734,28.733],[10.681,15.241]],"o":[[25.978,19.723],[9.971,20.059],[3.5,32.5],[41.508,-2.728],[35.395,-10.817],[10.089,-1.957],[21.094,-7.262],[-10.993,-15.686]],"v":[[60.916,-99.244],[42.308,-28.951],[26.308,50.049],[-38.756,115.271],[40.171,104.543],[95.42,48.412],[124.432,-21.217],[144.041,-95.356]],"c":true}]},{"i":{"x":0.667,"y":1},"o":{"x":0.8,"y":0},"t":105,"s":[{"i":[[41.975,3.732],[22.5,-19],[25,-22],[51.406,-7.129],[-17.265,3.86],[-7.627,34.376],[10.734,28.733],[10.681,15.241]],"o":[[25.978,19.723],[9.971,20.059],[3.5,32.5],[43.451,1.97],[31.255,-6.987],[10.089,-1.957],[22.556,-3.7],[-10.993,-15.686]],"v":[[52.771,-91.829],[36.445,-21.485],[20.445,57.515],[-42.076,118.119],[41.098,116.72],[86.111,72.27],[122.925,7.445],[150.115,-64.874]],"c":true}]},{"t":160,"s":[{"i":[[38.978,-1.277],[22.5,-19],[25,-22],[51.406,-7.129],[-17.265,3.86],[-0.684,33.71],[10.734,28.733],[10.681,15.241]],"o":[[25.978,19.723],[9.971,20.059],[3.5,32.5],[41.508,-2.728],[31.255,-6.987],[10.089,-1.957],[21.094,-7.262],[-10.993,-15.686]],"v":[[55.83,-110.674],[42.308,-28.951],[26.308,50.049],[-35.684,110.82],[50.202,102.704],[95.42,48.412],[124.432,-21.217],[144.041,-95.356]],"c":true}]}]},"nm":"Path 1","hd":false},{"ty":"fl","c":{"a":0,"k":[0.929488357843,0.672729133157,0.574693806966,1]},"o":{"a":0,"k":100},"r":1,"bm":0,"nm":"Fill 1","hd":false},{"ty":"tr","p":{"a":0,"k":[0,0]},"a":{"a":0,"k":[0,0]},"s":{"a":0,"k":[100,100]},"r":{"a":0,"k":0},"o":{"a":0,"k":100},"sk":{"a":0,"k":0},"sa":{"a":0,"k":0},"nm":"Transform"}],"nm":"Group 1","bm":0,"hd":false}],"ip":0,"op":300,"st":0,"bm":0},{"ddd":0,"ind":3,"ty":4,"nm":"Shape Layer 39","parent":5,"sr":1,"ks":{"p":{"a":0,"k":[-50.192,-79.451,0]}},"ao":0,"shapes":[{"ty":"gr","it":[{"ind":0,"ty":"sh","ks":{"a":1,"k":[{"i":{"x":0.667,"y":1},"o":{"x":0.8,"y":0},"t":70,"s":[{"i":[[-26.042,2.049],[-17.055,1.218]],"o":[[40.582,-3.194],[28,-2]],"v":[[-10.432,-20.637],[94.5,-22]],"c":false}]},{"i":{"x":0.2,"y":1},"o":{"x":0.333,"y":0},"t":90,"s":[{"i":[[-18.969,-1.746],[-47.143,6.606]],"o":[[31.477,2.897],[27.8,-3.896]],"v":[[-27.557,-15.587],[92.897,-8.447]],"c":false}]},{"i":{"x":0.667,"y":1},"o":{"x":0.8,"y":0},"t":105,"s":[{"i":[[-22.082,-0.118],[-32.208,-5.304]],"o":[[36.642,0.196],[27.698,4.561]],"v":[[-22.223,-21.626],[92.978,-6.164]],"c":false}]},{"t":160,"s":[{"i":[[-24.836,2.163],[-17.471,1.248]],"o":[[41.214,-3.59],[28,-2]],"v":[[-13.388,-20.392],[94.5,-22]],"c":false}]}]},"nm":"Path 1","hd":false},{"ty":"st","c":{"a":0,"k":[1,0.846849030139,0.788373161765,1]},"o":{"a":0,"k":100},"w":{"a":0,"k":20},"lc":2,"lj":2,"bm":0,"nm":"Stroke 1","hd":false},{"ty":"tr","p":{"a":0,"k":[0,0]},"a":{"a":0,"k":[0,0]},"s":{"a":0,"k":[100,100]},"r":{"a":0,"k":0},"o":{"a":0,"k":100},"sk":{"a":0,"k":0},"sa":{"a":0,"k":0},"nm":"Transform"}],"nm":"Shape 1","bm":0,"hd":false}],"ip":0,"op":300,"st":0,"bm":0},{"ddd":0,"ind":4,"ty":4,"nm":"Shape Layer 38","parent":5,"sr":1,"ks":{"p":{"a":0,"k":[-50.192,-79.451,0]}},"ao":0,"shapes":[{"ty":"gr","it":[{"ind":0,"ty":"sh","ks":{"a":1,"k":[{"i":{"x":0.667,"y":1},"o":{"x":0.8,"y":0},"t":70,"s":[{"i":[[11.5,41.5],[-27.5,25.5]],"o":[[-11.5,-41.5],[27.5,-25.5]],"v":[[-83.5,132.5],[-70.5,-4]],"c":false}]},{"i":{"x":0.2,"y":1},"o":{"x":0.333,"y":0},"t":90,"s":[{"i":[[11.5,41.5],[-27.5,25.5]],"o":[[-11.5,-41.5],[27.5,-25.5]],"v":[[-83.5,132.5],[-72.074,-6.603]],"c":false}]},{"i":{"x":0.667,"y":1},"o":{"x":0.8,"y":0},"t":105,"s":[{"i":[[11.5,41.5],[-20.67,21.347]],"o":[[-11.5,-41.5],[26.088,-26.942]],"v":[[-83.5,132.5],[-72.671,-8.185]],"c":false}]},{"t":160,"s":[{"i":[[11.5,41.5],[-27.5,25.5]],"o":[[-11.5,-41.5],[27.5,-25.5]],"v":[[-83.5,132.5],[-70.5,-4]],"c":false}]}]},"nm":"Path 1","hd":false},{"ty":"st","c":{"a":0,"k":[1,0.846849030139,0.788373161765,1]},"o":{"a":0,"k":100},"w":{"a":0,"k":20},"lc":2,"lj":2,"bm":0,"nm":"Stroke 1","hd":false},{"ty":"tr","p":{"a":0,"k":[0,0]},"a":{"a":0,"k":[0,0]},"s":{"a":0,"k":[100,100]},"r":{"a":0,"k":0},"o":{"a":0,"k":100},"sk":{"a":0,"k":0},"sa":{"a":0,"k":0},"nm":"Transform"}],"nm":"Shape 1","bm":0,"hd":false}],"ip":0,"op":300,"st":0,"bm":0},{"ddd":0,"ind":5,"ty":4,"nm":"palm","parent":18,"sr":1,"ks":{"p":{"a":0,"k":[60,60,0]},"a":{"a":0,"k":[-76,-1,0]},"s":{"a":1,"k":[{"i":{"x":[0.667,0.667,0.667],"y":[1,1,1]},"o":{"x":[0.333,0.333,0.333],"y":[0,0,0]},"t":73,"s":[100,100,100]},{"i":{"x":[0.667,0.667,0.667],"y":[1,1,1]},"o":{"x":[0.333,0.333,0.333],"y":[0,0,0]},"t":93,"s":[97,103,100]},{"i":{"x":[0.667,0.667,0.667],"y":[1,1,1]},"o":{"x":[0.333,0.333,0.333],"y":[0,0,0]},"t":108,"s":[103,97,100]},{"t":127,"s":[100,100,100]}]}},"ao":0,"shapes":[{"ty":"gr","it":[{"ind":0,"ty":"sh","ks":{"a":1,"k":[{"i":{"x":0.667,"y":1},"o":{"x":0.8,"y":0},"t":70,"s":[{"i":[[-36.105,1.86],[-34.441,0.091],[-13.733,-19.595],[21.094,-7.262],[10.089,-1.957],[31.255,-6.987],[23.4,27.028],[-6.487,51.774]],"o":[[25.736,-1.326],[63.604,-0.169],[10.681,15.241],[10.734,28.733],[-0.684,33.71],[-37.198,8.316],[-15.288,-17.659],[8.75,-69.83]],"v":[[-89.124,-108.617],[5.4,-110.839],[144.041,-95.356],[124.432,-21.217],[95.42,48.412],[50.202,102.704],[-127.064,92.467],[-148.867,-32.205]],"c":true}]},{"i":{"x":0.2,"y":1},"o":{"x":0.333,"y":0},"t":90,"s":[{"i":[[-36.105,1.86],[-30.102,0.231],[-11.314,-6.28],[21.094,-7.262],[10.089,-1.957],[29.923,-11.417],[23.4,27.028],[-6.487,51.774]],"o":[[22.592,-1.164],[67.515,-0.517],[16.272,9.033],[10.734,28.733],[-0.683,33.71],[-49.018,18.702],[-15.288,-17.659],[8.75,-69.83]],"v":[[-89.124,-108.617],[-10.282,-95.782],[143.541,-102.856],[124.432,-21.217],[95.42,48.412],[50.202,102.704],[-127.064,92.467],[-148.867,-32.205]],"c":true}]},{"i":{"x":0.667,"y":1},"o":{"x":0.8,"y":0},"t":105,"s":[{"i":[[-36.105,1.86],[-34.148,-4.486],[-10.301,-17.905],[21.872,-4.395],[10.26,-0.599],[31.906,-2.772],[23.4,27.028],[-6.487,51.774]],"o":[[25.736,-1.326],[63.062,8.284],[9.281,16.132],[6.821,29.905],[-5.157,33.321],[-37.973,3.299],[-15.288,-17.659],[8.75,-69.83]],"v":[[-89.124,-108.617],[18.714,-98.248],[150.462,-64.54],[124.782,6.396],[86.775,71.553],[34.743,119.355],[-127.064,92.467],[-148.867,-32.205]],"c":true}]},{"t":160,"s":[{"i":[[-36.105,1.86],[-34.441,0.091],[-13.733,-19.595],[21.094,-7.262],[10.089,-1.957],[31.255,-6.987],[23.4,27.028],[-6.487,51.774]],"o":[[25.736,-1.326],[63.604,-0.169],[10.681,15.241],[10.734,28.733],[-0.684,33.71],[-37.198,8.316],[-15.288,-17.659],[8.75,-69.83]],"v":[[-89.124,-108.617],[5.4,-110.839],[144.041,-95.356],[124.432,-21.217],[95.42,48.412],[50.202,102.704],[-127.064,92.467],[-148.867,-32.205]],"c":true}]}]},"nm":"Path 1","hd":false},{"ty":"gf","o":{"a":0,"k":100},"r":1,"bm":0,"g":{"p":3,"k":{"a":0,"k":[0.465,1,0.784,0.702,0.577,0.969,0.714,0.629,0.689,0.937,0.643,0.557]}},"s":{"a":0,"k":[-66.327,-61.82]},"e":{"a":0,"k":[22.752,222.305]},"t":2,"h":{"a":0,"k":0},"a":{"a":0,"k":0},"nm":"like","hd":false},{"ty":"tr","p":{"a":0,"k":[0,0]},"a":{"a":0,"k":[0,0]},"s":{"a":0,"k":[100,100]},"r":{"a":0,"k":0},"o":{"a":0,"k":100},"sk":{"a":0,"k":0},"sa":{"a":0,"k":0},"nm":"Transform"}],"nm":"Group 1","bm":0,"hd":false}],"ip":0,"op":300,"st":0,"bm":0},{"ddd":0,"ind":6,"ty":4,"nm":"Layer 20","parent":13,"sr":1,"ks":{"o":{"a":0,"k":66},"p":{"a":0,"k":[3.46,26.077,0]},"s":{"a":1,"k":[{"i":{"x":[0.667,0.667,0.667],"y":[1,1,1]},"o":{"x":[0.333,0.333,0.333],"y":[0,0,0]},"t":48,"s":[105,105,100]},{"i":{"x":[0.667,0.667,0.667],"y":[1,1,1]},"o":{"x":[0.333,0.333,0.333],"y":[0,0,0]},"t":58,"s":[95,95,100]},{"i":{"x":[0.667,0.667,0.667],"y":[1,1,1]},"o":{"x":[0.333,0.333,0.333],"y":[0,0,0]},"t":68,"s":[105,105,100]},{"i":{"x":[0.667,0.667,0.667],"y":[1,1,1]},"o":{"x":[0.333,0.333,0.333],"y":[0,0,0]},"t":78,"s":[95,95,100]},{"i":{"x":[0.667,0.667,0.667],"y":[1,1,1]},"o":{"x":[0.333,0.333,0.333],"y":[0,0,0]},"t":88,"s":[105,105,100]},{"i":{"x":[0.667,0.667,0.667],"y":[1,1,1]},"o":{"x":[0.333,0.333,0.333],"y":[0,0,0]},"t":98,"s":[95,95,100]},{"i":{"x":[0.667,0.667,0.667],"y":[1,1,1]},"o":{"x":[0.333,0.333,0.333],"y":[0,0,0]},"t":108,"s":[105,105,100]},{"i":{"x":[0.667,0.667,0.667],"y":[1,1,1]},"o":{"x":[0.333,0.333,0.333],"y":[0,0,0]},"t":118,"s":[95,95,100]},{"i":{"x":[0.667,0.667,0.667],"y":[1,1,1]},"o":{"x":[0.333,0.333,0.333],"y":[0,0,0]},"t":128,"s":[105,105,100]},{"i":{"x":[0.667,0.667,0.667],"y":[1,1,1]},"o":{"x":[0.333,0.333,0.333],"y":[0,0,0]},"t":138,"s":[95,95,100]},{"i":{"x":[0.667,0.667,0.667],"y":[1,1,1]},"o":{"x":[0.333,0.333,0.333],"y":[0,0,0]},"t":148,"s":[105,105,100]},{"i":{"x":[0.667,0.667,0.667],"y":[1,1,1]},"o":{"x":[0.333,0.333,0.333],"y":[0,0,0]},"t":158,"s":[95,95,100]},{"i":{"x":[0.667,0.667,0.667],"y":[1,1,1]},"o":{"x":[0.333,0.333,0.333],"y":[0,0,0]},"t":168,"s":[105,105,100]},{"i":{"x":[0.667,0.667,0.667],"y":[1,1,1]},"o":{"x":[0.333,0.333,0.333],"y":[0,0,0]},"t":178,"s":[95,95,100]},{"i":{"x":[0.667,0.667,0.667],"y":[1,1,1]},"o":{"x":[0.333,0.333,0.333],"y":[0,0,0]},"t":188,"s":[105,105,100]},{"i":{"x":[0.667,0.667,0.667],"y":[1,1,1]},"o":{"x":[0.333,0.333,0.333],"y":[0,0,0]},"t":198,"s":[95,95,100]},{"t":208,"s":[105,105,100]}]}},"ao":0,"shapes":[{"ty":"gr","it":[{"ind":0,"ty":"sh","ks":{"a":0,"k":{"i":[[0,-4.808],[7.865,0],[0,4.808],[-7.865,0]],"o":[[0,4.808],[-7.865,0],[0,-4.808],[7.865,0]],"v":[[14.24,0],[0,8.705],[-14.24,0],[0,-8.705]],"c":true}},"nm":"Path 1","hd":false},{"ty":"fl","c":{"a":0,"k":[1,1,1,1]},"o":{"a":0,"k":100},"r":1,"bm":0,"nm":"Fill 1","hd":false},{"ty":"tr","p":{"a":0,"k":[0,0]},"a":{"a":0,"k":[0,0]},"s":{"a":0,"k":[100,100]},"r":{"a":0,"k":0},"o":{"a":0,"k":100},"sk":{"a":0,"k":0},"sa":{"a":0,"k":0},"nm":"Transform"}],"nm":"Group 1","bm":0,"hd":false}],"ip":0,"op":103,"st":0,"bm":0},{"ddd":0,"ind":7,"ty":4,"nm":"Layer 19","parent":13,"sr":1,"ks":{"o":{"a":0,"k":66},"p":{"a":0,"k":[-19.935,20.375,0]},"s":{"a":1,"k":[{"i":{"x":[0.667,0.667,0.667],"y":[1,1,1]},"o":{"x":[0.333,0.333,0.333],"y":[0,0,0]},"t":54,"s":[105,105,100]},{"i":{"x":[0.667,0.667,0.667],"y":[1,1,1]},"o":{"x":[0.333,0.333,0.333],"y":[0,0,0]},"t":64,"s":[95,95,100]},{"i":{"x":[0.667,0.667,0.667],"y":[1,1,1]},"o":{"x":[0.333,0.333,0.333],"y":[0,0,0]},"t":74,"s":[105,105,100]},{"i":{"x":[0.667,0.667,0.667],"y":[1,1,1]},"o":{"x":[0.333,0.333,0.333],"y":[0,0,0]},"t":84,"s":[95,95,100]},{"i":{"x":[0.667,0.667,0.667],"y":[1,1,1]},"o":{"x":[0.333,0.333,0.333],"y":[0,0,0]},"t":94,"s":[105,105,100]},{"i":{"x":[0.667,0.667,0.667],"y":[1,1,1]},"o":{"x":[0.333,0.333,0.333],"y":[0,0,0]},"t":104,"s":[95,95,100]},{"i":{"x":[0.667,0.667,0.667],"y":[1,1,1]},"o":{"x":[0.333,0.333,0.333],"y":[0,0,0]},"t":114,"s":[105,105,100]},{"i":{"x":[0.667,0.667,0.667],"y":[1,1,1]},"o":{"x":[0.333,0.333,0.333],"y":[0,0,0]},"t":124,"s":[95,95,100]},{"i":{"x":[0.667,0.667,0.667],"y":[1,1,1]},"o":{"x":[0.333,0.333,0.333],"y":[0,0,0]},"t":134,"s":[105,105,100]},{"i":{"x":[0.667,0.667,0.667],"y":[1,1,1]},"o":{"x":[0.333,0.333,0.333],"y":[0,0,0]},"t":144,"s":[95,95,100]},{"i":{"x":[0.667,0.667,0.667],"y":[1,1,1]},"o":{"x":[0.333,0.333,0.333],"y":[0,0,0]},"t":154,"s":[105,105,100]},{"i":{"x":[0.667,0.667,0.667],"y":[1,1,1]},"o":{"x":[0.333,0.333,0.333],"y":[0,0,0]},"t":164,"s":[95,95,100]},{"i":{"x":[0.667,0.667,0.667],"y":[1,1,1]},"o":{"x":[0.333,0.333,0.333],"y":[0,0,0]},"t":174,"s":[105,105,100]},{"i":{"x":[0.667,0.667,0.667],"y":[1,1,1]},"o":{"x":[0.333,0.333,0.333],"y":[0,0,0]},"t":184,"s":[95,95,100]},{"i":{"x":[0.667,0.667,0.667],"y":[1,1,1]},"o":{"x":[0.333,0.333,0.333],"y":[0,0,0]},"t":194,"s":[105,105,100]},{"i":{"x":[0.667,0.667,0.667],"y":[1,1,1]},"o":{"x":[0.333,0.333,0.333],"y":[0,0,0]},"t":204,"s":[95,95,100]},{"t":214,"s":[105,105,100]}]}},"ao":0,"shapes":[{"ty":"gr","it":[{"ind":0,"ty":"sh","ks":{"a":0,"k":{"i":[[0,-2.649],[2.649,0],[0,2.649],[-2.649,0]],"o":[[0,2.649],[-2.649,0],[0,-2.649],[2.649,0]],"v":[[4.797,0],[0,4.797],[-4.797,0],[0,-4.797]],"c":true}},"nm":"Path 1","hd":false},{"ty":"fl","c":{"a":0,"k":[1,1,1,1]},"o":{"a":0,"k":100},"r":1,"bm":0,"nm":"Fill 1","hd":false},{"ty":"tr","p":{"a":0,"k":[0,0]},"a":{"a":0,"k":[0,0]},"s":{"a":0,"k":[100,100]},"r":{"a":0,"k":0},"o":{"a":0,"k":100},"sk":{"a":0,"k":0},"sa":{"a":0,"k":0},"nm":"Transform"}],"nm":"Group 1","bm":0,"hd":false}],"ip":0,"op":103,"st":0,"bm":0},{"ddd":0,"ind":8,"ty":4,"nm":"Shape Layer 35","parent":13,"sr":1,"ks":{"p":{"a":0,"k":[13.782,-27.372,0]},"a":{"a":0,"k":[79.75,-37.25,0]},"s":{"a":1,"k":[{"i":{"x":[0.667,0.667,0.667],"y":[1,1,1]},"o":{"x":[0.333,0.333,0.333],"y":[0,0,0]},"t":60,"s":[0,0,100]},{"i":{"x":[0.667,0.667,0.667],"y":[1,1,1]},"o":{"x":[0.333,0.333,0.333],"y":[0,0,0]},"t":70,"s":[77.791,82.338,100]},{"i":{"x":[0.667,0.667,0.667],"y":[1,1,1]},"o":{"x":[0.333,0.333,0.333],"y":[0,0,0]},"t":76,"s":[77.791,82.338,100]},{"t":86,"s":[0,0,100],"h":1}]}},"ao":0,"shapes":[{"ty":"gr","it":[{"ind":0,"ty":"sh","ks":{"a":1,"k":[{"i":{"x":0.667,"y":1},"o":{"x":0.333,"y":0},"t":60,"s":[{"i":[[0,38],[67,0],[0,-43],[-74,0]],"o":[[0,37],[64.5,0],[0,-33],[-78,0]],"v":[[83.5,-81],[8,-31.5],[79,14],[156,-32.5]],"c":true}]},{"i":{"x":0.667,"y":1},"o":{"x":0.333,"y":0},"t":65,"s":[{"i":[[0,38],[44.5,0],[0,-43],[-45,0]],"o":[[0,37],[40.5,0],[0,-33],[-49.5,0]],"v":[[83.5,-94.5],[31,-31.5],[79,20],[128.5,-32.5]],"c":true}]},{"i":{"x":0.667,"y":1},"o":{"x":0.333,"y":0},"t":70,"s":[{"i":[[1.5,44.5],[44.5,0],[-2,-52.5],[-45,0]],"o":[[-4.5,49.5],[40.5,0],[3,-53],[-49.5,0]],"v":[[83.5,-109],[43.5,-31.5],[79,50],[118,-32.5]],"c":true}]},{"i":{"x":0.667,"y":1},"o":{"x":0.333,"y":0},"t":75,"s":[{"i":[[0,38],[44.5,0],[0,-43],[-45,0]],"o":[[0,37],[40.5,0],[0,-33],[-49.5,0]],"v":[[83.5,-94.5],[31,-31.5],[79,20],[128.5,-32.5]],"c":true}]},{"i":{"x":0.667,"y":1},"o":{"x":0.333,"y":0},"t":80,"s":[{"i":[[0,38],[67,0],[0,-43],[-74,0]],"o":[[0,37],[64.5,0],[0,-33],[-78,0]],"v":[[83.5,-81],[8,-31.5],[79,14],[156,-32.5]],"c":true}]},{"i":{"x":0.667,"y":1},"o":{"x":0.333,"y":0},"t":85,"s":[{"i":[[0,38],[44.5,0],[0,-43],[-45,0]],"o":[[0,37],[40.5,0],[0,-33],[-49.5,0]],"v":[[83.5,-94.5],[31,-31.5],[79,20],[128.5,-32.5]],"c":true}]},{"t":90,"s":[{"i":[[1.5,44.5],[44.5,0],[-2,-52.5],[-45,0]],"o":[[-4.5,49.5],[40.5,0],[3,-53],[-49.5,0]],"v":[[83.5,-109],[43.5,-31.5],[79,50],[118,-32.5]],"c":true}]}]},"nm":"Path 1","hd":false},{"ty":"st","c":{"a":0,"k":[1,1,1,1]},"o":{"a":0,"k":100},"w":{"a":0,"k":3},"lc":2,"lj":2,"bm":0,"nm":"Stroke 1","hd":false},{"ty":"fl","c":{"a":0,"k":[1,1,1,1]},"o":{"a":0,"k":100},"r":1,"bm":0,"nm":"Fill 1","hd":false},{"ty":"tr","p":{"a":0,"k":[0,0]},"a":{"a":0,"k":[0,0]},"s":{"a":0,"k":[100,100]},"r":{"a":0,"k":0},"o":{"a":0,"k":100},"sk":{"a":0,"k":0},"sa":{"a":0,"k":0},"nm":"Transform"}],"nm":"Shape 1","bm":0,"hd":false}],"ip":3,"op":103,"st":3,"bm":0},{"ddd":0,"ind":9,"ty":4,"nm":"Layer 18","parent":13,"sr":1,"ks":{"p":{"a":0,"k":[-0.456,-19.473,0]},"s":{"a":1,"k":[{"i":{"x":[0.667,0.667,0.667],"y":[1,1,1]},"o":{"x":[0.333,0.333,0.333],"y":[0,0,0]},"t":60,"s":[105,105,100]},{"i":{"x":[0.667,0.667,0.667],"y":[1,1,1]},"o":{"x":[0.333,0.333,0.333],"y":[0,0,0]},"t":70,"s":[95,95,100]},{"i":{"x":[0.667,0.667,0.667],"y":[1,1,1]},"o":{"x":[0.333,0.333,0.333],"y":[0,0,0]},"t":80,"s":[105,105,100]},{"i":{"x":[0.667,0.667,0.667],"y":[1,1,1]},"o":{"x":[0.333,0.333,0.333],"y":[0,0,0]},"t":90,"s":[95,95,100]},{"i":{"x":[0.667,0.667,0.667],"y":[1,1,1]},"o":{"x":[0.333,0.333,0.333],"y":[0,0,0]},"t":100,"s":[105,105,100]},{"i":{"x":[0.667,0.667,0.667],"y":[1,1,1]},"o":{"x":[0.333,0.333,0.333],"y":[0,0,0]},"t":110,"s":[95,95,100]},{"i":{"x":[0.667,0.667,0.667],"y":[1,1,1]},"o":{"x":[0.333,0.333,0.333],"y":[0,0,0]},"t":120,"s":[105,105,100]},{"i":{"x":[0.667,0.667,0.667],"y":[1,1,1]},"o":{"x":[0.333,0.333,0.333],"y":[0,0,0]},"t":130,"s":[95,95,100]},{"i":{"x":[0.667,0.667,0.667],"y":[1,1,1]},"o":{"x":[0.333,0.333,0.333],"y":[0,0,0]},"t":140,"s":[105,105,100]},{"i":{"x":[0.667,0.667,0.667],"y":[1,1,1]},"o":{"x":[0.333,0.333,0.333],"y":[0,0,0]},"t":150,"s":[95,95,100]},{"i":{"x":[0.667,0.667,0.667],"y":[1,1,1]},"o":{"x":[0.333,0.333,0.333],"y":[0,0,0]},"t":160,"s":[105,105,100]},{"i":{"x":[0.667,0.667,0.667],"y":[1,1,1]},"o":{"x":[0.333,0.333,0.333],"y":[0,0,0]},"t":170,"s":[95,95,100]},{"i":{"x":[0.667,0.667,0.667],"y":[1,1,1]},"o":{"x":[0.333,0.333,0.333],"y":[0,0,0]},"t":180,"s":[105,105,100]},{"i":{"x":[0.667,0.667,0.667],"y":[1,1,1]},"o":{"x":[0.333,0.333,0.333],"y":[0,0,0]},"t":190,"s":[95,95,100]},{"i":{"x":[0.667,0.667,0.667],"y":[1,1,1]},"o":{"x":[0.333,0.333,0.333],"y":[0,0,0]},"t":200,"s":[105,105,100]},{"i":{"x":[0.667,0.667,0.667],"y":[1,1,1]},"o":{"x":[0.333,0.333,0.333],"y":[0,0,0]},"t":210,"s":[95,95,100]},{"t":220,"s":[105,105,100]}]}},"ao":0,"shapes":[{"ty":"gr","it":[{"ind":0,"ty":"sh","ks":{"a":0,"k":{"i":[[0,-8.757],[11.114,0],[0,8.757],[-11.114,0]],"o":[[0,8.757],[-11.114,0],[0,-8.757],[11.114,0]],"v":[[20.123,0],[0,15.856],[-20.123,0],[0,-15.856]],"c":true}},"nm":"Path 1","hd":false},{"ty":"gf","o":{"a":0,"k":100},"r":1,"bm":0,"g":{"p":3,"k":{"a":0,"k":[0,1,1,1,0.5,1,1,1,1,1,1,1,0.289,1,0.572,0.5,0.855,0]}},"s":{"a":0,"k":[-1.647,-11.811]},"e":{"a":0,"k":[9.819,30.448]},"t":2,"h":{"a":0,"k":0},"a":{"a":0,"k":0},"nm":"mrbb1","hd":false},{"ty":"tr","p":{"a":0,"k":[0,0]},"a":{"a":0,"k":[0,0]},"s":{"a":0,"k":[100,100]},"r":{"a":0,"k":0},"o":{"a":0,"k":100},"sk":{"a":0,"k":0},"sa":{"a":0,"k":0},"nm":"Transform"}],"nm":"Group 1","bm":0,"hd":false}],"ip":0,"op":100,"st":0,"bm":0},{"ddd":0,"ind":10,"ty":4,"nm":"Shape Layer 37","sr":1,"ks":{"p":{"a":0,"k":[256,256,0]}},"ao":0,"shapes":[{"ty":"gr","it":[{"ind":0,"ty":"sh","ks":{"a":0,"k":{"i":[[24.753,55.647],[-32.589,41.09]],"o":[[-60.391,-135.765],[0.783,-0.988]],"v":[[165.5,38.5],[164.05,-240.21]],"c":false}},"nm":"Path 1","hd":false},{"ty":"st","c":{"a":0,"k":[0.756862804936,0.937254961799,1,1]},"o":{"a":0,"k":100},"w":{"a":1,"k":[{"i":{"x":[0.833],"y":[0.833]},"o":{"x":[0.167],"y":[0.167]},"t":94,"s":[27.5]},{"t":105.142578125,"s":[14]}]},"lc":2,"lj":2,"bm":0,"nm":"Stroke 1","hd":false},{"ty":"tr","p":{"a":0,"k":[0,0]},"a":{"a":0,"k":[0,0]},"s":{"a":0,"k":[100,100]},"r":{"a":0,"k":0},"o":{"a":0,"k":100},"sk":{"a":0,"k":0},"sa":{"a":0,"k":0},"nm":"Transform"}],"nm":"Shape 1","bm":0,"hd":false},{"ty":"tm","s":{"a":1,"k":[{"i":{"x":[0.833],"y":[0.833]},"o":{"x":[0.167],"y":[0.167]},"t":94,"s":[0]},{"i":{"x":[0.833],"y":[0.833]},"o":{"x":[0.167],"y":[0.167]},"t":97.715,"s":[27]},{"i":{"x":[0.833],"y":[0.833]},"o":{"x":[0.167],"y":[0.167]},"t":102.357,"s":[77]},{"t":105.142578125,"s":[100]}]},"e":{"a":1,"k":[{"i":{"x":[0.833],"y":[0.833]},"o":{"x":[0.167],"y":[0.167]},"t":94,"s":[0]},{"i":{"x":[0.833],"y":[0.833]},"o":{"x":[0.167],"y":[0.167]},"t":98.643,"s":[51]},{"t":103.28515625,"s":[100]}]},"o":{"a":0,"k":0},"m":1,"nm":"Trim Paths 1","hd":false}],"ip":96,"op":300,"st":0,"bm":0},{"ddd":0,"ind":11,"ty":4,"nm":"Shape Layer 45","sr":1,"ks":{"p":{"a":0,"k":[256,256,0]}},"ao":0,"shapes":[{"ty":"gr","it":[{"ind":0,"ty":"sh","ks":{"a":0,"k":{"i":[[24.753,55.647],[-32.589,41.09]],"o":[[-60.391,-135.765],[0.783,-0.988]],"v":[[165.5,38.5],[169.05,-238.71]],"c":false}},"nm":"Path 1","hd":false},{"ty":"st","c":{"a":0,"k":[0.274509803922,0.705882352941,1,1]},"o":{"a":0,"k":100},"w":{"a":1,"k":[{"i":{"x":[0.833],"y":[0.833]},"o":{"x":[0.167],"y":[0.167]},"t":94,"s":[58]},{"t":105,"s":[20]}]},"lc":2,"lj":2,"bm":0,"nm":"Stroke 1","hd":false},{"ty":"tr","p":{"a":0,"k":[0,0]},"a":{"a":0,"k":[0,0]},"s":{"a":0,"k":[100,100]},"r":{"a":0,"k":0},"o":{"a":0,"k":100},"sk":{"a":0,"k":0},"sa":{"a":0,"k":0},"nm":"Transform"}],"nm":"Shape 1","bm":0,"hd":false},{"ty":"tm","s":{"a":1,"k":[{"i":{"x":[0.833],"y":[0.833]},"o":{"x":[0.167],"y":[0.167]},"t":94,"s":[0]},{"i":{"x":[0.833],"y":[0.833]},"o":{"x":[0.167],"y":[0.167]},"t":98.643,"s":[27]},{"i":{"x":[0.833],"y":[0.833]},"o":{"x":[0.167],"y":[0.167]},"t":103.285,"s":[77]},{"t":107,"s":[100]}]},"e":{"a":1,"k":[{"i":{"x":[0.833],"y":[0.833]},"o":{"x":[0.167],"y":[0.167]},"t":94,"s":[0]},{"i":{"x":[0.833],"y":[0.833]},"o":{"x":[0.167],"y":[0.167]},"t":98.643,"s":[51]},{"t":103.28515625,"s":[100]}]},"o":{"a":0,"k":0},"m":1,"nm":"Trim Paths 1","hd":false}],"ip":96,"op":300,"st":0,"bm":0},{"ddd":0,"ind":12,"ty":4,"nm":"Shape Layer 43","sr":1,"ks":{"p":{"a":0,"k":[256,256,0]}},"ao":0,"shapes":[{"ty":"gr","it":[{"ind":0,"ty":"sh","ks":{"a":0,"k":{"i":[[24.753,55.647],[-32.589,41.09]],"o":[[-60.391,-135.765],[0.783,-0.988]],"v":[[170.5,38.5],[171.55,-233.71]],"c":false}},"nm":"Path 1","hd":false},{"ty":"st","c":{"a":0,"k":[0.462745127958,0.866666726505,1,1]},"o":{"a":0,"k":100},"w":{"a":1,"k":[{"i":{"x":[0.833],"y":[0.833]},"o":{"x":[0.167],"y":[0.167]},"t":94,"s":[78]},{"t":105.142578125,"s":[30]}]},"lc":2,"lj":2,"bm":0,"nm":"Stroke 1","hd":false},{"ty":"tr","p":{"a":0,"k":[0,0]},"a":{"a":0,"k":[0,0]},"s":{"a":0,"k":[100,100]},"r":{"a":0,"k":0},"o":{"a":0,"k":100},"sk":{"a":0,"k":0},"sa":{"a":0,"k":0},"nm":"Transform"}],"nm":"Shape 1","bm":0,"hd":false},{"ty":"tm","s":{"a":1,"k":[{"i":{"x":[0.833],"y":[0.833]},"o":{"x":[0.167],"y":[0.167]},"t":94,"s":[0]},{"i":{"x":[0.833],"y":[0.833]},"o":{"x":[0.167],"y":[0.167]},"t":98.643,"s":[27]},{"i":{"x":[0.833],"y":[0.833]},"o":{"x":[0.167],"y":[0.167]},"t":103.285,"s":[77]},{"t":107,"s":[100]}]},"e":{"a":1,"k":[{"i":{"x":[0.833],"y":[0.833]},"o":{"x":[0.167],"y":[0.167]},"t":94,"s":[0]},{"i":{"x":[0.833],"y":[0.833]},"o":{"x":[0.167],"y":[0.167]},"t":98.643,"s":[51]},{"t":103.28515625,"s":[100]}]},"o":{"a":0,"k":0},"m":1,"nm":"Trim Paths 1","hd":false}],"ip":96,"op":300,"st":0,"bm":0},{"ddd":0,"ind":13,"ty":4,"nm":"marble","parent":18,"sr":1,"ks":{"r":{"a":1,"k":[{"i":{"x":[0.667],"y":[1]},"o":{"x":[0.8],"y":[0]},"t":74,"s":[0]},{"i":{"x":[0.2],"y":[1]},"o":{"x":[0.333],"y":[0]},"t":94,"s":[-26.758]},{"i":{"x":[0.667],"y":[1]},"o":{"x":[0.8],"y":[0]},"t":109,"s":[19.718]},{"i":{"x":[0.667],"y":[1]},"o":{"x":[0.333],"y":[0]},"t":129,"s":[-3.318]},{"t":164,"s":[0]}]},"p":{"a":1,"k":[{"i":{"x":0.667,"y":1},"o":{"x":0.8,"y":0},"t":74,"s":[141.792,-87.385,0],"to":[0,0,0],"ti":[0,0,0]},{"i":{"x":0.667,"y":0.667},"o":{"x":0.333,"y":0.333},"t":90,"s":[222.87,-60.477,0],"to":[0,0,0],"ti":[0,0,0]},{"i":{"x":0.475,"y":1},"o":{"x":0.333,"y":0},"t":97,"s":[222.87,-60.477,0],"to":[0,0,0],"ti":[-214.013,-99.566,0]},{"t":112,"s":[536.26,-162.728,0]}]},"s":{"a":1,"k":[{"i":{"x":[0.667,0.667,0.667],"y":[1,1,1]},"o":{"x":[0.333,0.333,0.333],"y":[0,0,0]},"t":96,"s":[100,100,100]},{"t":102,"s":[57,57,100]}]}},"ao":0,"shapes":[{"ty":"gr","it":[{"ind":0,"ty":"sh","ks":{"a":0,"k":{"i":[[0.767,-22.791],[22.791,0.767],[-0.767,22.791],[-22.791,-0.767]],"o":[[-0.767,22.791],[-22.791,-0.767],[0.767,-22.791],[22.791,0.767]],"v":[[41.266,1.389],[-1.389,41.266],[-41.266,-1.389],[1.389,-41.266]],"c":true}},"nm":"Path 1","hd":false},{"ty":"gf","o":{"a":0,"k":100},"r":1,"bm":0,"g":{"p":5,"k":{"a":0,"k":[0,0.192,0.84,1,0.287,0.192,0.736,1,0.574,0.192,0.633,1,0.787,0.335,0.757,1,1,0.478,0.882,1]}},"s":{"a":0,"k":[-6.176,-14.955]},"e":{"a":0,"k":[18.654,24.507]},"t":2,"h":{"a":0,"k":0},"a":{"a":0,"k":0},"nm":"agasdgasdgasdga","hd":false},{"ty":"tr","p":{"a":0,"k":[0,0]},"a":{"a":0,"k":[0,0]},"s":{"a":0,"k":[100,100]},"r":{"a":0,"k":0},"o":{"a":0,"k":100},"sk":{"a":0,"k":0},"sa":{"a":0,"k":0},"nm":"Transform"}],"nm":"Group 1","bm":0,"hd":false}],"ip":0,"op":103,"st":0,"bm":0},{"ddd":0,"ind":14,"ty":4,"nm":"Shape Layer 40","parent":15,"sr":1,"ks":{"p":{"a":0,"k":[28.287,77.83,0]}},"ao":0,"shapes":[{"ty":"gr","it":[{"ind":0,"ty":"sh","ks":{"a":1,"k":[{"i":{"x":0.833,"y":0.833},"o":{"x":0.8,"y":0},"t":79,"s":[{"i":[[-9.513,22.397],[4.337,19.146]],"o":[[11.265,-26.52],[-2.314,-10.214]],"v":[[-56.256,-51.445],[-41.192,-149.619]],"c":false}]},{"i":{"x":0.833,"y":0.833},"o":{"x":0.167,"y":0.167},"t":85,"s":[{"i":[[-8.737,22.57],[-8.266,26.372]],"o":[[10.358,-27.093],[-1.433,-9.957]],"v":[[-58.126,-51.53],[-30.135,-144.289]],"c":false}]},{"i":{"x":0.833,"y":0.833},"o":{"x":0.167,"y":0.167},"t":89,"s":[{"i":[[-6.347,23.102],[-33.22,29.431]],"o":[[4.339,-20.604],[1.275,-9.164]],"v":[[-70.066,-50.703],[-28.708,-137.83]],"c":false}]},{"i":{"x":0.667,"y":1},"o":{"x":0.167,"y":0.167},"t":91,"s":[{"i":[[-4.56,23.501],[-24.289,17.978]],"o":[[4.675,-37.804],[3.3,-8.571]],"v":[[-75.765,-56.73],[-34.321,-140.454]],"c":false}]},{"i":{"x":0.667,"y":1},"o":{"x":0.333,"y":0},"t":93,"s":[{"i":[[-0.893,24.317],[-23.373,23.059]],"o":[[1.207,-32.881],[7.456,-7.355]],"v":[[-77.003,-52.391],[-44.156,-136.023]],"c":false}]},{"i":{"x":0.833,"y":0.833},"o":{"x":0.333,"y":0},"t":96,"s":[{"i":[[-0.893,24.317],[-23.373,23.059]],"o":[[1.207,-32.881],[7.456,-7.355]],"v":[[-77.003,-52.391],[-44.156,-136.023]],"c":false}]},{"i":{"x":0.833,"y":0.833},"o":{"x":0.167,"y":0.167},"t":101,"s":[{"i":[[-4.56,23.501],[-16.048,21.37]],"o":[[5.485,-30.175],[3.3,-8.571]],"v":[[-67.231,-51.32],[-36.439,-131.153]],"c":false}]},{"i":{"x":0.2,"y":1},"o":{"x":0.167,"y":0.167},"t":104,"s":[{"i":[[-7.234,22.905],[-2.335,19.652]],"o":[[8.605,-28.202],[0.27,-9.458]],"v":[[-60.106,-50.54],[-42.155,-135.207]],"c":false}]},{"i":{"x":0.427,"y":1},"o":{"x":0.8,"y":0},"t":113,"s":[{"i":[[-9.513,22.397],[4.337,19.146]],"o":[[11.265,-26.52],[-2.314,-10.214]],"v":[[-54.031,-49.874],[-47.974,-139.068]],"c":false}]},{"i":{"x":0.667,"y":1},"o":{"x":0.333,"y":0},"t":134,"s":[{"i":[[-9.513,22.397],[1.226,22.513]],"o":[[11.265,-26.52],[-0.569,-10.458]],"v":[[-56.27,-52.187],[-39.76,-140.148]],"c":false}]},{"t":169,"s":[{"i":[[-9.513,22.397],[4.337,19.146]],"o":[[11.265,-26.52],[-2.314,-10.214]],"v":[[-56.256,-51.445],[-41.192,-149.619]],"c":false}]}]},"nm":"Path 1","hd":false},{"ty":"st","c":{"a":0,"k":[1,0.846849030139,0.788373161765,1]},"o":{"a":0,"k":100},"w":{"a":0,"k":16},"lc":2,"lj":2,"bm":0,"nm":"Stroke 1","hd":false},{"ty":"tr","p":{"a":0,"k":[0,0]},"a":{"a":0,"k":[0,0]},"s":{"a":0,"k":[100,100]},"r":{"a":0,"k":0},"o":{"a":0,"k":100},"sk":{"a":0,"k":0},"sa":{"a":0,"k":0},"nm":"Transform"}],"nm":"Shape 1","bm":0,"hd":false}],"ip":0,"op":300,"st":0,"bm":0},{"ddd":0,"ind":15,"ty":4,"nm":"thumb","parent":5,"sr":1,"ks":{"r":{"a":1,"k":[{"i":{"x":[0.667],"y":[1]},"o":{"x":[0.778],"y":[0]},"t":77,"s":[0]},{"i":{"x":[0.598],"y":[1]},"o":{"x":[0.333],"y":[0]},"t":91,"s":[56.08]},{"i":{"x":[0.2],"y":[1]},"o":{"x":[0.333],"y":[0]},"t":94,"s":[56.08]},{"i":{"x":[0.667],"y":[1]},"o":{"x":[0.8],"y":[0]},"t":111,"s":[-16.219]},{"i":{"x":[0.667],"y":[1]},"o":{"x":[0.333],"y":[0]},"t":132,"s":[14.5]},{"t":167,"s":[0]}]},"p":{"a":0,"k":[-84.478,-81.281,0]},"a":{"a":0,"k":[-6,76,0]}},"ao":0,"shapes":[{"ty":"gr","it":[{"ind":0,"ty":"sh","ks":{"a":1,"k":[{"i":{"x":0.667,"y":1},"o":{"x":0.8,"y":0},"t":79,"s":[{"i":[[-31.355,56.118],[-5.989,28.048],[3.161,11.839],[-13.55,-62.15],[25.69,-59.324]],"o":[[14.084,-25.206],[5.184,-24.282],[-11.834,-44.321],[9.299,42.655],[-25.158,58.095]],"v":[[-55.209,67.793],[-24.286,-17.299],[-20.723,-74.863],[50.25,-83.676],[45.169,84.953]],"c":true}]},{"i":{"x":0.667,"y":1},"o":{"x":0.333,"y":0},"t":93,"s":[{"i":[[31.018,56.305],[-22.687,34.083],[-17.209,15.289],[58.233,-25.595],[-21.818,-38.252]],"o":[[-29.314,-53.214],[28.959,-43.504],[34.295,-30.468],[-39.967,17.566],[31.367,54.992]],"v":[[-40.408,112.129],[-35.43,-46.629],[54.678,-96.329],[78.927,-24.787],[16.388,25.9]],"c":true}]},{"i":{"x":0.833,"y":0.833},"o":{"x":0.333,"y":0},"t":96,"s":[{"i":[[31.018,56.305],[-22.687,34.083],[-17.209,15.289],[58.233,-25.595],[-21.818,-38.252]],"o":[[-29.314,-53.214],[28.959,-43.504],[34.295,-30.468],[-39.967,17.566],[31.367,54.992]],"v":[[-40.408,112.129],[-35.43,-46.629],[54.678,-96.329],[78.927,-24.787],[16.388,25.9]],"c":true}]},{"i":{"x":0.833,"y":0.833},"o":{"x":0.167,"y":0.167},"t":101,"s":[{"i":[[4.487,56.226],[-13.419,31.779],[-7.669,13.502],[23.085,-39.695],[-1.61,-47.215]],"o":[[-10.855,-41.3],[16.972,-35.555],[11.397,-35.163],[-15.844,27.244],[7.323,56.312]],"v":[[-46.704,93.271],[-30.887,-31.31],[4.79,-87.669],[60.998,-52.187],[28.63,51.019]],"c":true}]},{"i":{"x":0.2,"y":1},"o":{"x":0.167,"y":0.167},"t":104,"s":[{"i":[[-14.861,56.168],[-6.66,30.099],[-0.712,12.198],[-2.548,-49.978],[13.127,-53.752]],"o":[[2.607,-32.613],[4.874,-34.868],[-5.302,-38.587],[1.749,34.301],[-10.21,57.274]],"v":[[-51.295,79.518],[-27.573,-20.139],[-18.151,-79.035],[47.923,-72.169],[37.558,69.337]],"c":true}]},{"i":{"x":0.427,"y":1},"o":{"x":0.8,"y":0},"t":113,"s":[{"i":[[-31.355,56.118],[-0.898,28.666],[5.219,11.087],[-24.4,-58.744],[25.69,-59.324]],"o":[[14.084,-25.206],[0.778,-24.817],[-19.537,-41.506],[16.746,40.317],[-25.158,58.095]],"v":[[-55.209,67.793],[-24.749,-10.615],[-31.492,-67.893],[36.777,-89.203],[45.169,84.953]],"c":true}]},{"i":{"x":0.667,"y":1},"o":{"x":0.333,"y":0},"t":134,"s":[{"i":[[-31.355,56.118],[-5.989,28.048],[3.161,11.839],[-13.55,-62.15],[25.69,-59.324]],"o":[[14.084,-25.206],[5.184,-24.282],[-11.834,-44.321],[9.299,42.655],[-25.158,58.095]],"v":[[-55.209,67.793],[-24.286,-17.299],[-20.723,-74.863],[50.25,-83.676],[45.169,84.953]],"c":true}]},{"t":169,"s":[{"i":[[-31.355,56.118],[-5.989,28.048],[3.161,11.839],[-13.55,-62.15],[25.69,-59.324]],"o":[[14.084,-25.206],[5.184,-24.282],[-11.834,-44.321],[9.299,42.655],[-25.158,58.095]],"v":[[-55.209,67.793],[-24.286,-17.299],[-20.723,-74.863],[50.25,-83.676],[45.169,84.953]],"c":true}]}]},"nm":"Path 1","hd":false},{"ty":"gf","o":{"a":0,"k":100},"r":1,"bm":0,"g":{"p":3,"k":{"a":0,"k":[0.465,1,0.784,0.702,0.577,0.969,0.714,0.629,0.689,0.937,0.643,0.557]}},"s":{"a":1,"k":[{"i":{"x":0.667,"y":1},"o":{"x":0.778,"y":0},"t":77,"s":[-64.894,-30.769],"to":[0,0],"ti":[0,0]},{"i":{"x":0.598,"y":1},"o":{"x":0.333,"y":0},"t":91,"s":[-79.049,17.898],"to":[0,0],"ti":[0,0]},{"i":{"x":0.2,"y":1},"o":{"x":0.333,"y":0},"t":94,"s":[-79.049,17.898],"to":[0,0],"ti":[0,0]},{"t":111,"s":[-64.894,-30.769]}]},"e":{"a":1,"k":[{"i":{"x":0.667,"y":1},"o":{"x":0.778,"y":0},"t":77,"s":[63.354,133.873],"to":[0,0],"ti":[0,0]},{"i":{"x":0.598,"y":1},"o":{"x":0.333,"y":0},"t":91,"s":[107.794,-29.778],"to":[0,0],"ti":[0,0]},{"i":{"x":0.2,"y":1},"o":{"x":0.333,"y":0},"t":94,"s":[107.794,-29.778],"to":[0,0],"ti":[0,0]},{"t":111,"s":[63.354,133.873]}]},"t":2,"h":{"a":0,"k":0},"a":{"a":0,"k":0},"nm":"like2","hd":false},{"ty":"tr","p":{"a":0,"k":[0,0]},"a":{"a":0,"k":[0,0]},"s":{"a":0,"k":[100,100]},"r":{"a":0,"k":0},"o":{"a":0,"k":100},"sk":{"a":0,"k":0},"sa":{"a":0,"k":0},"nm":"Transform"}],"nm":"Group 1","bm":0,"hd":false}],"ip":0,"op":300,"st":0,"bm":0},{"ddd":0,"ind":16,"ty":4,"nm":"palm 2","parent":5,"sr":1,"ks":{"p":{"a":0,"k":[-76,-1,0]},"a":{"a":0,"k":[-76,-1,0]}},"ao":0,"shapes":[{"ty":"gr","it":[{"ind":0,"ty":"sh","ks":{"a":1,"k":[{"i":{"x":0.667,"y":1},"o":{"x":0.8,"y":0},"t":70,"s":[{"i":[[-8.568,-18.834],[-37.233,19.405]],"o":[[10.671,23.457],[-46.233,-8.595]],"v":[[-51.124,-91.617],[134.541,-99.856]],"c":true}]},{"i":{"x":0.2,"y":1},"o":{"x":0.333,"y":0},"t":90,"s":[{"i":[[-8.568,-18.834],[9.88,7.049]],"o":[[10.671,23.457],[-42.585,-30.384]],"v":[[-28.224,-73.285],[143.541,-102.856]],"c":true}]},{"i":{"x":0.667,"y":1},"o":{"x":0.8,"y":0},"t":105,"s":[{"i":[[-6.361,-23.052],[7.649,9.424]],"o":[[6.855,24.842],[-47.021,-12.833]],"v":[[-23.573,-89.18],[140.678,-68.447]],"c":true}]},{"t":160,"s":[{"i":[[-8.568,-18.834],[-37.233,19.405]],"o":[[10.671,23.457],[-46.233,-8.595]],"v":[[-51.124,-91.617],[134.541,-99.856]],"c":true}]}]},"nm":"Path 1","hd":false},{"ty":"gf","o":{"a":0,"k":100},"r":1,"bm":0,"g":{"p":3,"k":{"a":0,"k":[0.465,0.897,0.655,0.573,0.576,0.884,0.623,0.54,0.688,0.872,0.591,0.508]}},"s":{"a":0,"k":[108.567,-153.515]},"e":{"a":0,"k":[19.745,-107.504]},"t":2,"h":{"a":0,"k":0},"a":{"a":0,"k":0},"nm":"like","hd":false},{"ty":"tr","p":{"a":0,"k":[0,0]},"a":{"a":0,"k":[0,0]},"s":{"a":0,"k":[100,100]},"r":{"a":0,"k":0},"o":{"a":0,"k":100},"sk":{"a":0,"k":0},"sa":{"a":0,"k":0},"nm":"Transform"}],"nm":"Group 1","bm":0,"hd":false}],"ip":0,"op":300,"st":0,"bm":0},{"ddd":0,"ind":17,"ty":3,"nm":"NULL CONTROL","sr":1,"ks":{"o":{"a":0,"k":0},"p":{"a":0,"k":[230.192,352.451,0]},"a":{"a":0,"k":[60,60,0]},"s":{"a":1,"k":[{"i":{"x":[0.2,0.2,0.2],"y":[1,1,1]},"o":{"x":[0.333,0.333,0.333],"y":[0,0,0]},"t":90,"s":[100,100,100]},{"i":{"x":[0.667,0.667,0.667],"y":[1,1,1]},"o":{"x":[0.8,0.8,0.8],"y":[0,0,0]},"t":105,"s":[90,90,100]},{"i":{"x":[0.667,0.667,0.667],"y":[1,1,1]},"o":{"x":[0.333,0.333,0.333],"y":[0,0,0]},"t":125,"s":[105,105,100]},{"t":160,"s":[100,100,100]}]}},"ao":0,"ip":0,"op":300,"st":0,"bm":0},{"ddd":0,"ind":18,"ty":3,"nm":"NULL CONTROL","parent":17,"sr":1,"ks":{"o":{"a":0,"k":0},"r":{"a":1,"k":[{"i":{"x":[0.667],"y":[1]},"o":{"x":[0.8],"y":[0]},"t":74,"s":[0]},{"i":{"x":[0.2],"y":[1]},"o":{"x":[0.333],"y":[0]},"t":94,"s":[26.758]},{"i":{"x":[0.667],"y":[1]},"o":{"x":[0.8],"y":[0]},"t":109,"s":[-19.717]},{"i":{"x":[0.667],"y":[1]},"o":{"x":[0.333],"y":[0]},"t":129,"s":[3.318]},{"t":164,"s":[0]}]},"p":{"a":1,"k":[{"i":{"x":0.667,"y":1},"o":{"x":0.8,"y":0},"t":70,"s":[60,42,0],"to":[0,0,0],"ti":[0,0,0]},{"i":{"x":0.2,"y":1},"o":{"x":0.333,"y":0},"t":90,"s":[60,60,0],"to":[0,0,0],"ti":[0,0,0]},{"i":{"x":0.667,"y":1},"o":{"x":0.8,"y":0},"t":105,"s":[60,-12,0],"to":[0,0,0],"ti":[0,0,0]},{"i":{"x":0.667,"y":1},"o":{"x":0.333,"y":0},"t":125,"s":[60,53.7,0],"to":[0,0,0],"ti":[0,0,0]},{"t":160,"s":[60,42,0]}]},"a":{"a":0,"k":[60,60,0]}},"ao":0,"ip":0,"op":300,"st":0,"bm":0},{"ddd":0,"ind":19,"ty":4,"nm":"Shape Layer 42","parent":20,"sr":1,"ks":{"r":{"a":0,"k":-0.332},"p":{"a":0,"k":[30.018,-73.15,0]}},"ao":0,"shapes":[{"ty":"gr","it":[{"ind":0,"ty":"sh","ks":{"a":1,"k":[{"i":{"x":0.667,"y":1},"o":{"x":0.8,"y":0},"t":74,"s":[{"i":[[3.689,42.905],[-13.497,23.023]],"o":[[-3.233,-37.606],[18.967,-32.353]],"v":[[-91.145,101.306],[-77.05,-2.101]],"c":false}]},{"i":{"x":0.2,"y":1},"o":{"x":0.333,"y":0},"t":94,"s":[{"i":[[9.13,42.085],[-27.086,14.787]],"o":[[-8.769,-40.422],[32.918,-17.97]],"v":[[-99.547,96.557],[-71.548,-3.599]],"c":false}]},{"t":109,"s":[{"i":[[3.689,42.905],[-13.497,23.023]],"o":[[-3.233,-37.606],[18.967,-32.353]],"v":[[-91.145,101.306],[-77.05,-2.101]],"c":false}]}]},"nm":"Path 1","hd":false},{"ty":"st","c":{"a":0,"k":[0.14762431126,0.622641589595,0.634926470588,1]},"o":{"a":0,"k":100},"w":{"a":0,"k":20},"lc":2,"lj":2,"bm":0,"nm":"Stroke 1","hd":false},{"ty":"tr","p":{"a":0,"k":[0,0]},"a":{"a":0,"k":[0,0]},"s":{"a":0,"k":[100,100]},"r":{"a":0,"k":0},"o":{"a":0,"k":100},"sk":{"a":0,"k":0},"sa":{"a":0,"k":0},"nm":"Transform"}],"nm":"Shape 1","bm":0,"hd":false}],"ip":0,"op":300,"st":0,"bm":0},{"ddd":0,"ind":20,"ty":4,"nm":"sleeve","parent":5,"sr":1,"ks":{"r":{"a":1,"k":[{"i":{"x":[0.667],"y":[1]},"o":{"x":[0.8],"y":[0]},"t":74,"s":[0]},{"i":{"x":[0.2],"y":[1]},"o":{"x":[0.333],"y":[0]},"t":94,"s":[-11.199]},{"i":{"x":[0.667],"y":[1]},"o":{"x":[0.8],"y":[0]},"t":109,"s":[0]},{"i":{"x":[0.667],"y":[1]},"o":{"x":[0.333],"y":[0]},"t":129,"s":[9.183]},{"t":164,"s":[0]}]},"p":{"a":1,"k":[{"i":{"x":0.667,"y":1},"o":{"x":0.8,"y":0},"t":70,"s":[-167.596,11.705,0],"to":[0,0,0],"ti":[0,0,0]},{"i":{"x":0.2,"y":1},"o":{"x":0.333,"y":0},"t":90,"s":[-162.753,-10.895,0],"to":[0,0,0],"ti":[0,0,0]},{"i":{"x":0.667,"y":0.667},"o":{"x":0.8,"y":0.8},"t":105,"s":[-167.596,11.705,0],"to":[0,0,0],"ti":[0,0,0]},{"i":{"x":0.667,"y":0.667},"o":{"x":0.333,"y":0.333},"t":125,"s":[-167.596,11.705,0],"to":[0,0,0],"ti":[0,0,0]},{"t":160,"s":[-167.596,11.705,0]}]}},"ao":0,"shapes":[{"ty":"gr","it":[{"ind":0,"ty":"sh","ks":{"a":1,"k":[{"i":{"x":0.667,"y":1},"o":{"x":0.8,"y":0},"t":74,"s":[{"i":[[5.369,22.844],[18.531,-28.13],[-21.878,-33.662],[-11.751,32.194]],"o":[[-11.046,-46.996],[-19.772,30.015],[19.091,29.374],[11.554,-31.655]],"v":[[65.441,-70.317],[-56.358,-79.687],[-56.358,79.245],[65.441,80.819]],"c":true}]},{"i":{"x":0.2,"y":1},"o":{"x":0.333,"y":0},"t":94,"s":[{"i":[[6.929,23.621],[32.172,-28.13],[-37.984,-33.662],[-23.076,30.113]],"o":[[-14.254,-48.594],[-34.328,30.015],[33.145,29.374],[22.69,-29.608]],"v":[[72.072,-69.984],[-55.332,-79.687],[-55.332,79.245],[57.522,80.45]],"c":true}]},{"t":109,"s":[{"i":[[5.369,22.844],[18.531,-28.13],[-21.878,-33.662],[-11.751,32.194]],"o":[[-11.046,-46.996],[-19.772,30.015],[19.091,29.374],[11.554,-31.655]],"v":[[65.441,-70.317],[-56.358,-79.687],[-56.358,79.245],[65.441,80.819]],"c":true}]}]},"nm":"Path 1","hd":false},{"ty":"gf","o":{"a":0,"k":100},"r":1,"bm":0,"g":{"p":3,"k":{"a":0,"k":[0,0.063,0.439,0.439,0.5,0.076,0.492,0.498,1,0.09,0.545,0.557]}},"s":{"a":0,"k":[12.349,119.496]},"e":{"a":0,"k":[-12.305,-4.644]},"t":1,"nm":"cstm","hd":false},{"ty":"tr","p":{"a":0,"k":[0,0]},"a":{"a":0,"k":[0,0]},"s":{"a":0,"k":[100,100]},"r":{"a":0,"k":0},"o":{"a":0,"k":100},"sk":{"a":0,"k":0},"sa":{"a":0,"k":0},"nm":"Transform"}],"nm":"Group 1","bm":0,"hd":false}],"ip":0,"op":300,"st":0,"bm":0},{"ddd":0,"ind":21,"ty":4,"nm":"palm 3","parent":5,"sr":1,"ks":{"p":{"a":0,"k":[-76,-1,0]},"a":{"a":0,"k":[-76,-1,0]}},"ao":0,"shapes":[{"ty":"gr","it":[{"ind":0,"ty":"sh","ks":{"a":1,"k":[{"i":{"x":0.667,"y":1},"o":{"x":0.8,"y":0},"t":70,"s":[{"i":[[-36.105,1.86],[-34.441,0.091],[-13.733,-19.595],[21.094,-7.262],[10.089,-1.957],[31.255,-6.987],[23.4,27.028],[-6.487,51.774]],"o":[[25.736,-1.326],[63.604,-0.169],[10.681,15.241],[10.734,28.733],[-0.684,33.71],[-37.198,8.316],[-15.288,-17.659],[8.75,-69.83]],"v":[[-89.124,-108.617],[5.4,-110.839],[144.041,-95.356],[124.432,-21.217],[95.42,48.412],[50.202,102.704],[-127.064,92.467],[-148.867,-32.205]],"c":true}]},{"i":{"x":0.2,"y":1},"o":{"x":0.333,"y":0},"t":90,"s":[{"i":[[-36.105,1.86],[-30.102,0.231],[-11.314,-6.28],[21.094,-7.262],[10.089,-1.957],[29.923,-11.417],[23.4,27.028],[-6.487,51.774]],"o":[[22.592,-1.164],[67.515,-0.517],[16.272,9.033],[10.734,28.733],[-0.683,33.71],[-49.018,18.702],[-15.288,-17.659],[8.75,-69.83]],"v":[[-89.124,-108.617],[-10.282,-95.782],[143.541,-102.856],[124.432,-21.217],[95.42,48.412],[50.202,102.704],[-127.064,92.467],[-148.867,-32.205]],"c":true}]},{"i":{"x":0.667,"y":1},"o":{"x":0.8,"y":0},"t":105,"s":[{"i":[[-36.105,1.86],[-34.148,-4.486],[-10.301,-17.905],[21.872,-4.395],[10.26,-0.599],[31.906,-2.772],[23.4,27.028],[-6.487,51.774]],"o":[[25.736,-1.326],[63.062,8.284],[9.281,16.132],[6.821,29.905],[-5.157,33.321],[-37.973,3.299],[-15.288,-17.659],[8.75,-69.83]],"v":[[-89.124,-108.617],[18.714,-98.248],[150.462,-64.54],[124.782,6.396],[86.775,71.553],[34.743,119.355],[-127.064,92.467],[-148.867,-32.205]],"c":true}]},{"t":160,"s":[{"i":[[-36.105,1.86],[-34.441,0.091],[-13.733,-19.595],[21.094,-7.262],[10.089,-1.957],[31.255,-6.987],[23.4,27.028],[-6.487,51.774]],"o":[[25.736,-1.326],[63.604,-0.169],[10.681,15.241],[10.734,28.733],[-0.684,33.71],[-37.198,8.316],[-15.288,-17.659],[8.75,-69.83]],"v":[[-89.124,-108.617],[5.4,-110.839],[144.041,-95.356],[124.432,-21.217],[95.42,48.412],[50.202,102.704],[-127.064,92.467],[-148.867,-32.205]],"c":true}]}]},"nm":"Path 1","hd":false},{"ty":"st","c":{"a":0,"k":[1,1,1,1]},"o":{"a":0,"k":100},"w":{"a":0,"k":20},"lc":2,"lj":2,"bm":0,"nm":"Stroke 1","hd":false},{"ty":"fl","c":{"a":0,"k":[1,1,1,1]},"o":{"a":0,"k":100},"r":1,"bm":0,"nm":"Fill 1","hd":false},{"ty":"tr","p":{"a":0,"k":[0,0]},"a":{"a":0,"k":[0,0]},"s":{"a":0,"k":[100,100]},"r":{"a":0,"k":0},"o":{"a":0,"k":100},"sk":{"a":0,"k":0},"sa":{"a":0,"k":0},"nm":"Transform"}],"nm":"Group 1","bm":0,"hd":false}],"ip":0,"op":300,"st":0,"bm":0},{"ddd":0,"ind":22,"ty":4,"nm":"thumb 2","parent":15,"sr":1,"ks":{"p":{"a":0,"k":[-6,76,0]},"a":{"a":0,"k":[-6,76,0]}},"ao":0,"shapes":[{"ty":"gr","it":[{"ind":0,"ty":"sh","ks":{"a":1,"k":[{"i":{"x":0.667,"y":1},"o":{"x":0.8,"y":0},"t":79,"s":[{"i":[[-31.355,56.118],[-5.989,28.048],[3.161,11.839],[-13.55,-62.15],[25.69,-59.324]],"o":[[14.084,-25.206],[5.184,-24.282],[-11.834,-44.321],[9.299,42.655],[-25.158,58.095]],"v":[[-55.209,67.793],[-24.286,-17.299],[-20.723,-74.863],[50.25,-83.676],[45.169,84.953]],"c":true}]},{"i":{"x":0.667,"y":1},"o":{"x":0.333,"y":0},"t":93,"s":[{"i":[[31.018,56.305],[-22.687,34.083],[-17.209,15.289],[58.233,-25.595],[-21.818,-38.252]],"o":[[-29.314,-53.214],[28.959,-43.504],[34.295,-30.468],[-39.967,17.566],[31.367,54.992]],"v":[[-40.408,112.129],[-35.43,-46.629],[54.678,-96.329],[78.927,-24.787],[16.388,25.9]],"c":true}]},{"i":{"x":0.833,"y":0.833},"o":{"x":0.333,"y":0},"t":96,"s":[{"i":[[31.018,56.305],[-22.687,34.083],[-17.209,15.289],[58.233,-25.595],[-21.818,-38.252]],"o":[[-29.314,-53.214],[28.959,-43.504],[34.295,-30.468],[-39.967,17.566],[31.367,54.992]],"v":[[-40.408,112.129],[-35.43,-46.629],[54.678,-96.329],[78.927,-24.787],[16.388,25.9]],"c":true}]},{"i":{"x":0.833,"y":0.833},"o":{"x":0.167,"y":0.167},"t":101,"s":[{"i":[[4.487,56.226],[-13.419,31.779],[-7.669,13.502],[23.085,-39.695],[-1.61,-47.215]],"o":[[-10.855,-41.3],[16.972,-35.555],[11.397,-35.163],[-15.844,27.244],[7.323,56.312]],"v":[[-46.704,93.271],[-30.887,-31.31],[4.79,-87.669],[60.998,-52.187],[28.63,51.019]],"c":true}]},{"i":{"x":0.2,"y":1},"o":{"x":0.167,"y":0.167},"t":104,"s":[{"i":[[-14.861,56.168],[-6.66,30.099],[-0.712,12.198],[-2.548,-49.978],[13.127,-53.752]],"o":[[2.607,-32.613],[4.874,-34.868],[-5.302,-38.587],[1.749,34.301],[-10.21,57.274]],"v":[[-51.295,79.518],[-27.573,-20.139],[-18.151,-79.035],[47.923,-72.169],[37.558,69.337]],"c":true}]},{"i":{"x":0.427,"y":1},"o":{"x":0.8,"y":0},"t":113,"s":[{"i":[[-31.355,56.118],[-0.898,28.666],[5.219,11.087],[-24.4,-58.744],[25.69,-59.324]],"o":[[14.084,-25.206],[0.778,-24.817],[-19.537,-41.506],[16.746,40.317],[-25.158,58.095]],"v":[[-55.209,67.793],[-24.749,-10.615],[-31.492,-67.893],[36.777,-89.203],[45.169,84.953]],"c":true}]},{"i":{"x":0.667,"y":1},"o":{"x":0.333,"y":0},"t":134,"s":[{"i":[[-31.355,56.118],[-5.989,28.048],[3.161,11.839],[-13.55,-62.15],[25.69,-59.324]],"o":[[14.084,-25.206],[5.184,-24.282],[-11.834,-44.321],[9.299,42.655],[-25.158,58.095]],"v":[[-55.209,67.793],[-24.286,-17.299],[-20.723,-74.863],[50.25,-83.676],[45.169,84.953]],"c":true}]},{"t":169,"s":[{"i":[[-31.355,56.118],[-5.989,28.048],[3.161,11.839],[-13.55,-62.15],[25.69,-59.324]],"o":[[14.084,-25.206],[5.184,-24.282],[-11.834,-44.321],[9.299,42.655],[-25.158,58.095]],"v":[[-55.209,67.793],[-24.286,-17.299],[-20.723,-74.863],[50.25,-83.676],[45.169,84.953]],"c":true}]}]},"nm":"Path 1","hd":false},{"ty":"fl","c":{"a":0,"k":[1,1,1,1]},"o":{"a":0,"k":100},"r":1,"bm":0,"nm":"Fill 1","hd":false},{"ty":"st","c":{"a":0,"k":[1,1,1,1]},"o":{"a":0,"k":100},"w":{"a":0,"k":20},"lc":2,"lj":2,"bm":0,"nm":"Stroke 1","hd":false},{"ty":"tr","p":{"a":0,"k":[0,0]},"a":{"a":0,"k":[0,0]},"s":{"a":0,"k":[100,100]},"r":{"a":0,"k":0},"o":{"a":0,"k":100},"sk":{"a":0,"k":0},"sa":{"a":0,"k":0},"nm":"Transform"}],"nm":"Group 1","bm":0,"hd":false}],"ip":0,"op":300,"st":0,"bm":0},{"ddd":0,"ind":23,"ty":4,"nm":"sleeve 2","parent":20,"sr":1,"ks":{},"ao":0,"shapes":[{"ty":"gr","it":[{"ind":0,"ty":"sh","ks":{"a":1,"k":[{"i":{"x":0.667,"y":1},"o":{"x":0.8,"y":0},"t":74,"s":[{"i":[[5.369,22.844],[18.531,-28.13],[-21.878,-33.662],[-11.751,32.194]],"o":[[-11.046,-46.996],[-19.772,30.015],[19.091,29.374],[11.554,-31.655]],"v":[[65.441,-70.317],[-56.358,-79.687],[-56.358,79.245],[65.441,80.819]],"c":true}]},{"i":{"x":0.2,"y":1},"o":{"x":0.333,"y":0},"t":94,"s":[{"i":[[6.929,23.621],[32.172,-28.13],[-37.984,-33.662],[-23.076,30.113]],"o":[[-14.254,-48.594],[-34.328,30.015],[33.145,29.374],[22.69,-29.608]],"v":[[72.072,-69.984],[-55.332,-79.687],[-55.332,79.245],[57.522,80.45]],"c":true}]},{"t":109,"s":[{"i":[[5.369,22.844],[18.531,-28.13],[-21.878,-33.662],[-11.751,32.194]],"o":[[-11.046,-46.996],[-19.772,30.015],[19.091,29.374],[11.554,-31.655]],"v":[[65.441,-70.317],[-56.358,-79.687],[-56.358,79.245],[65.441,80.819]],"c":true}]}]},"nm":"Path 1","hd":false},{"ty":"fl","c":{"a":0,"k":[1,1,1,1]},"o":{"a":0,"k":100},"r":1,"bm":0,"nm":"Fill 1","hd":false},{"ty":"st","c":{"a":0,"k":[1,1,1,1]},"o":{"a":0,"k":100},"w":{"a":0,"k":20},"lc":2,"lj":2,"bm":0,"nm":"Stroke 1","hd":false},{"ty":"tr","p":{"a":0,"k":[0,0]},"a":{"a":0,"k":[0,0]},"s":{"a":0,"k":[100,100]},"r":{"a":0,"k":0},"o":{"a":0,"k":100},"sk":{"a":0,"k":0},"sa":{"a":0,"k":0},"nm":"Transform"}],"nm":"Group 1","bm":0,"hd":false}],"ip":0,"op":300,"st":0,"bm":0},{"ddd":0,"ind":24,"ty":4,"nm":"palm 4","parent":16,"sr":1,"ks":{"p":{"a":0,"k":[-76,-1,0]},"a":{"a":0,"k":[-76,-1,0]}},"ao":0,"shapes":[{"ty":"gr","it":[{"ind":0,"ty":"sh","ks":{"a":1,"k":[{"i":{"x":0.667,"y":1},"o":{"x":0.8,"y":0},"t":70,"s":[{"i":[[-8.568,-18.834],[-37.233,19.405]],"o":[[10.671,23.457],[-46.233,-8.595]],"v":[[-51.124,-91.617],[134.541,-99.856]],"c":true}]},{"i":{"x":0.2,"y":1},"o":{"x":0.333,"y":0},"t":90,"s":[{"i":[[-8.568,-18.834],[9.88,7.049]],"o":[[10.671,23.457],[-42.585,-30.384]],"v":[[-28.224,-73.285],[143.541,-102.856]],"c":true}]},{"i":{"x":0.667,"y":1},"o":{"x":0.8,"y":0},"t":105,"s":[{"i":[[-6.361,-23.052],[7.649,9.424]],"o":[[6.855,24.842],[-47.021,-12.833]],"v":[[-23.573,-89.18],[140.678,-68.447]],"c":true}]},{"t":160,"s":[{"i":[[-8.568,-18.834],[-37.233,19.405]],"o":[[10.671,23.457],[-46.233,-8.595]],"v":[[-51.124,-91.617],[134.541,-99.856]],"c":true}]}]},"nm":"Path 1","hd":false},{"ty":"fl","c":{"a":0,"k":[1,1,1,1]},"o":{"a":0,"k":100},"r":1,"bm":0,"nm":"Fill 1","hd":false},{"ty":"st","c":{"a":0,"k":[1,1,1,1]},"o":{"a":0,"k":100},"w":{"a":0,"k":20},"lc":2,"lj":2,"bm":0,"nm":"Stroke 1","hd":false},{"ty":"tr","p":{"a":0,"k":[0,0]},"a":{"a":0,"k":[0,0]},"s":{"a":0,"k":[100,100]},"r":{"a":0,"k":0},"o":{"a":0,"k":100},"sk":{"a":0,"k":0},"sa":{"a":0,"k":0},"nm":"Transform"}],"nm":"Group 1","bm":0,"hd":false}],"ip":0,"op":300,"st":0,"bm":0},{"ddd":0,"ind":25,"ty":4,"nm":"marble 2","parent":13,"sr":1,"ks":{},"ao":0,"shapes":[{"ty":"gr","it":[{"ind":0,"ty":"sh","ks":{"a":0,"k":{"i":[[0.767,-22.791],[22.791,0.767],[-0.767,22.791],[-22.791,-0.767]],"o":[[-0.767,22.791],[-22.791,-0.767],[0.767,-22.791],[22.791,0.767]],"v":[[41.266,1.389],[-1.389,41.266],[-41.266,-1.389],[1.389,-41.266]],"c":true}},"nm":"Path 1","hd":false},{"ty":"st","c":{"a":0,"k":[1,1,1,1]},"o":{"a":0,"k":100},"w":{"a":1,"k":[{"i":{"x":[0.833],"y":[0.833]},"o":{"x":[0.167],"y":[0.167]},"t":96,"s":[20]},{"t":102,"s":[30]}]},"lc":2,"lj":2,"bm":0,"nm":"Stroke 1","hd":false},{"ty":"fl","c":{"a":0,"k":[1,1,1,1]},"o":{"a":0,"k":100},"r":1,"bm":0,"nm":"Fill 1","hd":false},{"ty":"tr","p":{"a":0,"k":[0,0]},"a":{"a":0,"k":[0,0]},"s":{"a":0,"k":[100,100]},"r":{"a":0,"k":0},"o":{"a":0,"k":100},"sk":{"a":0,"k":0},"sa":{"a":0,"k":0},"nm":"Transform"}],"nm":"Group 1","bm":0,"hd":false}],"ip":0,"op":103,"st":0,"bm":0},{"ddd":0,"ind":26,"ty":4,"nm":"Shape Layer 44","sr":1,"ks":{"p":{"a":0,"k":[256,256,0]}},"ao":0,"shapes":[{"ty":"gr","it":[{"ind":0,"ty":"sh","ks":{"a":0,"k":{"i":[[24.753,55.647],[-32.589,41.09]],"o":[[-60.391,-135.765],[0.783,-0.988]],"v":[[170.5,38.5],[171.55,-233.71]],"c":false}},"nm":"Path 1","hd":false},{"ty":"st","c":{"a":0,"k":[1,1,1,1]},"o":{"a":0,"k":100},"w":{"a":1,"k":[{"i":{"x":[0.833],"y":[0.833]},"o":{"x":[0.167],"y":[0.167]},"t":94,"s":[98]},{"t":105,"s":[44]}]},"lc":2,"lj":2,"bm":0,"nm":"Stroke 1","hd":false},{"ty":"tr","p":{"a":0,"k":[0,0]},"a":{"a":0,"k":[0,0]},"s":{"a":0,"k":[100,100]},"r":{"a":0,"k":0},"o":{"a":0,"k":100},"sk":{"a":0,"k":0},"sa":{"a":0,"k":0},"nm":"Transform"}],"nm":"Shape 1","bm":0,"hd":false},{"ty":"tm","s":{"a":1,"k":[{"i":{"x":[0.833],"y":[0.833]},"o":{"x":[0.167],"y":[0.167]},"t":94,"s":[0]},{"i":{"x":[0.833],"y":[0.833]},"o":{"x":[0.167],"y":[0.167]},"t":98.643,"s":[27]},{"i":{"x":[0.833],"y":[0.833]},"o":{"x":[0.167],"y":[0.167]},"t":103.285,"s":[77]},{"t":107,"s":[100]}]},"e":{"a":1,"k":[{"i":{"x":[0.833],"y":[0.833]},"o":{"x":[0.167],"y":[0.167]},"t":94,"s":[0]},{"i":{"x":[0.833],"y":[0.833]},"o":{"x":[0.167],"y":[0.167]},"t":98.643,"s":[51]},{"t":103.28515625,"s":[100]}]},"o":{"a":0,"k":0},"m":1,"nm":"Trim Paths 1","hd":false}],"ip":96,"op":300,"st":0,"bm":0}]}],"layers":[{"ddd":0,"ind":1,"ty":0,"nm":"12_LIKE","refId":"comp_0","sr":1,"ks":{"p":{"a":0,"k":[256,256,0]},"a":{"a":0,"k":[256,256,0]}},"ao":0,"w":512,"h":512,"ip":0,"op":120,"st":-60,"bm":0}]}