{"tgs":1,"v":"5.5.2.2","fr":60,"ip":0,"op":150,"w":512,"h":512,"nm":"20_OK_OUT","ddd":0,"assets":[{"id":"comp_0","layers":[{"ddd":0,"ind":1,"ty":3,"nm":"ALL","sr":1,"ks":{"o":{"a":0,"k":0},"p":{"a":1,"k":[{"i":{"x":0.14,"y":1},"o":{"x":0.333,"y":0},"t":60,"s":[251.248,422.771,0],"to":[0,0,0],"ti":[0,0,0]},{"i":{"x":0.13,"y":0.13},"o":{"x":0.86,"y":0.86},"t":80,"s":[251.248,452.371,0],"to":[0,0,0],"ti":[0,0,0]},{"i":{"x":0.13,"y":1},"o":{"x":0.87,"y":0},"t":175,"s":[251.248,452.371,0],"to":[0,0,0],"ti":[0,0,0]},{"t":195,"s":[251.248,422.771,0]}]},"a":{"a":0,"k":[60,60,0]},"s":{"a":1,"k":[{"i":{"x":[0.14,0.14,0.14],"y":[1,1,1]},"o":{"x":[0.333,0.333,0.333],"y":[0,0,0]},"t":60,"s":[78.4,78.4,100]},{"i":{"x":[0.13,0.13,0.13],"y":[1,1,1]},"o":{"x":[0.86,0.86,0.86],"y":[0,0,0]},"t":80,"s":[98,98,100]},{"i":{"x":[0.13,0.13,0.13],"y":[1,1,1]},"o":{"x":[0.87,0.87,0.87],"y":[0,0,0]},"t":175,"s":[98,98,100]},{"t":195,"s":[78.4,78.4,100]}]}},"ao":0,"ip":0,"op":300,"st":0,"bm":0},{"ddd":0,"ind":2,"ty":4,"nm":"Layer 27 copy 2","parent":4,"sr":1,"ks":{"o":{"a":1,"k":[{"t":60,"s":[100],"h":1},{"t":191,"s":[0],"h":1}]},"r":{"a":1,"k":[{"i":{"x":[0.667],"y":[1]},"o":{"x":[0.669],"y":[0]},"t":60,"s":[-1.442]},{"i":{"x":[0.13],"y":[1]},"o":{"x":[0.298],"y":[0]},"t":80,"s":[-4.603]},{"i":{"x":[0.13],"y":[1]},"o":{"x":[0.87],"y":[0]},"t":175,"s":[-4.603]},{"t":195,"s":[-1.442]}]},"p":{"a":1,"k":[{"i":{"x":0.667,"y":1},"o":{"x":0.333,"y":0},"t":80,"s":[0.424,-18.217,0],"to":[0,0,0],"ti":[0,0,0]},{"i":{"x":0.667,"y":1},"o":{"x":0.333,"y":0},"t":86,"s":[-0.266,-24.149,0],"to":[0,0,0],"ti":[0,0,0]},{"i":{"x":0.667,"y":1},"o":{"x":0.333,"y":0},"t":92,"s":[0.424,-18.217,0],"to":[0,0,0],"ti":[0,0,0]},{"i":{"x":0.667,"y":1},"o":{"x":0.333,"y":0},"t":98,"s":[-0.266,-24.149,0],"to":[0,0,0],"ti":[0,0,0]},{"i":{"x":0.667,"y":1},"o":{"x":0.333,"y":0},"t":104,"s":[0.424,-18.217,0],"to":[0,0,0],"ti":[0,0,0]},{"i":{"x":0.667,"y":1},"o":{"x":0.333,"y":0},"t":110,"s":[-0.266,-24.149,0],"to":[0,0,0],"ti":[0,0,0]},{"i":{"x":0.667,"y":1},"o":{"x":0.333,"y":0},"t":116,"s":[0.424,-18.217,0],"to":[0,0,0],"ti":[0,0,0]},{"i":{"x":0.667,"y":1},"o":{"x":0.333,"y":0},"t":122,"s":[-0.266,-24.149,0],"to":[0,0,0],"ti":[0,0,0]},{"t":128,"s":[0.424,-18.217,0]}]},"a":{"a":0,"k":[-1.874,6.717,0]},"s":{"a":0,"k":[111.828,111.828,100]}},"ao":0,"shapes":[{"ty":"gr","it":[{"ind":0,"ty":"sh","ks":{"a":1,"k":[{"i":{"x":0.667,"y":1},"o":{"x":0.669,"y":0},"t":60,"s":[{"i":[[-1.345,0.668],[-6.521,-13.132],[1.345,-0.668],[6.521,13.132]],"o":[[1.345,-0.668],[6.521,13.132],[-1.345,0.668],[-6.521,-13.132]],"v":[[3.295,-24.109],[26.254,-0.514],[32.753,24.814],[24.974,-0.241]],"c":true}]},{"i":{"x":0.13,"y":1},"o":{"x":0.333,"y":0},"t":80,"s":[{"i":[[-14.662,0],[0,-14.662],[14.662,0],[0,14.662]],"o":[[14.662,0],[0,14.662],[-14.662,0],[0,-14.662]],"v":[[0,-26.548],[26.548,0],[0,26.548],[-26.548,0]],"c":true}]},{"i":{"x":0.13,"y":1},"o":{"x":0.87,"y":0},"t":175,"s":[{"i":[[-14.662,0],[0,-14.662],[14.662,0],[0,14.662]],"o":[[14.662,0],[0,14.662],[-14.662,0],[0,-14.662]],"v":[[0,-26.548],[26.548,0],[0,26.548],[-26.548,0]],"c":true}]},{"t":195,"s":[{"i":[[-1.345,0.668],[-6.521,-13.132],[1.345,-0.668],[6.521,13.132]],"o":[[1.345,-0.668],[6.521,13.132],[-1.345,0.668],[-6.521,-13.132]],"v":[[3.295,-24.109],[26.254,-0.514],[32.753,24.814],[24.974,-0.241]],"c":true}]}]},"nm":"Path 1","hd":false},{"ty":"st","c":{"a":0,"k":[1,1,1,1]},"o":{"a":0,"k":100},"w":{"a":1,"k":[{"i":{"x":[0.667],"y":[1]},"o":{"x":[0.659],"y":[0]},"t":62,"s":[0]},{"i":{"x":[0.667],"y":[1]},"o":{"x":[0.314],"y":[0]},"t":69,"s":[10]},{"i":{"x":[0.25],"y":[1]},"o":{"x":[0.333],"y":[0]},"t":181,"s":[10]},{"t":190,"s":[0]}]},"lc":1,"lj":1,"ml":4,"bm":0,"nm":"Stroke 1","hd":false},{"ty":"tr","p":{"a":0,"k":[-3.717,4.187]},"a":{"a":0,"k":[0,0]},"s":{"a":0,"k":[100,100]},"r":{"a":0,"k":0},"o":{"a":0,"k":100},"sk":{"a":0,"k":0},"sa":{"a":0,"k":0},"nm":"Transform"}],"nm":"Ellipse 1","bm":0,"hd":false}],"ip":0,"op":300,"st":0,"bm":0},{"ddd":0,"ind":3,"ty":3,"nm":"NULL CONTROL","parent":6,"sr":1,"ks":{"o":{"a":0,"k":0},"r":{"a":0,"k":-16.118},"p":{"a":1,"k":[{"i":{"x":0.667,"y":1},"o":{"x":0.333,"y":0},"t":80,"s":[2.053,2.695,0],"to":[0,0,0],"ti":[0,0,0]},{"i":{"x":0.667,"y":1},"o":{"x":0.333,"y":0},"t":86,"s":[-0.003,-4.421,0],"to":[0,0,0],"ti":[0,0,0]},{"i":{"x":0.667,"y":1},"o":{"x":0.333,"y":0},"t":92,"s":[2.053,2.695,0],"to":[0,0,0],"ti":[0,0,0]},{"i":{"x":0.833,"y":1},"o":{"x":0.333,"y":0},"t":98,"s":[-0.003,-4.421,0],"to":[0,0,0],"ti":[0,0,0]},{"i":{"x":0.667,"y":1},"o":{"x":0.333,"y":0},"t":104,"s":[2.053,2.695,0],"to":[0,0,0],"ti":[0,0,0]},{"i":{"x":0.667,"y":1},"o":{"x":0.333,"y":0},"t":110,"s":[-0.003,-4.421,0],"to":[0,0,0],"ti":[0,0,0]},{"i":{"x":0.667,"y":1},"o":{"x":0.333,"y":0},"t":116,"s":[2.053,2.695,0],"to":[0,0,0],"ti":[0,0,0]},{"i":{"x":0.667,"y":1},"o":{"x":0.333,"y":0},"t":122,"s":[-0.003,-4.421,0],"to":[0,0,0],"ti":[0,0,0]},{"t":128,"s":[2.053,2.695,0]}]},"a":{"a":0,"k":[60,60,0]},"s":{"a":0,"k":[74.074,74.074,100]}},"ao":0,"ip":0,"op":300,"st":0,"bm":0},{"ddd":0,"ind":4,"ty":4,"nm":"mask 2","parent":3,"sr":1,"ks":{"o":{"a":1,"k":[{"t":60,"s":[100],"h":1},{"t":191,"s":[0],"h":1}]},"r":{"a":0,"k":16.118},"p":{"a":1,"k":[{"i":{"x":0.667,"y":1},"o":{"x":0.669,"y":0},"t":60,"s":[150.5,74.5,0],"to":[0,0,0],"ti":[0,0,0]},{"i":{"x":0.13,"y":1},"o":{"x":0.333,"y":0},"t":80,"s":[60,60,0],"to":[0,0,0],"ti":[0,0,0]},{"i":{"x":0.13,"y":1},"o":{"x":0.87,"y":0},"t":175,"s":[60,60,0],"to":[0,0,0],"ti":[0,0,0]},{"t":195,"s":[150.5,74.5,0]}]},"s":{"a":1,"k":[{"i":{"x":[0.667,0.667,0.667],"y":[1,1,1]},"o":{"x":[0.669,0.333,0.333],"y":[0,0,0]},"t":60,"s":[67.5,135,100]},{"i":{"x":[0.13,0.13,0.13],"y":[1,1,1]},"o":{"x":[0.298,0.298,0.298],"y":[0,0,0]},"t":80,"s":[135,135,100]},{"i":{"x":[0.13,0.13,0.13],"y":[1,1,1]},"o":{"x":[0.87,0.87,0.87],"y":[0,0,0]},"t":175,"s":[135,135,100]},{"t":195,"s":[67.5,135,100]}]}},"ao":0,"shapes":[{"ty":"gr","it":[{"ind":0,"ty":"sh","ks":{"a":1,"k":[{"i":{"x":0.467,"y":1},"o":{"x":0.503,"y":0},"t":60,"s":[{"i":[[-0.724,45.209],[-9.875,2.57],[-0.156,-34.187],[7.549,-0.495]],"o":[[0.93,-58.029],[11.499,-2.993],[0.156,34.187],[-7.549,0.495]],"v":[[27.325,13.245],[-33.34,-62.858],[39.456,11.898],[10.227,69.682]],"c":true}]},{"i":{"x":0.13,"y":1},"o":{"x":0.333,"y":0},"t":80,"s":[{"i":[[4.955,42.61],[-48.556,0],[-0.743,-34.187],[35.921,-0.495]],"o":[[-4.767,-40.994],[48.556,0],[0.743,34.187],[-35.921,0.495]],"v":[[-64.804,8.17],[-2.128,-69.123],[65.504,5.198],[3.818,69.113]],"c":true}]},{"i":{"x":0.13,"y":1},"o":{"x":0.87,"y":0},"t":175,"s":[{"i":[[4.955,42.61],[-48.556,0],[-0.743,-34.187],[35.921,-0.495]],"o":[[-4.767,-40.994],[48.556,0],[0.743,34.187],[-35.921,0.495]],"v":[[-64.804,8.17],[-2.128,-69.123],[65.504,5.198],[3.818,69.113]],"c":true}]},{"t":195,"s":[{"i":[[-0.724,45.209],[-9.875,2.57],[-0.156,-34.187],[7.549,-0.495]],"o":[[0.93,-58.029],[11.499,-2.993],[0.156,34.187],[-7.549,0.495]],"v":[[27.325,13.245],[-33.34,-62.858],[39.456,11.898],[10.227,69.682]],"c":true}]}]},"nm":"Path 1","hd":false},{"ty":"st","c":{"a":0,"k":[0,0,0,1]},"o":{"a":0,"k":100},"w":{"a":0,"k":5},"lc":2,"lj":2,"bm":0,"nm":"Stroke 1","hd":false},{"ty":"gf","o":{"a":0,"k":100},"r":1,"bm":0,"g":{"p":3,"k":{"a":0,"k":[0.367,0.173,0.196,0.216,0.549,0.087,0.098,0.108,0.732,0,0,0]}},"s":{"a":0,"k":[-2.207,-107.074]},"e":{"a":0,"k":[39.849,106.092]},"t":2,"h":{"a":0,"k":0},"a":{"a":0,"k":0},"nm":"fasaaaa","hd":false},{"ty":"tr","p":{"a":0,"k":[0,0]},"a":{"a":0,"k":[0,0]},"s":{"a":0,"k":[100,100]},"r":{"a":0,"k":0},"o":{"a":0,"k":100},"sk":{"a":0,"k":0},"sa":{"a":0,"k":0},"nm":"Transform"}],"nm":"Group 1","bm":0,"hd":false}],"ip":0,"op":300,"st":0,"bm":0},{"ddd":0,"ind":5,"ty":4,"nm":"line 2","parent":7,"sr":1,"ks":{"o":{"a":1,"k":[{"t":60,"s":[100],"h":1},{"t":191,"s":[0],"h":1}]},"p":{"a":0,"k":[4.699,-11.075,0]}},"ao":0,"shapes":[{"ty":"gr","it":[{"ind":0,"ty":"sh","ks":{"a":1,"k":[{"i":{"x":0.667,"y":1},"o":{"x":0.669,"y":0},"t":60,"s":[{"i":[[-6.875,3.715],[4.694,-44.001]],"o":[[43.15,66.573],[-2.67,25.028]],"v":[[58.539,-59.714],[101.275,101.254]],"c":false}]},{"i":{"x":0.667,"y":1},"o":{"x":0.167,"y":0},"t":83,"s":[{"i":[[-6.875,3.715],[-3.688,-41.887]],"o":[[21.862,57.376],[2.208,25.073]],"v":[[-12.822,-100.678],[23.707,106.96]],"c":false}]},{"i":{"x":0.13,"y":1},"o":{"x":0.167,"y":0},"t":94,"s":[{"i":[[-6.875,3.715],[-3.688,-41.887]],"o":[[-11.272,61.309],[2.208,25.073]],"v":[[6.96,-104.368],[23.707,106.96]],"c":false}]},{"i":{"x":0.13,"y":1},"o":{"x":0.87,"y":0},"t":172,"s":[{"i":[[-6.875,3.715],[-3.688,-41.887]],"o":[[-11.272,61.309],[2.208,25.073]],"v":[[6.96,-104.368],[23.707,106.96]],"c":false}]},{"t":195,"s":[{"i":[[-6.875,3.715],[4.694,-44.001]],"o":[[43.15,66.573],[-2.67,25.028]],"v":[[58.539,-59.714],[101.275,101.254]],"c":false}]}]},"nm":"Path 1","hd":false},{"ty":"st","c":{"a":0,"k":[0,0,0,1]},"o":{"a":0,"k":100},"w":{"a":0,"k":5.46},"lc":2,"lj":2,"bm":0,"nm":"Stroke 1","hd":false},{"ty":"tr","p":{"a":0,"k":[0,0]},"a":{"a":0,"k":[0,0]},"s":{"a":0,"k":[100,100]},"r":{"a":0,"k":0},"o":{"a":0,"k":100},"sk":{"a":0,"k":0},"sa":{"a":0,"k":0},"nm":"Transform"}],"nm":"Group 1","bm":0,"hd":false},{"ty":"tm","s":{"a":0,"k":0},"e":{"a":1,"k":[{"i":{"x":[0.833],"y":[0.833]},"o":{"x":[0.167],"y":[0.167]},"t":60,"s":[89]},{"i":{"x":[0.833],"y":[0.833]},"o":{"x":[0.167],"y":[0.167]},"t":64,"s":[89.7]},{"i":{"x":[0.833],"y":[0.833]},"o":{"x":[0.167],"y":[0.167]},"t":68,"s":[92.4]},{"i":{"x":[0.833],"y":[0.833]},"o":{"x":[0.167],"y":[0.167]},"t":74,"s":[97.2]},{"i":{"x":[0.833],"y":[0.833]},"o":{"x":[0.167],"y":[0.167]},"t":77,"s":[99.6]},{"i":{"x":[0.833],"y":[0.833]},"o":{"x":[0.167],"y":[0.167]},"t":80,"s":[100]},{"i":{"x":[0.833],"y":[0.833]},"o":{"x":[0.167],"y":[0.167]},"t":175,"s":[100]},{"i":{"x":[0.833],"y":[0.833]},"o":{"x":[0.167],"y":[0.167]},"t":178,"s":[99.6]},{"i":{"x":[0.833],"y":[0.833]},"o":{"x":[0.167],"y":[0.167]},"t":181,"s":[97.2]},{"i":{"x":[0.833],"y":[0.833]},"o":{"x":[0.167],"y":[0.167]},"t":187,"s":[92.4]},{"i":{"x":[0.833],"y":[0.833]},"o":{"x":[0.167],"y":[0.167]},"t":191,"s":[89.7]},{"t":195,"s":[89]}]},"o":{"a":0,"k":0},"m":1,"nm":"Trim Paths 1","hd":false}],"ip":0,"op":300,"st":0,"bm":0},{"ddd":0,"ind":6,"ty":4,"nm":"hood 2","parent":7,"sr":1,"ks":{"r":{"a":1,"k":[{"i":{"x":[0.667],"y":[1]},"o":{"x":[0.333],"y":[0]},"t":63,"s":[11.892]},{"i":{"x":[0.667],"y":[1]},"o":{"x":[0.333],"y":[0]},"t":83,"s":[-8.422]},{"i":{"x":[0.13],"y":[1]},"o":{"x":[0.17],"y":[0]},"t":94,"s":[11.892]},{"i":{"x":[0.667],"y":[1]},"o":{"x":[0.87],"y":[0]},"t":175,"s":[11.892]},{"i":{"x":[0.13],"y":[1]},"o":{"x":[0.333],"y":[0]},"t":186,"s":[15.924]},{"t":195,"s":[11.892]}]},"p":{"a":0,"k":[-7.596,-77.365,0]},"a":{"a":0,"k":[1.621,76.821,0]}},"ao":0,"shapes":[{"ty":"gr","it":[{"ind":0,"ty":"sh","ks":{"a":1,"k":[{"i":{"x":0.667,"y":1},"o":{"x":0.333,"y":0},"t":60,"s":[{"i":[[7.405,100.475],[-84.261,6.431],[-5.113,-24.302],[70.316,-25.422]],"o":[[-3.592,-48.74],[64.341,-4.91],[3.189,15.157],[-70.316,25.422]],"v":[[-87.559,-2.281],[-7.767,-84.074],[79.591,-25.98],[39.578,90.978]],"c":true}]},{"i":{"x":0.667,"y":1},"o":{"x":0.333,"y":0},"t":70,"s":[{"i":[[49.033,65.81],[-53.286,5.32],[-6.681,-19.421],[71.391,-22.224]],"o":[[-33.291,-44.682],[58.578,-5.848],[5.039,14.646],[-138.582,43.14]],"v":[[-92.835,-8.467],[-7.767,-84.074],[77.235,-28.561],[32.723,92.611]],"c":true}]},{"i":{"x":0.667,"y":1},"o":{"x":0.333,"y":0},"t":80,"s":[{"i":[[-1.082,96.279],[-53.282,5.362],[-5.113,-24.302],[70.316,-25.422]],"o":[[0.549,-48.869],[64.204,-6.461],[3.189,15.157],[-70.316,25.422]],"v":[[-87.559,-2.281],[-7.767,-84.074],[79.591,-25.98],[39.578,90.978]],"c":true}]},{"i":{"x":0.667,"y":1},"o":{"x":0.333,"y":0},"t":86,"s":[{"i":[[-0.248,96.284],[-45.184,3.931],[-11.058,-36.211],[70.316,-25.422]],"o":[[0.152,-59.015],[56.898,-4.95],[4.524,14.813],[-70.316,25.422]],"v":[[-87.559,-2.281],[-9.23,-86.309],[79.591,-25.98],[39.578,90.978]],"c":true}]},{"i":{"x":0.667,"y":1},"o":{"x":0.333,"y":0},"t":92,"s":[{"i":[[-1.082,96.279],[-53.282,5.362],[-5.113,-24.302],[70.316,-25.422]],"o":[[0.549,-48.869],[64.204,-6.461],[3.189,15.157],[-70.316,25.422]],"v":[[-87.559,-2.281],[-11.397,-90.792],[79.591,-25.98],[39.578,90.978]],"c":true}]},{"i":{"x":0.667,"y":1},"o":{"x":0.333,"y":0},"t":98,"s":[{"i":[[-0.248,96.284],[-45.184,3.931],[-11.058,-36.211],[70.316,-25.422]],"o":[[0.152,-59.015],[56.898,-4.95],[4.524,14.813],[-70.316,25.422]],"v":[[-87.559,-2.281],[-9.23,-86.309],[79.591,-25.98],[39.578,90.978]],"c":true}]},{"i":{"x":0.667,"y":1},"o":{"x":0.333,"y":0},"t":104,"s":[{"i":[[-1.082,96.279],[-53.282,5.362],[-5.113,-24.302],[70.316,-25.422]],"o":[[0.549,-48.869],[64.204,-6.461],[3.189,15.157],[-70.316,25.422]],"v":[[-87.559,-2.281],[-11.397,-90.792],[79.591,-25.98],[39.578,90.978]],"c":true}]},{"i":{"x":0.667,"y":1},"o":{"x":0.333,"y":0},"t":110,"s":[{"i":[[-0.248,96.284],[-45.184,3.931],[-11.058,-36.211],[70.316,-25.422]],"o":[[0.152,-59.015],[56.898,-4.95],[4.524,14.813],[-70.316,25.422]],"v":[[-87.559,-2.281],[-9.23,-86.309],[79.591,-25.98],[39.578,90.978]],"c":true}]},{"i":{"x":0.667,"y":1},"o":{"x":0.333,"y":0},"t":116,"s":[{"i":[[-1.082,96.279],[-53.282,5.362],[-5.113,-24.302],[70.316,-25.422]],"o":[[0.549,-48.869],[64.204,-6.461],[3.189,15.157],[-70.316,25.422]],"v":[[-87.559,-2.281],[-11.397,-90.792],[79.591,-25.98],[39.578,90.978]],"c":true}]},{"i":{"x":0.667,"y":1},"o":{"x":0.333,"y":0},"t":122,"s":[{"i":[[-0.248,96.284],[-45.184,3.931],[-11.058,-36.211],[70.316,-25.422]],"o":[[0.152,-59.015],[56.898,-4.95],[4.524,14.813],[-70.316,25.422]],"v":[[-87.559,-2.281],[-9.23,-86.309],[79.591,-25.98],[39.578,90.978]],"c":true}]},{"i":{"x":0.13,"y":1},"o":{"x":0.333,"y":0},"t":128,"s":[{"i":[[-1.082,96.279],[-53.282,5.362],[-5.113,-24.302],[70.316,-25.422]],"o":[[0.549,-48.869],[64.204,-6.461],[3.189,15.157],[-70.316,25.422]],"v":[[-87.559,-2.281],[-7.767,-84.074],[79.591,-25.98],[39.578,90.978]],"c":true}]},{"i":{"x":0.667,"y":1},"o":{"x":0.87,"y":0},"t":175,"s":[{"i":[[-1.082,96.279],[-53.282,5.362],[-5.113,-24.302],[70.316,-25.422]],"o":[[0.549,-48.869],[64.204,-6.461],[3.189,15.157],[-70.316,25.422]],"v":[[-87.559,-2.281],[-7.767,-84.074],[79.591,-25.98],[39.578,90.978]],"c":true}]},{"i":{"x":0.13,"y":1},"o":{"x":0.333,"y":0},"t":185,"s":[{"i":[[49.033,65.81],[-53.286,5.32],[-6.681,-19.421],[71.391,-22.224]],"o":[[-33.291,-44.682],[58.578,-5.848],[5.039,14.646],[-138.582,43.14]],"v":[[-92.835,-8.467],[-7.767,-84.074],[77.235,-28.561],[32.723,92.611]],"c":true}]},{"t":195,"s":[{"i":[[7.405,100.475],[-84.261,6.431],[-5.113,-24.302],[70.316,-25.422]],"o":[[-3.592,-48.74],[64.341,-4.91],[3.189,15.157],[-70.316,25.422]],"v":[[-87.559,-2.281],[-7.767,-84.074],[79.591,-25.98],[39.578,90.978]],"c":true}]}]},"nm":"Path 1","hd":false},{"ty":"fl","c":{"a":0,"k":[0.866666674614,0.043137256056,0.380392163992,1]},"o":{"a":0,"k":100},"r":1,"bm":0,"nm":"Fill 1","hd":false},{"ty":"tr","p":{"a":0,"k":[0,0]},"a":{"a":0,"k":[0,0]},"s":{"a":0,"k":[100,100]},"r":{"a":0,"k":0},"o":{"a":0,"k":100},"sk":{"a":0,"k":0},"sa":{"a":0,"k":0},"nm":"Transform"}],"nm":"Group 1","bm":0,"hd":false}],"ip":0,"op":300,"st":0,"bm":0},{"ddd":0,"ind":7,"ty":4,"nm":"body 2","parent":1,"sr":1,"ks":{"r":{"a":0,"k":-4.226},"p":{"a":1,"k":[{"i":{"x":0.667,"y":1},"o":{"x":0.333,"y":0},"t":60,"s":[12.804,98.726,0],"to":[0,0,0],"ti":[0,0,0]},{"i":{"x":0.667,"y":1},"o":{"x":0.333,"y":0},"t":75,"s":[53.304,98.726,0],"to":[0,0,0],"ti":[0,0,0]},{"t":87,"s":[12.804,98.726,0]}]},"a":{"a":0,"k":[11.996,102.547,0]},"s":{"a":1,"k":[{"i":{"x":[0.667,0.667,0.667],"y":[1,1,1]},"o":{"x":[0.333,0.333,0.333],"y":[0,0,0]},"t":60,"s":[-135,135,100]},{"i":{"x":[0.667,0.667,0.667],"y":[1,1,1]},"o":{"x":[0.333,0.333,0.333],"y":[0,0,0]},"t":70,"s":[-145,125,100]},{"i":{"x":[0.13,0.13,0.13],"y":[1,1,1]},"o":{"x":[0.158,0.158,0.158],"y":[0,0,0]},"t":78,"s":[-135,135,100]},{"i":{"x":[0.667,0.667,0.667],"y":[1,1,1]},"o":{"x":[0.87,0.87,0.87],"y":[0,0,0]},"t":175,"s":[-135,135,100]},{"i":{"x":[0.13,0.13,0.13],"y":[1,1,1]},"o":{"x":[0.333,0.333,0.333],"y":[0,0,0]},"t":189,"s":[-150,120,100]},{"t":201,"s":[-135,135,100]}]}},"ao":0,"shapes":[{"ty":"gr","it":[{"ind":0,"ty":"sh","ks":{"a":0,"k":{"i":[[-41.192,1.76],[-17.196,-44.789],[-0.583,-26.363],[0.502,37.023],[-0.691,31.113]],"o":[[70.809,-3.025],[17.196,44.789],[0.583,26.363],[-0.408,-30.136],[1.057,-47.57]],"v":[[-6.131,-80.012],[89.177,-27.938],[110.203,67.974],[-80.713,84.474],[-86.156,-22.529]],"c":true}},"nm":"Path 1","hd":false},{"ty":"gf","o":{"a":0,"k":100},"r":1,"bm":0,"g":{"p":3,"k":{"a":0,"k":[0,0.654,0,0.268,0.5,0.76,0.022,0.324,1,0.867,0.043,0.38]}},"s":{"a":0,"k":[35.463,103.036]},"e":{"a":0,"k":[-47.182,-15.932]},"t":2,"h":{"a":0,"k":0},"a":{"a":0,"k":0},"nm":"dead1","hd":false},{"ty":"tr","p":{"a":0,"k":[0,0]},"a":{"a":0,"k":[0,0]},"s":{"a":0,"k":[100,100]},"r":{"a":0,"k":0},"o":{"a":0,"k":100},"sk":{"a":0,"k":0},"sa":{"a":0,"k":0},"nm":"Transform"}],"nm":"Group 1","bm":0,"hd":false}],"ip":0,"op":300,"st":0,"bm":0},{"ddd":0,"ind":8,"ty":4,"nm":"hand 4","parent":10,"sr":1,"ks":{"r":{"a":1,"k":[{"i":{"x":[0.667],"y":[1]},"o":{"x":[0.333],"y":[0.457]},"t":60,"s":[29.576]},{"i":{"x":[0.667],"y":[1]},"o":{"x":[0.333],"y":[0]},"t":81,"s":[-55.82]},{"i":{"x":[0.13],"y":[1]},"o":{"x":[0.297],"y":[0]},"t":92,"s":[-18.233]},{"t":175,"s":[-18.233]}]},"p":{"a":1,"k":[{"i":{"x":0.667,"y":0.667},"o":{"x":0.333,"y":0.333},"t":60,"s":[206.364,373.222,0],"to":[0,0,0],"ti":[0,0,0]},{"i":{"x":0.13,"y":1},"o":{"x":0.333,"y":0},"t":81,"s":[206.364,373.222,0],"to":[0,0,0],"ti":[0,0,0]},{"i":{"x":0.13,"y":0.13},"o":{"x":0.87,"y":0.87},"t":175,"s":[206.364,373.222,0],"to":[0,0,0],"ti":[0,0,0]},{"t":184,"s":[206.364,373.222,0]}]},"a":{"a":0,"k":[208.189,378.381,0]}},"ao":0,"shapes":[{"ty":"gr","it":[{"ind":0,"ty":"sh","ks":{"a":1,"k":[{"i":{"x":0.833,"y":1},"o":{"x":0.167,"y":0},"t":60,"s":[{"i":[[0,0],[8.162,0.829],[5.942,-6.294],[-0.324,-4.729],[6.109,0.102],[1.015,8.516],[0.515,-0.128],[5.197,-1.876],[-2.526,1.601],[5.722,-1.542],[0.441,8.869],[-2.641,6.755]],"o":[[28.225,-0.666],[-5.339,-0.542],[-1.432,1.516],[0.851,12.437],[-7.908,-0.132],[-1.163,-9.764],[-1.481,0.367],[-6.203,2.239],[4.167,-2.641],[-4.623,1.246],[-0.423,-8.502],[2.641,-6.755]],"v":[[0.837,-15.354],[5.749,19.109],[5.103,1.728],[3.912,12.786],[2.2,36.176],[0.359,19.214],[-1.573,8.908],[0.187,36.886],[-7.662,10.419],[-11.877,34.493],[-14.104,10.413],[-15.512,-8.1]],"c":true}]},{"i":{"x":0.833,"y":1},"o":{"x":0.167,"y":0},"t":72,"s":[{"i":[[0,0],[8.162,0.829],[8.552,-1.336],[-3.466,-3.234],[-2.118,-1.337],[4.137,3.09],[0.515,-0.128],[5.197,-1.876],[-2.526,1.601],[5.722,-1.542],[3.633,10.825],[-2.641,6.755]],"o":[[28.225,-0.666],[-5.339,-0.542],[-9.796,1.53],[3.718,3.469],[6.688,4.222],[-7.877,-5.885],[-1.481,0.367],[-6.203,2.239],[4.167,-2.641],[-4.623,1.246],[-2.708,-8.07],[2.641,-6.755]],"v":[[0.837,-15.354],[19.519,9.089],[11.408,-2.639],[6.812,11.152],[17.858,10.908],[4.756,17.67],[-1.573,8.908],[14.033,32.532],[-7.662,10.419],[5.953,33.286],[-12.546,10.941],[-15.512,-8.1]],"c":true}]},{"i":{"x":0.833,"y":1},"o":{"x":0.167,"y":0},"t":81,"s":[{"i":[[0,0],[8.162,0.829],[8.552,-1.336],[-3.466,-3.234],[-2.118,-1.337],[4.137,3.09],[0.515,-0.128],[5.197,-1.876],[-2.526,1.601],[5.722,-1.542],[3.633,10.825],[-2.641,6.755]],"o":[[28.225,-0.666],[-5.339,-0.542],[-9.796,1.53],[3.718,3.469],[6.688,4.222],[-7.877,-5.885],[-1.481,0.367],[-6.203,2.239],[4.167,-2.641],[-4.623,1.246],[-2.708,-8.07],[2.641,-6.755]],"v":[[0.837,-15.354],[19.519,9.089],[11.408,-2.639],[6.812,11.152],[17.858,10.908],[4.756,17.67],[-1.573,8.908],[14.033,32.532],[-7.662,10.419],[5.953,33.286],[-12.546,10.941],[-15.512,-8.1]],"c":true}]},{"i":{"x":0.833,"y":1},"o":{"x":0.167,"y":0},"t":91,"s":[{"i":[[0,0],[8.162,0.829],[8.552,-1.336],[-3.466,-3.234],[-2.118,-1.337],[4.137,3.09],[0.515,-0.128],[5.197,-1.876],[-2.526,1.601],[5.722,-1.542],[0.441,8.869],[-2.641,6.755]],"o":[[28.225,-0.666],[-5.339,-0.542],[-9.796,1.53],[3.718,3.469],[6.688,4.222],[-7.877,-5.885],[-1.481,0.367],[-6.203,2.239],[4.167,-2.641],[-4.623,1.246],[-0.423,-8.502],[2.641,-6.755]],"v":[[0.837,-15.354],[19.519,9.089],[11.408,-2.639],[6.812,11.152],[17.858,10.908],[4.756,17.67],[-1.573,8.908],[-6.051,37.234],[-7.662,10.419],[-17.657,32.99],[-14.104,10.413],[-15.512,-8.1]],"c":true}]},{"t":101,"s":[{"i":[[0,0],[8.162,0.829],[8.552,-1.336],[-3.466,-3.234],[-2.118,-1.337],[4.137,3.09],[0.515,-0.128],[5.197,-1.876],[-2.526,1.601],[5.722,-1.542],[0.441,8.869],[-2.641,6.755]],"o":[[28.225,-0.666],[-5.339,-0.542],[-9.796,1.53],[3.718,3.469],[6.688,4.222],[-7.877,-5.885],[-1.481,0.367],[-6.203,2.239],[4.167,-2.641],[-4.623,1.246],[-0.423,-8.502],[2.641,-6.755]],"v":[[0.837,-15.354],[19.519,9.089],[11.408,-2.639],[6.812,11.152],[17.858,10.908],[4.756,17.67],[-1.573,8.908],[0.187,36.886],[-7.662,10.419],[-11.877,34.493],[-14.104,10.413],[-15.512,-8.1]],"c":true}]}]},"nm":"Path 1","hd":false},{"ty":"st","c":{"a":0,"k":[0,0,0,1]},"o":{"a":0,"k":100},"w":{"a":0,"k":2.184},"lc":2,"lj":2,"bm":0,"nm":"Stroke 1","hd":false},{"ty":"fl","c":{"a":0,"k":[0,0,0,1]},"o":{"a":0,"k":100},"r":1,"bm":0,"nm":"Fill 1","hd":false},{"ty":"tr","p":{"a":0,"k":[208.253,388.502]},"a":{"a":0,"k":[0,0]},"s":{"a":0,"k":[100,100]},"r":{"a":0,"k":0},"o":{"a":0,"k":100},"sk":{"a":0,"k":0},"sa":{"a":0,"k":0},"nm":"Transform"}],"nm":"Group 2","bm":0,"hd":false}],"ip":1,"op":301,"st":1,"bm":0},{"ddd":0,"ind":9,"ty":4,"nm":"hand 3","parent":7,"sr":1,"ks":{"r":{"a":1,"k":[{"i":{"x":[0.667],"y":[1]},"o":{"x":[0.333],"y":[0]},"t":60,"s":[-101.734]},{"i":{"x":[0.13],"y":[1]},"o":{"x":[0.299],"y":[0]},"t":80,"s":[-151.734]},{"i":{"x":[0.13],"y":[1]},"o":{"x":[0.87],"y":[0]},"t":175,"s":[-151.734]},{"t":184,"s":[-101.734]}]},"p":{"a":1,"k":[{"i":{"x":0.667,"y":1},"o":{"x":0.333,"y":0},"t":60,"s":[38.437,-59.001,0],"to":[0,0,0],"ti":[0,0,0]},{"i":{"x":0.13,"y":1},"o":{"x":0.333,"y":0},"t":80,"s":[56.906,-60.366,0],"to":[0,0,0],"ti":[0,0,0]},{"i":{"x":0.13,"y":1},"o":{"x":0.87,"y":0},"t":175,"s":[56.906,-60.366,0],"to":[0,0,0],"ti":[0,0,0]},{"t":184,"s":[38.437,-59.001,0]}]},"a":{"a":0,"k":[236.495,308.621,0]}},"ao":0,"shapes":[{"ty":"gr","it":[{"ind":0,"ty":"sh","ks":{"a":1,"k":[{"i":{"x":0.833,"y":1},"o":{"x":0.333,"y":0},"t":60,"s":[{"i":[[-4.548,-38.625],[22.611,-2.74],[-25.991,9.103]],"o":[[3.435,29.177],[-22.214,2.692],[37.04,-12.973]],"v":[[70.955,-36.381],[-9.436,-5.436],[-17.976,-45.939]],"c":true}]},{"i":{"x":0.833,"y":1},"o":{"x":0.333,"y":0},"t":72,"s":[{"i":[[-4.548,-38.625],[22.611,-2.74],[-25.991,9.103]],"o":[[3.435,29.177],[-22.214,2.692],[37.04,-12.973]],"v":[[70.955,-36.381],[-5.595,-1.689],[-14.135,-42.192]],"c":true}]},{"i":{"x":0.833,"y":1},"o":{"x":0.333,"y":0},"t":91,"s":[{"i":[[-4.548,-38.625],[22.611,-2.74],[-25.991,9.103]],"o":[[3.435,29.177],[-22.214,2.692],[37.04,-12.973]],"v":[[70.955,-36.381],[-8.176,-5.567],[-16.715,-46.07]],"c":true}]},{"i":{"x":0.13,"y":1},"o":{"x":0.333,"y":0},"t":175,"s":[{"i":[[-4.548,-38.625],[22.611,-2.74],[-25.991,9.103]],"o":[[3.435,29.177],[-22.214,2.692],[37.04,-12.973]],"v":[[70.955,-36.381],[-8.176,-5.567],[-16.715,-46.07]],"c":true}]},{"t":184,"s":[{"i":[[-4.548,-38.625],[22.611,-2.74],[-25.991,9.103]],"o":[[3.435,29.177],[-22.214,2.692],[37.04,-12.973]],"v":[[70.955,-36.381],[-9.436,-5.436],[-17.976,-45.939]],"c":true}]}]},"nm":"Path 1","hd":false},{"ty":"gf","o":{"a":0,"k":100},"r":1,"bm":0,"g":{"p":3,"k":{"a":0,"k":[0,0.654,0,0.268,0.5,0.76,0.022,0.324,1,0.867,0.043,0.38]}},"s":{"a":0,"k":[4.155,-63.902]},"e":{"a":0,"k":[13.31,-15.606]},"t":1,"nm":"ahasasfa","hd":false},{"ty":"tr","p":{"a":0,"k":[185.748,336.099]},"a":{"a":0,"k":[0,0]},"s":{"a":0,"k":[100,100]},"r":{"a":0,"k":0},"o":{"a":0,"k":100},"sk":{"a":0,"k":0},"sa":{"a":0,"k":0},"nm":"Transform"}],"nm":"Group 1","bm":0,"hd":false}],"ip":0,"op":300,"st":0,"bm":0},{"ddd":0,"ind":10,"ty":4,"nm":"hand 5","parent":9,"sr":1,"ks":{"r":{"a":1,"k":[{"i":{"x":[0.833],"y":[0.833]},"o":{"x":[0.296],"y":[0]},"t":60,"s":[116.048]},{"i":{"x":[0.833],"y":[0.833]},"o":{"x":[0.167],"y":[0.167]},"t":66,"s":[-21.408]},{"i":{"x":[0.667],"y":[1]},"o":{"x":[0.167],"y":[0.167]},"t":70,"s":[-21.408]},{"i":{"x":[0.667],"y":[1]},"o":{"x":[0.333],"y":[0]},"t":80,"s":[-18.649]},{"i":{"x":[0.13],"y":[1]},"o":{"x":[0.297],"y":[0]},"t":91,"s":[1.78]},{"i":{"x":[0.833],"y":[1]},"o":{"x":[0.87],"y":[0]},"t":175,"s":[1.78]},{"t":184,"s":[-66.938]}]},"p":{"a":1,"k":[{"i":{"x":0.667,"y":1},"o":{"x":0.333,"y":0},"t":60,"s":[184.491,317.182,0],"to":[0,0,0],"ti":[0,0,0]},{"i":{"x":0.13,"y":1},"o":{"x":0.333,"y":0},"t":80,"s":[175.311,315.973,0],"to":[0,0,0],"ti":[0,0,0]},{"t":184,"s":[175.311,315.973,0]}]},"a":{"a":0,"k":[175.311,315.973,0]}},"ao":0,"shapes":[{"ty":"gr","it":[{"ind":0,"ty":"sh","ks":{"a":1,"k":[{"i":{"x":0.833,"y":1},"o":{"x":0.333,"y":0},"t":60,"s":[{"i":[[-15.348,-25.11],[-10.506,-22.379],[9.391,18.116],[9.983,23.141]],"o":[[8.825,14.439],[10.506,22.379],[-9.391,-18.116],[-7.986,-21.62]],"v":[[8.365,-31.264],[33.308,17.554],[-3.982,41.338],[-29.782,-16.903]],"c":true}]},{"i":{"x":0.833,"y":1},"o":{"x":0.333,"y":0},"t":72,"s":[{"i":[[-7.264,-28.518],[-16.657,-18.268],[14.33,14.526],[3.889,28.315]],"o":[[4.579,17.976],[16.657,18.268],[-14.33,-14.526],[-7.986,-21.62]],"v":[[8.365,-31.264],[29.61,12.639],[1.026,46.391],[-29.782,-16.903]],"c":true}]},{"i":{"x":0.833,"y":1},"o":{"x":0.333,"y":0},"t":91,"s":[{"i":[[-15.348,-25.11],[-10.506,-22.379],[9.391,18.116],[9.983,23.141]],"o":[[8.825,14.439],[10.506,22.379],[-9.391,-18.116],[-7.986,-21.62]],"v":[[8.365,-31.264],[33.308,17.554],[-3.982,41.338],[-29.782,-16.903]],"c":true}]},{"i":{"x":0.13,"y":1},"o":{"x":0.333,"y":0},"t":175,"s":[{"i":[[-15.348,-25.11],[-10.506,-22.379],[9.391,18.116],[9.983,23.141]],"o":[[8.825,14.439],[10.506,22.379],[-9.391,-18.116],[-7.986,-21.62]],"v":[[8.365,-31.264],[33.308,17.554],[-3.982,41.338],[-29.782,-16.903]],"c":true}]},{"t":184,"s":[{"i":[[-15.348,-25.11],[-10.506,-22.379],[9.391,18.116],[9.983,23.141]],"o":[[8.825,14.439],[10.506,22.379],[-9.391,-18.116],[-7.986,-21.62]],"v":[[8.365,-31.264],[33.308,17.554],[-3.982,41.338],[-29.782,-16.903]],"c":true}]}]},"nm":"Path 1","hd":false},{"ty":"fl","c":{"a":0,"k":[0.866666666667,0.043137254902,0.380392156863,1]},"o":{"a":0,"k":100},"r":1,"bm":0,"nm":"Fill 1","hd":false},{"ty":"tr","p":{"a":0,"k":[185.748,336.099]},"a":{"a":0,"k":[0,0]},"s":{"a":0,"k":[100,100]},"r":{"a":0,"k":0},"o":{"a":0,"k":100},"sk":{"a":0,"k":0},"sa":{"a":0,"k":0},"nm":"Transform"}],"nm":"Group 1","bm":0,"hd":false}],"ip":0,"op":300,"st":0,"bm":0},{"ddd":0,"ind":11,"ty":4,"nm":"Layer 27 copy","parent":13,"sr":1,"ks":{"o":{"a":1,"k":[{"t":60,"s":[100],"h":1},{"t":191,"s":[0],"h":1}]},"r":{"a":0,"k":-4.603},"p":{"a":1,"k":[{"i":{"x":0.667,"y":1},"o":{"x":0.669,"y":0},"t":60,"s":[45.089,-17.712,0],"to":[0,0,0],"ti":[0,0,0]},{"i":{"x":0.599,"y":0.319},"o":{"x":0.551,"y":0},"t":75,"s":[0.424,-18.217,0],"to":[0,0,0],"ti":[0,0,0]},{"i":{"x":0.586,"y":1},"o":{"x":0.264,"y":0},"t":109,"s":[0.424,-18.217,0],"to":[0,0,0],"ti":[0,0,0]},{"i":{"x":0.599,"y":1},"o":{"x":0.21,"y":0},"t":118,"s":[-1.875,-26.603,0],"to":[0,0,0],"ti":[0,0,0]},{"i":{"x":0.599,"y":1},"o":{"x":0.264,"y":0},"t":130,"s":[2.263,-11.508,0],"to":[0,0,0],"ti":[0,0,0]},{"i":{"x":0.518,"y":1},"o":{"x":0.264,"y":0.6},"t":142,"s":[0.424,-18.217,0],"to":[0,0,0],"ti":[0,0,0]},{"i":{"x":0.13,"y":1},"o":{"x":0.87,"y":0},"t":175,"s":[0.424,-18.217,0],"to":[0,0,0],"ti":[0,0,0]},{"t":195,"s":[45.089,-17.712,0]}]},"a":{"a":0,"k":[-1.874,6.717,0]},"s":{"a":0,"k":[111.828,111.828,100]}},"ao":0,"shapes":[{"ty":"gr","it":[{"ind":0,"ty":"sh","ks":{"a":1,"k":[{"i":{"x":0.667,"y":1},"o":{"x":0.669,"y":0},"t":60,"s":[{"i":[[-1.557,15.964],[10.066,12.323]],"o":[[1.557,-15.964],[-10.066,-12.323]],"v":[[-19.486,31.999],[-30.912,-17.272]],"c":false}]},{"i":{"x":0.13,"y":1},"o":{"x":0.333,"y":0},"t":75,"s":[{"i":[[0,0],[0,0]],"o":[[0,0],[0,0]],"v":[[-21.077,31.853],[-22.17,-16.397]],"c":false}]},{"i":{"x":0.13,"y":1},"o":{"x":0.87,"y":0},"t":175,"s":[{"i":[[0,0],[0,0]],"o":[[0,0],[0,0]],"v":[[-21.077,31.853],[-22.17,-16.397]],"c":false}]},{"t":195,"s":[{"i":[[-1.557,15.964],[10.066,12.323]],"o":[[1.557,-15.964],[-10.066,-12.323]],"v":[[-19.486,31.999],[-30.912,-17.272]],"c":false}]}]},"nm":"Path 1","hd":false},{"ind":1,"ty":"sh","ks":{"a":1,"k":[{"i":{"x":0.667,"y":1},"o":{"x":0.669,"y":0},"t":60,"s":[{"i":[[-2.123,23.411],[0,0],[7.724,11.945]],"o":[[1.339,-14.767],[0,0],[-7.309,-11.302]],"v":[[-19.43,32.251],[-20.878,5.665],[-30.13,-17.065]],"c":false}]},{"i":{"x":0.13,"y":1},"o":{"x":0.333,"y":0},"t":75,"s":[{"i":[[0,0],[0,0],[0,0]],"o":[[0,0],[0,0],[0,0]],"v":[[18.422,27.92],[-17.27,6.277],[16.231,-18.419]],"c":false}]},{"i":{"x":0.13,"y":1},"o":{"x":0.87,"y":0},"t":175,"s":[{"i":[[0,0],[0,0],[0,0]],"o":[[0,0],[0,0],[0,0]],"v":[[18.422,27.92],[-17.27,6.277],[16.231,-18.419]],"c":false}]},{"t":195,"s":[{"i":[[-2.123,23.411],[0,0],[7.724,11.945]],"o":[[1.339,-14.767],[0,0],[-7.309,-11.302]],"v":[[-19.43,32.251],[-20.878,5.665],[-30.13,-17.065]],"c":false}]}]},"nm":"Path 2","hd":false},{"ty":"st","c":{"a":0,"k":[1,1,1,1]},"o":{"a":0,"k":100},"w":{"a":1,"k":[{"i":{"x":[0.667],"y":[1]},"o":{"x":[0.659],"y":[0]},"t":62,"s":[0]},{"i":{"x":[0.667],"y":[1]},"o":{"x":[0.314],"y":[0]},"t":66.75,"s":[10]},{"i":{"x":[0.25],"y":[1]},"o":{"x":[0.333],"y":[0]},"t":183,"s":[10]},{"t":190,"s":[0]}]},"lc":2,"lj":2,"bm":0,"nm":"Stroke 1","hd":false},{"ty":"tr","p":{"a":0,"k":[0,0]},"a":{"a":0,"k":[0,0]},"s":{"a":0,"k":[100,100]},"r":{"a":0,"k":0},"o":{"a":0,"k":100},"sk":{"a":0,"k":0},"sa":{"a":0,"k":0},"nm":"Transform"}],"nm":"Group 1","bm":0,"hd":false}],"ip":5,"op":305,"st":5,"bm":0},{"ddd":0,"ind":12,"ty":3,"nm":"NULL CONTROL","parent":16,"sr":1,"ks":{"o":{"a":0,"k":0},"r":{"a":0,"k":-15.427},"p":{"a":1,"k":[{"i":{"x":0.667,"y":1},"o":{"x":0.333,"y":0},"t":109,"s":[2.053,2.695,0],"to":[0,0,0],"ti":[0,0,0]},{"i":{"x":0.667,"y":1},"o":{"x":0.333,"y":0},"t":118,"s":[-1.185,-9.04,0],"to":[0,0,0],"ti":[0,0,0]},{"i":{"x":0.667,"y":1},"o":{"x":0.333,"y":0},"t":130,"s":[5.754,16.107,0],"to":[0,0,0],"ti":[0,0,0]},{"t":142,"s":[2.053,2.695,0]}]},"a":{"a":0,"k":[60,60,0]},"s":{"a":0,"k":[86.957,86.957,100]}},"ao":0,"ip":5,"op":305,"st":5,"bm":0},{"ddd":0,"ind":13,"ty":4,"nm":"mask","parent":12,"sr":1,"ks":{"o":{"a":1,"k":[{"t":60,"s":[100],"h":1},{"t":191,"s":[0],"h":1}]},"r":{"a":1,"k":[{"i":{"x":[0.467],"y":[1]},"o":{"x":[0.503],"y":[0]},"t":60,"s":[8.799]},{"i":{"x":[0.13],"y":[1]},"o":{"x":[0.302],"y":[0]},"t":75,"s":[15.331]},{"i":{"x":[0.13],"y":[1]},"o":{"x":[0.87],"y":[0]},"t":175,"s":[15.331]},{"t":195,"s":[8.799]}]},"p":{"a":1,"k":[{"i":{"x":0.467,"y":1},"o":{"x":0.503,"y":0},"t":60,"s":[134.065,62.727,0],"to":[0,0,0],"ti":[0,0,0]},{"i":{"x":0.13,"y":1},"o":{"x":0.362,"y":0},"t":75,"s":[60,60,0],"to":[0,0,0],"ti":[0,0,0]},{"i":{"x":0.13,"y":1},"o":{"x":0.87,"y":0},"t":175,"s":[60,60,0],"to":[0,0,0],"ti":[0,0,0]},{"t":195,"s":[134.065,62.727,0]}]},"s":{"a":1,"k":[{"i":{"x":[0.467,0.467,0.467],"y":[1,1,1]},"o":{"x":[0.503,0.503,0.503],"y":[0,0,0]},"t":60,"s":[69.953,115,100]},{"i":{"x":[0.13,0.13,0.13],"y":[1,1,1]},"o":{"x":[0.302,0.302,0.302],"y":[0,0,0]},"t":75,"s":[115,115,100]},{"i":{"x":[0.13,0.13,0.13],"y":[1,1,1]},"o":{"x":[0.87,0.87,0.87],"y":[0,0,0]},"t":175,"s":[115,115,100]},{"t":195,"s":[69.953,115,100]}]}},"ao":0,"shapes":[{"ty":"gr","it":[{"ind":0,"ty":"sh","ks":{"a":1,"k":[{"i":{"x":0.395,"y":1},"o":{"x":0.34,"y":0},"t":60,"s":[{"i":[[12.621,59.816],[-4.254,1.81],[-10.844,-48.137],[8.351,5.01]],"o":[[-12.656,-59.981],[5.464,-2.325],[12.587,55.872],[-3.791,-2.274]],"v":[[23.202,0.974],[-17.862,-62.891],[30.499,1.195],[-15.474,86.822]],"c":true}]},{"i":{"x":0.13,"y":1},"o":{"x":0.333,"y":0},"t":75,"s":[{"i":[[4.955,42.61],[-48.556,0],[-0.743,-34.187],[35.921,-0.495]],"o":[[-4.767,-40.994],[48.556,0],[0.743,34.187],[-35.921,0.495]],"v":[[-64.804,8.17],[-2.128,-69.123],[65.504,5.198],[7.175,79.488]],"c":true}]},{"i":{"x":0.13,"y":1},"o":{"x":0.87,"y":0},"t":175,"s":[{"i":[[4.955,42.61],[-48.556,0],[-0.743,-34.187],[35.921,-0.495]],"o":[[-4.767,-40.994],[48.556,0],[0.743,34.187],[-35.921,0.495]],"v":[[-64.804,8.17],[-2.128,-69.123],[65.504,5.198],[7.175,79.488]],"c":true}]},{"t":195,"s":[{"i":[[12.621,59.816],[-4.254,1.81],[-10.844,-48.137],[8.351,5.01]],"o":[[-12.656,-59.981],[5.464,-2.325],[12.587,55.872],[-3.791,-2.274]],"v":[[23.202,0.974],[-17.862,-62.891],[30.499,1.195],[-15.474,86.822]],"c":true}]}]},"nm":"Path 1","hd":false},{"ty":"st","c":{"a":0,"k":[0,0,0,1]},"o":{"a":0,"k":100},"w":{"a":0,"k":5},"lc":2,"lj":2,"bm":0,"nm":"Stroke 1","hd":false},{"ty":"gf","o":{"a":0,"k":100},"r":1,"bm":0,"g":{"p":3,"k":{"a":0,"k":[0.367,0.173,0.196,0.216,0.549,0.087,0.098,0.108,0.732,0,0,0]}},"s":{"a":0,"k":[-5.335,-86.237]},"e":{"a":0,"k":[73.164,69.865]},"t":2,"h":{"a":0,"k":0},"a":{"a":0,"k":0},"nm":"asgasgasdgasg","hd":false},{"ty":"tr","p":{"a":0,"k":[0,0]},"a":{"a":0,"k":[0,0]},"s":{"a":0,"k":[100,100]},"r":{"a":0,"k":0},"o":{"a":0,"k":100},"sk":{"a":0,"k":0},"sa":{"a":0,"k":0},"nm":"Transform"}],"nm":"Group 1","bm":0,"hd":false}],"ip":5,"op":305,"st":5,"bm":0},{"ddd":0,"ind":14,"ty":4,"nm":"line","parent":17,"sr":1,"ks":{"o":{"a":1,"k":[{"t":60,"s":[100],"h":1},{"t":191,"s":[0],"h":1}]},"p":{"a":0,"k":[4.699,-11.075,0]}},"ao":0,"shapes":[{"ty":"gr","it":[{"ind":0,"ty":"sh","ks":{"a":1,"k":[{"i":{"x":0.833,"y":0.833},"o":{"x":0.669,"y":0},"t":60,"s":[{"i":[[-6.875,3.715],[-2.414,-28.263]],"o":[[29.299,59.64],[2.142,25.079]],"v":[[63.042,-67.558],[106.189,99.822]],"c":false}]},{"i":{"x":0.667,"y":1},"o":{"x":0.167,"y":0.167},"t":66.75,"s":[{"i":[[-6.875,3.715],[-3.272,-28.072]],"o":[[29.409,53.867],[2.914,24.957]],"v":[[43.212,-69.493],[88.798,101.328]],"c":false}]},{"i":{"x":0.667,"y":1},"o":{"x":0.167,"y":0},"t":75,"s":[{"i":[[-6.875,3.715],[-6.34,-27.39]],"o":[[-1.928,58.694],[5.676,24.522]],"v":[[7.842,-76.486],[26.595,106.713]],"c":false}]},{"i":{"x":0.667,"y":1},"o":{"x":0.167,"y":0},"t":99,"s":[{"i":[[-6.875,3.715],[-6.34,-27.39]],"o":[[-21.199,57.009],[5.676,24.522]],"v":[[8.015,-79.555],[26.595,106.713]],"c":false}]},{"i":{"x":0.667,"y":1},"o":{"x":0.167,"y":0},"t":109,"s":[{"i":[[-6.875,3.715],[-6.34,-27.39]],"o":[[-21.199,57.009],[5.676,24.522]],"v":[[8.015,-79.555],[26.595,106.713]],"c":false}]},{"i":{"x":0.667,"y":1},"o":{"x":0.167,"y":0},"t":118,"s":[{"i":[[-6.875,3.715],[-6.34,-27.39]],"o":[[-10.258,63.334],[5.676,24.522]],"v":[[4.553,-94.532],[26.595,106.713]],"c":false}]},{"i":{"x":0.667,"y":1},"o":{"x":0.167,"y":0},"t":130,"s":[{"i":[[-6.875,3.715],[-6.34,-27.39]],"o":[[-35.697,21],[5.676,24.522]],"v":[[9.212,-60.457],[26.595,106.713]],"c":false}]},{"i":{"x":0.667,"y":1},"o":{"x":0.167,"y":0},"t":142,"s":[{"i":[[-6.875,3.715],[-6.34,-27.39]],"o":[[-21.199,57.009],[5.676,24.522]],"v":[[8.015,-79.555],[26.595,106.713]],"c":false}]},{"i":{"x":0.833,"y":0.833},"o":{"x":0.167,"y":0},"t":175,"s":[{"i":[[-6.875,3.715],[-6.34,-27.39]],"o":[[-21.199,57.009],[5.676,24.522]],"v":[[7.149,-79.481],[26.595,106.713]],"c":false}]},{"i":{"x":0.331,"y":1},"o":{"x":0.167,"y":0.167},"t":185,"s":[{"i":[[-6.875,3.715],[-3.272,-28.072]],"o":[[38.659,52.879],[2.914,24.957]],"v":[[35.181,-72.685],[88.798,101.328]],"c":false}]},{"t":195,"s":[{"i":[[-6.875,3.715],[-2.414,-28.263]],"o":[[29.299,59.64],[2.142,25.079]],"v":[[63.042,-67.558],[106.189,99.822]],"c":false}]}]},"nm":"Path 1","hd":false},{"ty":"st","c":{"a":0,"k":[0,0,0,1]},"o":{"a":0,"k":100},"w":{"a":0,"k":5.46},"lc":2,"lj":2,"bm":0,"nm":"Stroke 1","hd":false},{"ty":"tr","p":{"a":0,"k":[0,0]},"a":{"a":0,"k":[0,0]},"s":{"a":0,"k":[100,100]},"r":{"a":0,"k":0},"o":{"a":0,"k":100},"sk":{"a":0,"k":0},"sa":{"a":0,"k":0},"nm":"Transform"}],"nm":"Group 1","bm":0,"hd":false},{"ty":"tm","s":{"a":0,"k":0},"e":{"a":1,"k":[{"i":{"x":[0.833],"y":[0.833]},"o":{"x":[0.167],"y":[0.167]},"t":60,"s":[89]},{"i":{"x":[0.833],"y":[0.833]},"o":{"x":[0.167],"y":[0.167]},"t":63,"s":[89.7]},{"i":{"x":[0.833],"y":[0.833]},"o":{"x":[0.167],"y":[0.167]},"t":66,"s":[93.4]},{"i":{"x":[0.833],"y":[0.833]},"o":{"x":[0.167],"y":[0.167]},"t":70.5,"s":[98.2]},{"i":{"x":[0.833],"y":[0.833]},"o":{"x":[0.167],"y":[0.167]},"t":72.75,"s":[99.6]},{"i":{"x":[0.833],"y":[0.833]},"o":{"x":[0.167],"y":[0.167]},"t":75,"s":[100]},{"i":{"x":[0.833],"y":[0.833]},"o":{"x":[0.167],"y":[0.167]},"t":175,"s":[100]},{"i":{"x":[0.833],"y":[0.833]},"o":{"x":[0.167],"y":[0.167]},"t":178,"s":[99.6]},{"i":{"x":[0.833],"y":[0.833]},"o":{"x":[0.167],"y":[0.167]},"t":181,"s":[97.2]},{"i":{"x":[0.833],"y":[0.833]},"o":{"x":[0.167],"y":[0.167]},"t":187,"s":[92.4]},{"i":{"x":[0.833],"y":[0.833]},"o":{"x":[0.167],"y":[0.167]},"t":191,"s":[89.7]},{"t":195,"s":[89]}]},"o":{"a":0,"k":0},"m":1,"nm":"Trim Paths 1","hd":false}],"ip":5,"op":305,"st":5,"bm":0},{"ddd":0,"ind":15,"ty":4,"nm":"hand 7","parent":20,"sr":1,"ks":{"r":{"a":1,"k":[{"i":{"x":[0.667],"y":[1]},"o":{"x":[0.333],"y":[0]},"t":75.637,"s":[-58.022]},{"i":{"x":[0.667],"y":[1]},"o":{"x":[0.333],"y":[0]},"t":88.637,"s":[-10.805]},{"i":{"x":[0.667],"y":[1]},"o":{"x":[0.333],"y":[0]},"t":98.092,"s":[-40.488]},{"i":{"x":[0.667],"y":[1]},"o":{"x":[0.333],"y":[0]},"t":175,"s":[-40.488]},{"t":182,"s":[-4.44]}]},"p":{"a":1,"k":[{"i":{"x":0.667,"y":1},"o":{"x":0.333,"y":0},"t":65,"s":[219.726,341.218,0],"to":[0,0,0],"ti":[0,0,0]},{"i":{"x":0.667,"y":1},"o":{"x":0.333,"y":0},"t":88.637,"s":[224.065,358.457,0],"to":[0,0,0],"ti":[0,0,0]},{"i":{"x":0.667,"y":0.667},"o":{"x":0.333,"y":0.333},"t":98.092,"s":[211.895,376.315,0],"to":[0,0,0],"ti":[0,0,0]},{"i":{"x":0.667,"y":1},"o":{"x":0.333,"y":0},"t":175,"s":[211.895,376.315,0],"to":[0,0,0],"ti":[0,0,0]},{"t":182,"s":[219.726,341.218,0]}]},"a":{"a":0,"k":[208.189,378.381,0]},"s":{"a":0,"k":[83.897,100,100]}},"ao":0,"shapes":[{"ty":"gr","it":[{"ind":0,"ty":"sh","ks":{"a":1,"k":[{"i":{"x":0.667,"y":1},"o":{"x":0.333,"y":0},"t":75.637,"s":[{"i":[[0,0],[8.162,0.829],[6.94,5.174],[-0.402,-8.683],[3.089,-3.363],[0.313,4.329],[0.515,-0.128],[5.197,-1.876],[-2.526,1.601],[5.722,-1.542],[0.441,8.869],[-2.641,6.755]],"o":[[28.225,-0.666],[-5.339,-0.542],[-3.589,-2.676],[0.235,5.08],[-5.35,5.825],[-0.709,-9.807],[-1.481,0.367],[-6.203,2.239],[4.167,-2.641],[-4.623,1.246],[-0.423,-8.502],[2.641,-6.755]],"v":[[0.837,-15.354],[18.521,8.892],[11.408,-2.639],[11.093,9.668],[15.981,33.094],[-1.412,19.33],[-1.573,8.908],[8.178,35.796],[-7.662,10.419],[-3.886,33.402],[-14.104,10.413],[-15.512,-8.1]],"c":true}]},{"i":{"x":0.667,"y":1},"o":{"x":0.333,"y":0},"t":88.637,"s":[{"i":[[0,0],[8.162,0.829],[8.552,-1.336],[-3.466,-3.234],[-2.118,-1.337],[4.137,3.09],[0.515,-0.128],[5.197,-1.876],[-2.526,1.601],[5.722,-1.542],[0.441,8.869],[-2.641,6.755]],"o":[[28.225,-0.666],[-5.339,-0.542],[-9.796,1.53],[3.718,3.469],[6.688,4.222],[-7.877,-5.885],[-1.481,0.367],[-6.203,2.239],[4.167,-2.641],[-4.623,1.246],[-0.423,-8.502],[2.641,-6.755]],"v":[[0.837,-15.354],[15.876,10.536],[11.408,-2.639],[6.812,11.152],[14.216,12.354],[1.143,20.986],[-1.573,8.908],[-5.244,37.096],[-7.662,10.419],[-17.308,34.703],[-14.104,10.413],[-15.512,-8.1]],"c":true}]},{"i":{"x":0.667,"y":1},"o":{"x":0.333,"y":0},"t":104,"s":[{"i":[[0,0],[8.162,0.829],[8.651,0.304],[-7.169,-4.93],[-2.118,-1.337],[4.952,1.465],[0.65,-0.128],[6.564,-1.876],[-3.536,0.485],[7.227,-1.542],[1.191,9.336],[-6.65,6.618]],"o":[[28.225,-0.666],[-5.339,-0.542],[-14.231,-0.5],[4.19,2.881],[6.688,4.222],[-16.918,-5.004],[-1.87,0.367],[-7.835,2.239],[3.354,-0.46],[-5.839,1.246],[-1.078,-8.45],[5.34,-5.314]],"v":[[0.837,-15.354],[21.097,11.227],[16.628,-1.947],[6.917,16.258],[19.436,13.046],[4.794,23.134],[-6.617,8.333],[-7.64,36.18],[-16.778,9.987],[-19.235,33.934],[-25.61,11.715],[-18.96,-9.205]],"c":true}]},{"i":{"x":0.667,"y":1},"o":{"x":0.333,"y":0},"t":175,"s":[{"i":[[0,0],[8.162,0.829],[8.651,0.304],[-7.169,-4.93],[-2.118,-1.337],[4.952,1.465],[0.65,-0.128],[6.564,-1.876],[-3.536,0.485],[7.227,-1.542],[1.191,9.336],[-6.65,6.618]],"o":[[28.225,-0.666],[-5.339,-0.542],[-14.231,-0.5],[4.19,2.881],[6.688,4.222],[-16.918,-5.004],[-1.87,0.367],[-7.835,2.239],[3.354,-0.46],[-5.839,1.246],[-1.078,-8.45],[5.34,-5.314]],"v":[[0.837,-15.354],[21.097,11.227],[16.628,-1.947],[6.917,16.258],[19.436,13.046],[4.794,23.134],[-6.617,8.333],[-7.64,36.18],[-16.778,9.987],[-19.235,33.934],[-25.61,11.715],[-18.96,-9.205]],"c":true}]},{"t":182,"s":[{"i":[[0,0],[8.162,0.829],[6.94,5.174],[-0.402,-8.683],[3.089,-3.363],[0.313,4.329],[0.515,-0.128],[5.197,-1.876],[-2.526,1.601],[5.722,-1.542],[0.441,8.869],[-2.641,6.755]],"o":[[28.225,-0.666],[-5.339,-0.542],[-3.589,-2.676],[0.235,5.08],[-5.35,5.825],[-0.709,-9.807],[-1.481,0.367],[-6.203,2.239],[4.167,-2.641],[-4.623,1.246],[-0.423,-8.502],[2.641,-6.755]],"v":[[0.837,-15.354],[18.521,8.892],[11.408,-2.639],[11.093,9.668],[15.981,33.094],[-1.412,19.33],[-1.573,8.908],[8.178,35.796],[-7.662,10.419],[-3.886,33.402],[-14.104,10.413],[-15.512,-8.1]],"c":true}]}]},"nm":"Path 1","hd":false},{"ty":"st","c":{"a":0,"k":[0,0,0,1]},"o":{"a":0,"k":100},"w":{"a":0,"k":2.184},"lc":2,"lj":2,"bm":0,"nm":"Stroke 1","hd":false},{"ty":"fl","c":{"a":0,"k":[0,0,0,1]},"o":{"a":0,"k":100},"r":1,"bm":0,"nm":"Fill 1","hd":false},{"ty":"tr","p":{"a":0,"k":[208.253,388.502]},"a":{"a":0,"k":[0,0]},"s":{"a":0,"k":[100,100]},"r":{"a":0,"k":0},"o":{"a":0,"k":100},"sk":{"a":0,"k":0},"sa":{"a":0,"k":0},"nm":"Transform"}],"nm":"Group 2","bm":0,"hd":false}],"ip":93,"op":175,"st":5,"bm":0},{"ddd":0,"ind":16,"ty":4,"nm":"hood","parent":17,"sr":1,"ks":{"r":{"a":1,"k":[{"i":{"x":[0.667],"y":[1]},"o":{"x":[0.333],"y":[0]},"t":68,"s":[0.676]},{"i":{"x":[0.667],"y":[1]},"o":{"x":[0.333],"y":[0]},"t":88,"s":[18.813]},{"i":{"x":[0.667],"y":[1]},"o":{"x":[0.17],"y":[0]},"t":102,"s":[10.539]},{"i":{"x":[0.13],"y":[1]},"o":{"x":[0.17],"y":[0]},"t":175,"s":[10.539]},{"t":195,"s":[0.676]}]},"p":{"a":1,"k":[{"i":{"x":0.467,"y":1},"o":{"x":0.503,"y":0},"t":65,"s":[2.693,-78.244,0],"to":[0,0,0],"ti":[0,0,0]},{"i":{"x":0.13,"y":1},"o":{"x":0.362,"y":0},"t":85,"s":[-7.596,-77.365,0],"to":[0,0,0],"ti":[0,0,0]},{"i":{"x":0.13,"y":1},"o":{"x":0.87,"y":0},"t":175,"s":[-7.596,-77.365,0],"to":[0,0,0],"ti":[0,0,0]},{"t":195,"s":[2.693,-78.244,0]}]},"a":{"a":0,"k":[1.621,76.821,0]}},"ao":0,"shapes":[{"ty":"gr","it":[{"ind":0,"ty":"sh","ks":{"a":1,"k":[{"i":{"x":0.667,"y":1},"o":{"x":0.333,"y":0},"t":69,"s":[{"i":[[-1.082,96.279],[-53.282,5.362],[-5.113,-24.302],[70.316,-25.422]],"o":[[0.549,-48.869],[64.204,-6.461],[3.189,15.157],[-70.316,25.422]],"v":[[-87.559,-2.281],[-7.767,-84.074],[79.591,-25.98],[39.578,90.978]],"c":true}]},{"i":{"x":0.667,"y":1},"o":{"x":0.333,"y":0},"t":79,"s":[{"i":[[-1.082,96.279],[-100.332,10.582],[-5.113,-24.302],[70.316,-25.422]],"o":[[0.549,-48.869],[64.172,-6.768],[3.189,15.157],[-70.316,25.422]],"v":[[-87.559,-2.281],[-7.767,-84.074],[77.933,-25.136],[39.578,90.978]],"c":true}]},{"i":{"x":0.833,"y":0.833},"o":{"x":0.333,"y":0},"t":89,"s":[{"i":[[-1.082,96.279],[-53.282,5.362],[-5.113,-24.302],[70.316,-25.422]],"o":[[0.549,-48.869],[64.204,-6.461],[3.189,15.157],[-70.316,25.422]],"v":[[-98.231,-1.605],[-7.767,-84.074],[79.591,-25.98],[39.578,90.978]],"c":true}]},{"i":{"x":0.833,"y":0.833},"o":{"x":0.167,"y":0.167},"t":109,"s":[{"i":[[-1.082,96.279],[-53.282,5.362],[-5.113,-24.302],[70.316,-25.422]],"o":[[0.549,-48.869],[64.204,-6.461],[3.189,15.157],[-70.316,25.422]],"v":[[-98.231,-1.605],[-7.767,-84.074],[79.591,-25.98],[39.578,90.978]],"c":true}]},{"i":{"x":0.833,"y":0.833},"o":{"x":0.167,"y":0.167},"t":118,"s":[{"i":[[-1.082,96.279],[-53.282,5.362],[-5.113,-24.302],[70.316,-25.422]],"o":[[0.549,-48.869],[64.204,-6.461],[3.189,15.157],[-70.316,25.422]],"v":[[-96.872,6.59],[-7.739,-87.24],[80.95,-17.786],[39.578,90.978]],"c":true}]},{"i":{"x":0.833,"y":0.833},"o":{"x":0.167,"y":0.167},"t":130,"s":[{"i":[[-1.082,96.279],[-35.006,4.554],[-5.113,-24.302],[70.316,-25.422]],"o":[[0.549,-48.869],[49.078,-6.384],[3.189,15.157],[-70.316,25.422]],"v":[[-97.552,2.493],[-23.102,-92.246],[80.27,-21.883],[39.578,90.978]],"c":true}]},{"i":{"x":0.13,"y":1},"o":{"x":0.167,"y":0.167},"t":142,"s":[{"i":[[-1.082,96.279],[-53.282,5.362],[-5.113,-24.302],[70.316,-25.422]],"o":[[0.549,-48.869],[64.204,-6.461],[3.189,15.157],[-70.316,25.422]],"v":[[-98.231,-1.605],[-7.767,-84.074],[79.591,-25.98],[39.578,90.978]],"c":true}]},{"i":{"x":0.667,"y":1},"o":{"x":0.87,"y":0},"t":179,"s":[{"i":[[-1.082,96.279],[-53.282,5.362],[-5.113,-24.302],[70.316,-25.422]],"o":[[0.549,-48.869],[64.204,-6.461],[3.189,15.157],[-70.316,25.422]],"v":[[-98.231,-1.605],[-7.767,-84.074],[79.591,-25.98],[39.578,90.978]],"c":true}]},{"i":{"x":0.13,"y":1},"o":{"x":0.333,"y":0},"t":189,"s":[{"i":[[-1.082,96.279],[-100.332,10.582],[-5.113,-24.302],[70.316,-25.422]],"o":[[0.549,-48.869],[64.172,-6.768],[3.189,15.157],[-70.316,25.422]],"v":[[-87.559,-2.281],[-7.767,-84.074],[77.933,-25.136],[39.578,90.978]],"c":true}]},{"t":199,"s":[{"i":[[-1.082,96.279],[-53.282,5.362],[-5.113,-24.302],[70.316,-25.422]],"o":[[0.549,-48.869],[64.204,-6.461],[3.189,15.157],[-70.316,25.422]],"v":[[-87.559,-2.281],[-7.767,-84.074],[79.591,-25.98],[39.578,90.978]],"c":true}]}]},"nm":"Path 1","hd":false},{"ty":"gf","o":{"a":0,"k":100},"r":1,"bm":0,"g":{"p":3,"k":{"a":0,"k":[0,0.654,0,0.268,0.5,0.76,0.022,0.324,1,0.867,0.043,0.38]}},"s":{"a":0,"k":[-52.125,90.317]},"e":{"a":0,"k":[44.141,-14.129]},"t":1,"nm":"Gradient Fill 1","hd":false},{"ty":"tr","p":{"a":0,"k":[0,0]},"a":{"a":0,"k":[0,0]},"s":{"a":0,"k":[100,100]},"r":{"a":0,"k":0},"o":{"a":0,"k":100},"sk":{"a":0,"k":0},"sa":{"a":0,"k":0},"nm":"Transform"}],"nm":"Group 1","bm":0,"hd":false}],"ip":5,"op":305,"st":5,"bm":0},{"ddd":0,"ind":17,"ty":4,"nm":"body","parent":1,"sr":1,"ks":{"r":{"a":0,"k":4.888},"p":{"a":0,"k":[147.833,60,0]},"a":{"a":0,"k":[13.631,102.547,0]},"s":{"a":1,"k":[{"i":{"x":[0.667,0.667,0.667],"y":[1,1,1]},"o":{"x":[0.333,0.333,0.333],"y":[0,0,0]},"t":60,"s":[115,115,100]},{"i":{"x":[0.667,0.667,0.667],"y":[1,1,1]},"o":{"x":[0.333,0.333,0.333],"y":[0,0,0]},"t":69.188,"s":[125,105,100]},{"i":{"x":[0.667,0.667,0.667],"y":[1,1,1]},"o":{"x":[0.333,0.333,0.333],"y":[0,0,0]},"t":81,"s":[115,115,100]},{"i":{"x":[0.667,0.667,0.667],"y":[1,1,1]},"o":{"x":[0.333,0.333,0.333],"y":[0,0,0]},"t":175,"s":[115,115,100]},{"i":{"x":[0.667,0.667,0.667],"y":[1,1,1]},"o":{"x":[0.333,0.333,0.333],"y":[0,0,0]},"t":189,"s":[125,105,100]},{"t":207,"s":[115,115,100]}]}},"ao":0,"shapes":[{"ty":"gr","it":[{"ind":0,"ty":"sh","ks":{"a":0,"k":{"i":[[-36.801,5.753],[-17.196,-44.789],[-0.583,-26.363],[0.502,37.023],[-4.848,28.068]],"o":[[70.023,-10.946],[17.196,44.789],[0.583,26.363],[-0.502,-37.023],[4.848,-28.068]],"v":[[-2.862,-80.996],[82.611,-40.096],[110.203,67.974],[-80.713,84.474],[-80.655,-16.219]],"c":true}},"nm":"Path 1","hd":false},{"ty":"gf","o":{"a":0,"k":100},"r":1,"bm":0,"g":{"p":3,"k":{"a":0,"k":[0,0.654,0,0.268,0.5,0.76,0.022,0.324,1,0.867,0.043,0.38]}},"s":{"a":0,"k":[2.935,6.452]},"e":{"a":0,"k":[99.699,-34.179]},"t":1,"nm":"dead1","hd":false},{"ty":"tr","p":{"a":0,"k":[0,0]},"a":{"a":0,"k":[0,0]},"s":{"a":0,"k":[100,100]},"r":{"a":0,"k":0},"o":{"a":0,"k":100},"sk":{"a":0,"k":0},"sa":{"a":0,"k":0},"nm":"Transform"}],"nm":"Group 1","bm":0,"hd":false}],"ip":5,"op":305,"st":5,"bm":0},{"ddd":0,"ind":18,"ty":4,"nm":"hand 8","parent":20,"sr":1,"ks":{"r":{"a":1,"k":[{"i":{"x":[0.667],"y":[1]},"o":{"x":[0.333],"y":[0]},"t":75.637,"s":[-58.022]},{"i":{"x":[0.667],"y":[1]},"o":{"x":[0.333],"y":[0]},"t":88.637,"s":[-10.805]},{"i":{"x":[0.667],"y":[1]},"o":{"x":[0.333],"y":[0]},"t":98.092,"s":[-40.488]},{"i":{"x":[0.667],"y":[1]},"o":{"x":[0.333],"y":[0]},"t":175,"s":[-40.488]},{"t":182,"s":[-4.44]}]},"p":{"a":1,"k":[{"i":{"x":0.667,"y":1},"o":{"x":0.333,"y":0},"t":65,"s":[219.726,341.218,0],"to":[0,0,0],"ti":[0,0,0]},{"i":{"x":0.667,"y":1},"o":{"x":0.333,"y":0},"t":88.637,"s":[224.065,358.457,0],"to":[0,0,0],"ti":[0,0,0]},{"i":{"x":0.667,"y":0.667},"o":{"x":0.333,"y":0.333},"t":98.092,"s":[211.895,376.315,0],"to":[0,0,0],"ti":[0,0,0]},{"i":{"x":0.667,"y":1},"o":{"x":0.333,"y":0},"t":175,"s":[211.895,376.315,0],"to":[0,0,0],"ti":[0,0,0]},{"t":182,"s":[219.726,341.218,0]}]},"a":{"a":0,"k":[208.189,378.381,0]},"s":{"a":0,"k":[83.897,100,100]}},"ao":0,"shapes":[{"ty":"gr","it":[{"ind":0,"ty":"sh","ks":{"a":1,"k":[{"i":{"x":0.667,"y":1},"o":{"x":0.333,"y":0},"t":75.637,"s":[{"i":[[0,0],[8.162,0.829],[6.94,5.174],[-0.402,-8.683],[3.089,-3.363],[0.313,4.329],[0.515,-0.128],[5.197,-1.876],[-2.526,1.601],[5.722,-1.542],[0.441,8.869],[-2.641,6.755]],"o":[[28.225,-0.666],[-5.339,-0.542],[-3.589,-2.676],[0.235,5.08],[-5.35,5.825],[-0.709,-9.807],[-1.481,0.367],[-6.203,2.239],[4.167,-2.641],[-4.623,1.246],[-0.423,-8.502],[2.641,-6.755]],"v":[[0.837,-15.354],[18.521,8.892],[11.408,-2.639],[11.093,9.668],[15.981,33.094],[-1.412,19.33],[-1.573,8.908],[8.178,35.796],[-7.662,10.419],[-3.886,33.402],[-14.104,10.413],[-15.512,-8.1]],"c":true}]},{"i":{"x":0.667,"y":1},"o":{"x":0.333,"y":0},"t":88.637,"s":[{"i":[[0,0],[8.162,0.829],[8.552,-1.336],[-3.466,-3.234],[-2.118,-1.337],[4.137,3.09],[0.515,-0.128],[5.197,-1.876],[-2.526,1.601],[5.722,-1.542],[0.441,8.869],[-2.641,6.755]],"o":[[28.225,-0.666],[-5.339,-0.542],[-9.796,1.53],[3.718,3.469],[6.688,4.222],[-7.877,-5.885],[-1.481,0.367],[-6.203,2.239],[4.167,-2.641],[-4.623,1.246],[-0.423,-8.502],[2.641,-6.755]],"v":[[0.837,-15.354],[15.876,10.536],[11.408,-2.639],[6.812,11.152],[14.216,12.354],[1.143,20.986],[-1.573,8.908],[-5.244,37.096],[-7.662,10.419],[-17.308,34.703],[-14.104,10.413],[-15.512,-8.1]],"c":true}]},{"i":{"x":0.667,"y":1},"o":{"x":0.333,"y":0},"t":104,"s":[{"i":[[0,0],[8.162,0.829],[8.651,0.304],[-7.169,-4.93],[-2.118,-1.337],[4.952,1.465],[0.65,-0.128],[6.564,-1.876],[-3.536,0.485],[7.227,-1.542],[1.191,9.336],[-6.65,6.618]],"o":[[28.225,-0.666],[-5.339,-0.542],[-14.231,-0.5],[4.19,2.881],[6.688,4.222],[-16.918,-5.004],[-1.87,0.367],[-7.835,2.239],[3.354,-0.46],[-5.839,1.246],[-1.078,-8.45],[5.34,-5.314]],"v":[[0.837,-15.354],[21.097,11.227],[16.628,-1.947],[6.917,16.258],[19.436,13.046],[4.794,23.134],[-6.617,8.333],[-7.64,36.18],[-16.778,9.987],[-19.235,33.934],[-25.61,11.715],[-18.96,-9.205]],"c":true}]},{"i":{"x":0.667,"y":1},"o":{"x":0.333,"y":0},"t":175,"s":[{"i":[[0,0],[8.162,0.829],[8.651,0.304],[-7.169,-4.93],[-2.118,-1.337],[4.952,1.465],[0.65,-0.128],[6.564,-1.876],[-3.536,0.485],[7.227,-1.542],[1.191,9.336],[-6.65,6.618]],"o":[[28.225,-0.666],[-5.339,-0.542],[-14.231,-0.5],[4.19,2.881],[6.688,4.222],[-16.918,-5.004],[-1.87,0.367],[-7.835,2.239],[3.354,-0.46],[-5.839,1.246],[-1.078,-8.45],[5.34,-5.314]],"v":[[0.837,-15.354],[21.097,11.227],[16.628,-1.947],[6.917,16.258],[19.436,13.046],[4.794,23.134],[-6.617,8.333],[-7.64,36.18],[-16.778,9.987],[-19.235,33.934],[-25.61,11.715],[-18.96,-9.205]],"c":true}]},{"t":182,"s":[{"i":[[0,0],[8.162,0.829],[6.94,5.174],[-0.402,-8.683],[3.089,-3.363],[0.313,4.329],[0.515,-0.128],[5.197,-1.876],[-2.526,1.601],[5.722,-1.542],[0.441,8.869],[-2.641,6.755]],"o":[[28.225,-0.666],[-5.339,-0.542],[-3.589,-2.676],[0.235,5.08],[-5.35,5.825],[-0.709,-9.807],[-1.481,0.367],[-6.203,2.239],[4.167,-2.641],[-4.623,1.246],[-0.423,-8.502],[2.641,-6.755]],"v":[[0.837,-15.354],[18.521,8.892],[11.408,-2.639],[11.093,9.668],[15.981,33.094],[-1.412,19.33],[-1.573,8.908],[8.178,35.796],[-7.662,10.419],[-3.886,33.402],[-14.104,10.413],[-15.512,-8.1]],"c":true}]}]},"nm":"Path 1","hd":false},{"ty":"st","c":{"a":0,"k":[0,0,0,1]},"o":{"a":0,"k":100},"w":{"a":0,"k":2.184},"lc":2,"lj":2,"bm":0,"nm":"Stroke 1","hd":false},{"ty":"fl","c":{"a":0,"k":[0,0,0,1]},"o":{"a":0,"k":100},"r":1,"bm":0,"nm":"Fill 1","hd":false},{"ty":"tr","p":{"a":0,"k":[208.253,388.502]},"a":{"a":0,"k":[0,0]},"s":{"a":0,"k":[100,100]},"r":{"a":0,"k":0},"o":{"a":0,"k":100},"sk":{"a":0,"k":0},"sa":{"a":0,"k":0},"nm":"Transform"}],"nm":"Group 2","bm":0,"hd":false}],"ip":175,"op":305,"st":5,"bm":0},{"ddd":0,"ind":19,"ty":4,"nm":"hand 6","parent":20,"sr":1,"ks":{"r":{"a":1,"k":[{"i":{"x":[0.667],"y":[1]},"o":{"x":[0.333],"y":[0]},"t":75.637,"s":[-58.022]},{"i":{"x":[0.667],"y":[1]},"o":{"x":[0.333],"y":[0]},"t":88.637,"s":[-10.805]},{"i":{"x":[0.667],"y":[1]},"o":{"x":[0.333],"y":[0]},"t":98.092,"s":[-40.488]},{"i":{"x":[0.667],"y":[1]},"o":{"x":[0.333],"y":[0]},"t":175,"s":[-40.488]},{"t":182,"s":[-4.44]}]},"p":{"a":1,"k":[{"i":{"x":0.667,"y":1},"o":{"x":0.333,"y":0},"t":65,"s":[219.726,341.218,0],"to":[0,0,0],"ti":[0,0,0]},{"i":{"x":0.667,"y":1},"o":{"x":0.333,"y":0},"t":88.637,"s":[224.065,358.457,0],"to":[0,0,0],"ti":[0,0,0]},{"i":{"x":0.667,"y":0.667},"o":{"x":0.333,"y":0.333},"t":98.092,"s":[211.895,376.315,0],"to":[0,0,0],"ti":[0,0,0]},{"i":{"x":0.667,"y":1},"o":{"x":0.333,"y":0},"t":175,"s":[211.895,376.315,0],"to":[0,0,0],"ti":[0,0,0]},{"t":182,"s":[219.726,341.218,0]}]},"a":{"a":0,"k":[208.189,378.381,0]},"s":{"a":0,"k":[83.897,100,100]}},"ao":0,"shapes":[{"ty":"gr","it":[{"ind":0,"ty":"sh","ks":{"a":1,"k":[{"i":{"x":0.667,"y":1},"o":{"x":0.333,"y":0},"t":75.637,"s":[{"i":[[0,0],[8.162,0.829],[6.94,5.174],[-0.402,-8.683],[3.089,-3.363],[0.313,4.329],[0.515,-0.128],[5.197,-1.876],[-2.526,1.601],[5.722,-1.542],[0.441,8.869],[-2.641,6.755]],"o":[[28.225,-0.666],[-5.339,-0.542],[-3.589,-2.676],[0.235,5.08],[-5.35,5.825],[-0.709,-9.807],[-1.481,0.367],[-6.203,2.239],[4.167,-2.641],[-4.623,1.246],[-0.423,-8.502],[2.641,-6.755]],"v":[[0.837,-15.354],[18.521,8.892],[11.408,-2.639],[11.093,9.668],[15.981,33.094],[-1.412,19.33],[-1.573,8.908],[8.178,35.796],[-7.662,10.419],[-3.886,33.402],[-14.104,10.413],[-15.512,-8.1]],"c":true}]},{"i":{"x":0.667,"y":1},"o":{"x":0.333,"y":0},"t":88.637,"s":[{"i":[[0,0],[8.162,0.829],[8.552,-1.336],[-3.466,-3.234],[-2.118,-1.337],[4.137,3.09],[0.515,-0.128],[5.197,-1.876],[-2.526,1.601],[5.722,-1.542],[0.441,8.869],[-2.641,6.755]],"o":[[28.225,-0.666],[-5.339,-0.542],[-9.796,1.53],[3.718,3.469],[6.688,4.222],[-7.877,-5.885],[-1.481,0.367],[-6.203,2.239],[4.167,-2.641],[-4.623,1.246],[-0.423,-8.502],[2.641,-6.755]],"v":[[0.837,-15.354],[15.876,10.536],[11.408,-2.639],[6.812,11.152],[14.216,12.354],[1.143,20.986],[-1.573,8.908],[-5.244,37.096],[-7.662,10.419],[-17.308,34.703],[-14.104,10.413],[-15.512,-8.1]],"c":true}]},{"i":{"x":0.667,"y":1},"o":{"x":0.333,"y":0},"t":104,"s":[{"i":[[0,0],[8.162,0.829],[8.651,0.304],[-7.169,-4.93],[-2.118,-1.337],[4.952,1.465],[0.65,-0.128],[6.564,-1.876],[-3.536,0.485],[7.227,-1.542],[1.191,9.336],[-6.65,6.618]],"o":[[28.225,-0.666],[-5.339,-0.542],[-14.231,-0.5],[4.19,2.881],[6.688,4.222],[-16.918,-5.004],[-1.87,0.367],[-7.835,2.239],[3.354,-0.46],[-5.839,1.246],[-1.078,-8.45],[5.34,-5.314]],"v":[[0.837,-15.354],[21.097,11.227],[16.628,-1.947],[6.917,16.258],[19.436,13.046],[4.794,23.134],[-6.617,8.333],[-7.64,36.18],[-16.778,9.987],[-19.235,33.934],[-25.61,11.715],[-18.96,-9.205]],"c":true}]},{"i":{"x":0.667,"y":1},"o":{"x":0.333,"y":0},"t":175,"s":[{"i":[[0,0],[8.162,0.829],[8.651,0.304],[-7.169,-4.93],[-2.118,-1.337],[4.952,1.465],[0.65,-0.128],[6.564,-1.876],[-3.536,0.485],[7.227,-1.542],[1.191,9.336],[-6.65,6.618]],"o":[[28.225,-0.666],[-5.339,-0.542],[-14.231,-0.5],[4.19,2.881],[6.688,4.222],[-16.918,-5.004],[-1.87,0.367],[-7.835,2.239],[3.354,-0.46],[-5.839,1.246],[-1.078,-8.45],[5.34,-5.314]],"v":[[0.837,-15.354],[21.097,11.227],[16.628,-1.947],[6.917,16.258],[19.436,13.046],[4.794,23.134],[-6.617,8.333],[-7.64,36.18],[-16.778,9.987],[-19.235,33.934],[-25.61,11.715],[-18.96,-9.205]],"c":true}]},{"t":182,"s":[{"i":[[0,0],[8.162,0.829],[6.94,5.174],[-0.402,-8.683],[3.089,-3.363],[0.313,4.329],[0.515,-0.128],[5.197,-1.876],[-2.526,1.601],[5.722,-1.542],[0.441,8.869],[-2.641,6.755]],"o":[[28.225,-0.666],[-5.339,-0.542],[-3.589,-2.676],[0.235,5.08],[-5.35,5.825],[-0.709,-9.807],[-1.481,0.367],[-6.203,2.239],[4.167,-2.641],[-4.623,1.246],[-0.423,-8.502],[2.641,-6.755]],"v":[[0.837,-15.354],[18.521,8.892],[11.408,-2.639],[11.093,9.668],[15.981,33.094],[-1.412,19.33],[-1.573,8.908],[8.178,35.796],[-7.662,10.419],[-3.886,33.402],[-14.104,10.413],[-15.512,-8.1]],"c":true}]}]},"nm":"Path 1","hd":false},{"ty":"st","c":{"a":0,"k":[0,0,0,1]},"o":{"a":0,"k":100},"w":{"a":0,"k":2.184},"lc":2,"lj":2,"bm":0,"nm":"Stroke 1","hd":false},{"ty":"fl","c":{"a":0,"k":[0,0,0,1]},"o":{"a":0,"k":100},"r":1,"bm":0,"nm":"Fill 1","hd":false},{"ty":"tr","p":{"a":0,"k":[208.253,388.502]},"a":{"a":0,"k":[0,0]},"s":{"a":0,"k":[100,100]},"r":{"a":0,"k":0},"o":{"a":0,"k":100},"sk":{"a":0,"k":0},"sa":{"a":0,"k":0},"nm":"Transform"}],"nm":"Group 2","bm":0,"hd":false}],"ip":5,"op":93,"st":5,"bm":0},{"ddd":0,"ind":20,"ty":4,"nm":"hand","parent":17,"sr":1,"ks":{"r":{"a":1,"k":[{"i":{"x":[0.833],"y":[0.833]},"o":{"x":[0.333],"y":[0]},"t":69.727,"s":[-174.208]},{"i":{"x":[0.667],"y":[1]},"o":{"x":[0.167],"y":[0.167]},"t":93.363,"s":[-134.357]},{"t":102.818359375,"s":[-146.458]}]},"p":{"a":1,"k":[{"i":{"x":0.667,"y":1},"o":{"x":0.333,"y":0},"t":65,"s":[-2.539,-41.1,0],"to":[0,0,0],"ti":[0,0,0]},{"i":{"x":0.667,"y":0.667},"o":{"x":0.333,"y":0.333},"t":88.637,"s":[56.906,-60.366,0],"to":[0,0,0],"ti":[0,0,0]},{"i":{"x":0.667,"y":1},"o":{"x":0.333,"y":0},"t":175,"s":[56.906,-60.366,0],"to":[0,0,0],"ti":[0,0,0]},{"t":182,"s":[0.428,-33.495,0]}]},"a":{"a":0,"k":[236.495,308.621,0]}},"ao":0,"shapes":[{"ty":"gr","it":[{"ind":0,"ty":"sh","ks":{"a":1,"k":[{"i":{"x":0.833,"y":0.833},"o":{"x":0.333,"y":0},"t":69.727,"s":[{"i":[[-11.67,-61.868],[39.605,13.247],[-6.86,-11.344],[16.742,7.492],[5.522,22.293]],"o":[[3.888,20.612],[0.558,-3.127],[19.604,32.42],[-16.742,-7.492],[-5.522,-22.293]],"v":[[66.47,-28.256],[15.388,-13.342],[36.904,-15.349],[8.679,17.152],[-24.979,-22.735]],"c":true}]},{"i":{"x":0.667,"y":1},"o":{"x":0.167,"y":0.167},"t":93.363,"s":[{"i":[[-11.67,-61.868],[39.605,13.247],[-6.86,-11.344],[8.07,8.933],[6.942,24.678]],"o":[[3.888,20.612],[7.734,-3.236],[19.604,32.42],[-14.105,-12.156],[-9.823,-34.48]],"v":[[66.47,-28.256],[15.388,-13.342],[37.216,5.247],[8.99,37.749],[-28.22,-17.898]],"c":true}]},{"i":{"x":0.667,"y":1},"o":{"x":0.333,"y":0},"t":102.818,"s":[{"i":[[-11.67,-61.868],[39.605,13.247],[-6.86,-11.344],[8.07,8.933],[6.942,24.678]],"o":[[3.888,20.612],[5.4,16.003],[19.604,32.42],[-14.105,-12.156],[-9.823,-34.48]],"v":[[66.47,-28.256],[15.388,-13.342],[31.205,14.941],[2.979,47.443],[-28.22,-17.898]],"c":true}]},{"i":{"x":0.667,"y":1},"o":{"x":0.333,"y":0},"t":175,"s":[{"i":[[-11.67,-61.868],[39.605,13.247],[-6.86,-11.344],[8.07,8.933],[6.942,24.678]],"o":[[3.888,20.612],[5.4,16.003],[19.604,32.42],[-14.105,-12.156],[-9.823,-34.48]],"v":[[66.47,-28.256],[15.388,-13.342],[31.205,14.941],[2.979,47.443],[-28.22,-17.898]],"c":true}]},{"t":182,"s":[{"i":[[-11.67,-61.868],[39.605,13.247],[-6.86,-11.344],[16.742,7.492],[5.522,22.293]],"o":[[3.888,20.612],[0.558,-3.127],[19.604,32.42],[-16.742,-7.492],[-5.522,-22.293]],"v":[[66.47,-28.256],[15.388,-13.342],[36.904,-15.349],[8.679,17.152],[-24.979,-22.735]],"c":true}]}]},"nm":"Path 1","hd":false},{"ty":"gf","o":{"a":0,"k":100},"r":1,"bm":0,"g":{"p":3,"k":{"a":0,"k":[0,0.654,0,0.268,0.5,0.76,0.022,0.324,1,0.867,0.043,0.38]}},"s":{"a":0,"k":[-18.287,-57.647]},"e":{"a":0,"k":[-0.148,16.419]},"t":1,"nm":"ahasasfa","hd":false},{"ty":"tr","p":{"a":0,"k":[185.748,336.099]},"a":{"a":0,"k":[0,0]},"s":{"a":0,"k":[100,100]},"r":{"a":0,"k":0},"o":{"a":0,"k":100},"sk":{"a":0,"k":0},"sa":{"a":0,"k":0},"nm":"Transform"}],"nm":"Group 1","bm":0,"hd":false}],"ip":5,"op":305,"st":5,"bm":0},{"ddd":0,"ind":21,"ty":4,"nm":"hood 3","parent":6,"sr":1,"ks":{"p":{"a":0,"k":[1.621,76.821,0]},"a":{"a":0,"k":[1.621,76.821,0]}},"ao":0,"shapes":[{"ty":"gr","it":[{"ind":0,"ty":"sh","ks":{"a":1,"k":[{"i":{"x":0.667,"y":1},"o":{"x":0.333,"y":0},"t":60,"s":[{"i":[[7.405,100.475],[-84.261,6.431],[-5.113,-24.302],[70.316,-25.422]],"o":[[-3.592,-48.74],[64.341,-4.91],[3.189,15.157],[-70.316,25.422]],"v":[[-87.559,-2.281],[-7.767,-84.074],[79.591,-25.98],[39.578,90.978]],"c":true}]},{"i":{"x":0.667,"y":1},"o":{"x":0.333,"y":0},"t":70,"s":[{"i":[[49.033,65.81],[-53.286,5.32],[-6.681,-19.421],[71.391,-22.224]],"o":[[-33.291,-44.682],[58.578,-5.848],[5.039,14.646],[-138.582,43.14]],"v":[[-92.835,-8.467],[-7.767,-84.074],[77.235,-28.561],[32.723,92.611]],"c":true}]},{"i":{"x":0.667,"y":1},"o":{"x":0.333,"y":0},"t":80,"s":[{"i":[[-1.082,96.279],[-53.282,5.362],[-5.113,-24.302],[70.316,-25.422]],"o":[[0.549,-48.869],[64.204,-6.461],[3.189,15.157],[-70.316,25.422]],"v":[[-87.559,-2.281],[-7.767,-84.074],[79.591,-25.98],[39.578,90.978]],"c":true}]},{"i":{"x":0.667,"y":1},"o":{"x":0.333,"y":0},"t":86,"s":[{"i":[[-0.248,96.284],[-45.184,3.931],[-11.058,-36.211],[70.316,-25.422]],"o":[[0.152,-59.015],[56.898,-4.95],[4.524,14.813],[-70.316,25.422]],"v":[[-87.559,-2.281],[-9.23,-86.309],[79.591,-25.98],[39.578,90.978]],"c":true}]},{"i":{"x":0.667,"y":1},"o":{"x":0.333,"y":0},"t":92,"s":[{"i":[[-1.082,96.279],[-53.282,5.362],[-5.113,-24.302],[70.316,-25.422]],"o":[[0.549,-48.869],[64.204,-6.461],[3.189,15.157],[-70.316,25.422]],"v":[[-87.559,-2.281],[-11.397,-90.792],[79.591,-25.98],[39.578,90.978]],"c":true}]},{"i":{"x":0.667,"y":1},"o":{"x":0.333,"y":0},"t":98,"s":[{"i":[[-0.248,96.284],[-45.184,3.931],[-11.058,-36.211],[70.316,-25.422]],"o":[[0.152,-59.015],[56.898,-4.95],[4.524,14.813],[-70.316,25.422]],"v":[[-87.559,-2.281],[-9.23,-86.309],[79.591,-25.98],[39.578,90.978]],"c":true}]},{"i":{"x":0.667,"y":1},"o":{"x":0.333,"y":0},"t":104,"s":[{"i":[[-1.082,96.279],[-53.282,5.362],[-5.113,-24.302],[70.316,-25.422]],"o":[[0.549,-48.869],[64.204,-6.461],[3.189,15.157],[-70.316,25.422]],"v":[[-87.559,-2.281],[-11.397,-90.792],[79.591,-25.98],[39.578,90.978]],"c":true}]},{"i":{"x":0.667,"y":1},"o":{"x":0.333,"y":0},"t":110,"s":[{"i":[[-0.248,96.284],[-45.184,3.931],[-11.058,-36.211],[70.316,-25.422]],"o":[[0.152,-59.015],[56.898,-4.95],[4.524,14.813],[-70.316,25.422]],"v":[[-87.559,-2.281],[-9.23,-86.309],[79.591,-25.98],[39.578,90.978]],"c":true}]},{"i":{"x":0.667,"y":1},"o":{"x":0.333,"y":0},"t":116,"s":[{"i":[[-1.082,96.279],[-53.282,5.362],[-5.113,-24.302],[70.316,-25.422]],"o":[[0.549,-48.869],[64.204,-6.461],[3.189,15.157],[-70.316,25.422]],"v":[[-87.559,-2.281],[-11.397,-90.792],[79.591,-25.98],[39.578,90.978]],"c":true}]},{"i":{"x":0.667,"y":1},"o":{"x":0.333,"y":0},"t":122,"s":[{"i":[[-0.248,96.284],[-45.184,3.931],[-11.058,-36.211],[70.316,-25.422]],"o":[[0.152,-59.015],[56.898,-4.95],[4.524,14.813],[-70.316,25.422]],"v":[[-87.559,-2.281],[-9.23,-86.309],[79.591,-25.98],[39.578,90.978]],"c":true}]},{"i":{"x":0.13,"y":1},"o":{"x":0.333,"y":0},"t":128,"s":[{"i":[[-1.082,96.279],[-53.282,5.362],[-5.113,-24.302],[70.316,-25.422]],"o":[[0.549,-48.869],[64.204,-6.461],[3.189,15.157],[-70.316,25.422]],"v":[[-87.559,-2.281],[-7.767,-84.074],[79.591,-25.98],[39.578,90.978]],"c":true}]},{"i":{"x":0.667,"y":1},"o":{"x":0.87,"y":0},"t":175,"s":[{"i":[[-1.082,96.279],[-53.282,5.362],[-5.113,-24.302],[70.316,-25.422]],"o":[[0.549,-48.869],[64.204,-6.461],[3.189,15.157],[-70.316,25.422]],"v":[[-87.559,-2.281],[-7.767,-84.074],[79.591,-25.98],[39.578,90.978]],"c":true}]},{"i":{"x":0.13,"y":1},"o":{"x":0.333,"y":0},"t":185,"s":[{"i":[[49.033,65.81],[-53.286,5.32],[-6.681,-19.421],[71.391,-22.224]],"o":[[-33.291,-44.682],[58.578,-5.848],[5.039,14.646],[-138.582,43.14]],"v":[[-92.835,-8.467],[-7.767,-84.074],[77.235,-28.561],[32.723,92.611]],"c":true}]},{"t":195,"s":[{"i":[[7.405,100.475],[-84.261,6.431],[-5.113,-24.302],[70.316,-25.422]],"o":[[-3.592,-48.74],[64.341,-4.91],[3.189,15.157],[-70.316,25.422]],"v":[[-87.559,-2.281],[-7.767,-84.074],[79.591,-25.98],[39.578,90.978]],"c":true}]}]},"nm":"Path 1","hd":false},{"ty":"st","c":{"a":0,"k":[1,1,1,1]},"o":{"a":0,"k":100},"w":{"a":0,"k":16},"lc":2,"lj":2,"bm":0,"nm":"Stroke 1","hd":false},{"ty":"fl","c":{"a":0,"k":[0.866666666667,0.043137254902,0.380392156863,1]},"o":{"a":0,"k":100},"r":1,"bm":0,"nm":"Fill 1","hd":false},{"ty":"tr","p":{"a":0,"k":[0,0]},"a":{"a":0,"k":[0,0]},"s":{"a":0,"k":[100,100]},"r":{"a":0,"k":0},"o":{"a":0,"k":100},"sk":{"a":0,"k":0},"sa":{"a":0,"k":0},"nm":"Transform"}],"nm":"Group 1","bm":0,"hd":false}],"ip":0,"op":300,"st":0,"bm":0},{"ddd":0,"ind":22,"ty":4,"nm":"body 3","parent":7,"sr":1,"ks":{"p":{"a":0,"k":[11.996,102.547,0]},"a":{"a":0,"k":[11.996,102.547,0]}},"ao":0,"shapes":[{"ty":"gr","it":[{"ind":0,"ty":"sh","ks":{"a":0,"k":{"i":[[-41.192,1.76],[-17.196,-44.789],[-0.583,-26.363],[0.502,37.023],[-0.691,31.113]],"o":[[70.809,-3.025],[17.196,44.789],[0.583,26.363],[-0.408,-30.136],[1.057,-47.57]],"v":[[-6.131,-80.012],[89.177,-27.938],[110.203,67.974],[-80.713,84.474],[-86.156,-22.529]],"c":true}},"nm":"Path 1","hd":false},{"ty":"fl","c":{"a":0,"k":[1,1,1,1]},"o":{"a":0,"k":100},"r":1,"bm":0,"nm":"Fill 1","hd":false},{"ty":"st","c":{"a":0,"k":[1,1,1,1]},"o":{"a":0,"k":100},"w":{"a":0,"k":16},"lc":1,"lj":1,"ml":4,"bm":0,"nm":"Stroke 1","hd":false},{"ty":"tr","p":{"a":0,"k":[0,0]},"a":{"a":0,"k":[0,0]},"s":{"a":0,"k":[100,100]},"r":{"a":0,"k":0},"o":{"a":0,"k":100},"sk":{"a":0,"k":0},"sa":{"a":0,"k":0},"nm":"Transform"}],"nm":"Group 1","bm":0,"hd":false}],"ip":0,"op":300,"st":0,"bm":0},{"ddd":0,"ind":23,"ty":4,"nm":"hand 9","parent":10,"sr":1,"ks":{"p":{"a":0,"k":[175.311,315.973,0]},"a":{"a":0,"k":[175.311,315.973,0]}},"ao":0,"shapes":[{"ty":"gr","it":[{"ind":0,"ty":"sh","ks":{"a":1,"k":[{"i":{"x":0.833,"y":1},"o":{"x":0.333,"y":0},"t":60,"s":[{"i":[[-15.348,-25.11],[-10.506,-22.379],[9.391,18.116],[9.983,23.141]],"o":[[8.825,14.439],[10.506,22.379],[-9.391,-18.116],[-7.986,-21.62]],"v":[[8.365,-31.264],[33.308,17.554],[-3.982,41.338],[-29.782,-16.903]],"c":true}]},{"i":{"x":0.833,"y":1},"o":{"x":0.333,"y":0},"t":72,"s":[{"i":[[-7.264,-28.518],[-16.657,-18.268],[14.33,14.526],[3.889,28.315]],"o":[[4.579,17.976],[16.657,18.268],[-14.33,-14.526],[-7.986,-21.62]],"v":[[8.365,-31.264],[29.61,12.639],[1.026,46.391],[-29.782,-16.903]],"c":true}]},{"i":{"x":0.13,"y":1},"o":{"x":0.333,"y":0},"t":91,"s":[{"i":[[-15.348,-25.11],[-10.506,-22.379],[9.391,18.116],[9.983,23.141]],"o":[[8.825,14.439],[10.506,22.379],[-9.391,-18.116],[-7.986,-21.62]],"v":[[8.365,-31.264],[33.308,17.554],[-3.982,41.338],[-29.782,-16.903]],"c":true}]},{"t":195,"s":[{"i":[[-15.348,-25.11],[-10.506,-22.379],[9.391,18.116],[9.983,23.141]],"o":[[8.825,14.439],[10.506,22.379],[-9.391,-18.116],[-7.986,-21.62]],"v":[[8.365,-31.264],[33.308,17.554],[-3.982,41.338],[-29.782,-16.903]],"c":true}]}]},"nm":"Path 1","hd":false},{"ty":"fl","c":{"a":0,"k":[1,1,1,1]},"o":{"a":0,"k":100},"r":1,"bm":0,"nm":"Fill 1","hd":false},{"ty":"st","c":{"a":0,"k":[1,1,1,1]},"o":{"a":0,"k":100},"w":{"a":0,"k":16},"lc":1,"lj":1,"ml":4,"bm":0,"nm":"Stroke 1","hd":false},{"ty":"tr","p":{"a":0,"k":[185.748,336.099]},"a":{"a":0,"k":[0,0]},"s":{"a":0,"k":[100,100]},"r":{"a":0,"k":0},"o":{"a":0,"k":100},"sk":{"a":0,"k":0},"sa":{"a":0,"k":0},"nm":"Transform"}],"nm":"Group 1","bm":0,"hd":false}],"ip":0,"op":300,"st":0,"bm":0},{"ddd":0,"ind":24,"ty":4,"nm":"hand 10","parent":8,"sr":1,"ks":{"p":{"a":0,"k":[208.189,378.381,0]},"a":{"a":0,"k":[208.189,378.381,0]}},"ao":0,"shapes":[{"ty":"gr","it":[{"ind":0,"ty":"sh","ks":{"a":1,"k":[{"i":{"x":0.833,"y":1},"o":{"x":0.167,"y":0},"t":60,"s":[{"i":[[0,0],[8.162,0.829],[5.942,-6.294],[-0.324,-4.729],[6.109,0.102],[1.015,8.516],[0.515,-0.128],[5.197,-1.876],[-2.526,1.601],[5.722,-1.542],[0.441,8.869],[-2.641,6.755]],"o":[[28.225,-0.666],[-5.339,-0.542],[-1.432,1.516],[0.851,12.437],[-7.908,-0.132],[-1.163,-9.764],[-1.481,0.367],[-6.203,2.239],[4.167,-2.641],[-4.623,1.246],[-0.423,-8.502],[2.641,-6.755]],"v":[[0.837,-15.354],[5.749,19.109],[5.103,1.728],[3.912,12.786],[2.2,36.176],[0.359,19.214],[-1.573,8.908],[0.187,36.886],[-7.662,10.419],[-11.877,34.493],[-14.104,10.413],[-15.512,-8.1]],"c":true}]},{"i":{"x":0.833,"y":1},"o":{"x":0.167,"y":0},"t":72,"s":[{"i":[[0,0],[8.162,0.829],[8.552,-1.336],[-3.466,-3.234],[-2.118,-1.337],[4.137,3.09],[0.515,-0.128],[5.197,-1.876],[-2.526,1.601],[5.722,-1.542],[3.633,10.825],[-2.641,6.755]],"o":[[28.225,-0.666],[-5.339,-0.542],[-9.796,1.53],[3.718,3.469],[6.688,4.222],[-7.877,-5.885],[-1.481,0.367],[-6.203,2.239],[4.167,-2.641],[-4.623,1.246],[-2.708,-8.07],[2.641,-6.755]],"v":[[0.837,-15.354],[19.519,9.089],[11.408,-2.639],[6.812,11.152],[17.858,10.908],[4.756,17.67],[-1.573,8.908],[14.033,32.532],[-7.662,10.419],[5.953,33.286],[-12.546,10.941],[-15.512,-8.1]],"c":true}]},{"i":{"x":0.833,"y":1},"o":{"x":0.167,"y":0},"t":81,"s":[{"i":[[0,0],[8.162,0.829],[8.552,-1.336],[-3.466,-3.234],[-2.118,-1.337],[4.137,3.09],[0.515,-0.128],[5.197,-1.876],[-2.526,1.601],[5.722,-1.542],[3.633,10.825],[-2.641,6.755]],"o":[[28.225,-0.666],[-5.339,-0.542],[-9.796,1.53],[3.718,3.469],[6.688,4.222],[-7.877,-5.885],[-1.481,0.367],[-6.203,2.239],[4.167,-2.641],[-4.623,1.246],[-2.708,-8.07],[2.641,-6.755]],"v":[[0.837,-15.354],[19.519,9.089],[11.408,-2.639],[6.812,11.152],[17.858,10.908],[4.756,17.67],[-1.573,8.908],[14.033,32.532],[-7.662,10.419],[5.953,33.286],[-12.546,10.941],[-15.512,-8.1]],"c":true}]},{"i":{"x":0.833,"y":1},"o":{"x":0.167,"y":0},"t":91,"s":[{"i":[[0,0],[8.162,0.829],[8.552,-1.336],[-3.466,-3.234],[-2.118,-1.337],[4.137,3.09],[0.515,-0.128],[5.197,-1.876],[-2.526,1.601],[5.722,-1.542],[0.441,8.869],[-2.641,6.755]],"o":[[28.225,-0.666],[-5.339,-0.542],[-9.796,1.53],[3.718,3.469],[6.688,4.222],[-7.877,-5.885],[-1.481,0.367],[-6.203,2.239],[4.167,-2.641],[-4.623,1.246],[-0.423,-8.502],[2.641,-6.755]],"v":[[0.837,-15.354],[19.519,9.089],[11.408,-2.639],[6.812,11.152],[17.858,10.908],[4.756,17.67],[-1.573,8.908],[-6.051,37.234],[-7.662,10.419],[-17.657,32.99],[-14.104,10.413],[-15.512,-8.1]],"c":true}]},{"t":101,"s":[{"i":[[0,0],[8.162,0.829],[8.552,-1.336],[-3.466,-3.234],[-2.118,-1.337],[4.137,3.09],[0.515,-0.128],[5.197,-1.876],[-2.526,1.601],[5.722,-1.542],[0.441,8.869],[-2.641,6.755]],"o":[[28.225,-0.666],[-5.339,-0.542],[-9.796,1.53],[3.718,3.469],[6.688,4.222],[-7.877,-5.885],[-1.481,0.367],[-6.203,2.239],[4.167,-2.641],[-4.623,1.246],[-0.423,-8.502],[2.641,-6.755]],"v":[[0.837,-15.354],[19.519,9.089],[11.408,-2.639],[6.812,11.152],[17.858,10.908],[4.756,17.67],[-1.573,8.908],[0.187,36.886],[-7.662,10.419],[-11.877,34.493],[-14.104,10.413],[-15.512,-8.1]],"c":true}]}]},"nm":"Path 1","hd":false},{"ty":"st","c":{"a":0,"k":[1,1,1,1]},"o":{"a":0,"k":100},"w":{"a":0,"k":18.184},"lc":2,"lj":2,"bm":0,"nm":"Stroke 1","hd":false},{"ty":"fl","c":{"a":0,"k":[0,0,0,1]},"o":{"a":0,"k":100},"r":1,"bm":0,"nm":"Fill 1","hd":false},{"ty":"tr","p":{"a":0,"k":[208.253,388.502]},"a":{"a":0,"k":[0,0]},"s":{"a":0,"k":[100,100]},"r":{"a":0,"k":0},"o":{"a":0,"k":100},"sk":{"a":0,"k":0},"sa":{"a":0,"k":0},"nm":"Transform"}],"nm":"Group 2","bm":0,"hd":false}],"ip":1,"op":301,"st":1,"bm":0},{"ddd":0,"ind":25,"ty":4,"nm":"hand 11","parent":9,"sr":1,"ks":{"p":{"a":0,"k":[236.495,308.621,0]},"a":{"a":0,"k":[236.495,308.621,0]}},"ao":0,"shapes":[{"ty":"gr","it":[{"ind":0,"ty":"sh","ks":{"a":1,"k":[{"i":{"x":0.833,"y":1},"o":{"x":0.333,"y":0},"t":60,"s":[{"i":[[-4.548,-38.625],[22.611,-2.74],[-25.991,9.103]],"o":[[3.435,29.177],[-22.214,2.692],[37.04,-12.973]],"v":[[70.955,-36.381],[-9.436,-5.436],[-17.976,-45.939]],"c":true}]},{"i":{"x":0.833,"y":1},"o":{"x":0.333,"y":0},"t":72,"s":[{"i":[[-4.548,-38.625],[22.611,-2.74],[-25.991,9.103]],"o":[[3.435,29.177],[-22.214,2.692],[37.04,-12.973]],"v":[[70.955,-36.381],[-5.595,-1.689],[-14.135,-42.192]],"c":true}]},{"i":{"x":0.833,"y":1},"o":{"x":0.333,"y":0},"t":91,"s":[{"i":[[-4.548,-38.625],[22.611,-2.74],[-25.991,9.103]],"o":[[3.435,29.177],[-22.214,2.692],[37.04,-12.973]],"v":[[70.955,-36.381],[-8.176,-5.567],[-16.715,-46.07]],"c":true}]},{"i":{"x":0.13,"y":1},"o":{"x":0.333,"y":0},"t":175,"s":[{"i":[[-4.548,-38.625],[22.611,-2.74],[-25.991,9.103]],"o":[[3.435,29.177],[-22.214,2.692],[37.04,-12.973]],"v":[[70.955,-36.381],[-8.176,-5.567],[-16.715,-46.07]],"c":true}]},{"t":195,"s":[{"i":[[-4.548,-38.625],[22.611,-2.74],[-25.991,9.103]],"o":[[3.435,29.177],[-22.214,2.692],[37.04,-12.973]],"v":[[70.955,-36.381],[-9.436,-5.436],[-17.976,-45.939]],"c":true}]}]},"nm":"Path 1","hd":false},{"ty":"fl","c":{"a":0,"k":[1,1,1,1]},"o":{"a":0,"k":100},"r":1,"bm":0,"nm":"Fill 1","hd":false},{"ty":"st","c":{"a":0,"k":[1,1,1,1]},"o":{"a":0,"k":100},"w":{"a":0,"k":16},"lc":2,"lj":2,"bm":0,"nm":"Stroke 1","hd":false},{"ty":"tr","p":{"a":0,"k":[185.748,336.099]},"a":{"a":0,"k":[0,0]},"s":{"a":0,"k":[100,100]},"r":{"a":0,"k":0},"o":{"a":0,"k":100},"sk":{"a":0,"k":0},"sa":{"a":0,"k":0},"nm":"Transform"}],"nm":"Group 1","bm":0,"hd":false}],"ip":0,"op":300,"st":0,"bm":0},{"ddd":0,"ind":26,"ty":4,"nm":"hood 4","parent":16,"sr":1,"ks":{"p":{"a":0,"k":[1.621,76.821,0]},"a":{"a":0,"k":[1.621,76.821,0]}},"ao":0,"shapes":[{"ty":"gr","it":[{"ind":0,"ty":"sh","ks":{"a":1,"k":[{"i":{"x":0.667,"y":1},"o":{"x":0.333,"y":0},"t":69,"s":[{"i":[[-1.082,96.279],[-53.282,5.362],[-5.113,-24.302],[70.316,-25.422]],"o":[[0.549,-48.869],[64.204,-6.461],[3.189,15.157],[-70.316,25.422]],"v":[[-87.559,-2.281],[-7.767,-84.074],[79.591,-25.98],[39.578,90.978]],"c":true}]},{"i":{"x":0.667,"y":1},"o":{"x":0.333,"y":0},"t":79,"s":[{"i":[[-1.082,96.279],[-100.332,10.582],[-5.113,-24.302],[70.316,-25.422]],"o":[[0.549,-48.869],[64.172,-6.768],[3.189,15.157],[-70.316,25.422]],"v":[[-87.559,-2.281],[-7.767,-84.074],[77.933,-25.136],[39.578,90.978]],"c":true}]},{"i":{"x":0.833,"y":0.833},"o":{"x":0.333,"y":0},"t":89,"s":[{"i":[[-1.082,96.279],[-53.282,5.362],[-5.113,-24.302],[70.316,-25.422]],"o":[[0.549,-48.869],[64.204,-6.461],[3.189,15.157],[-70.316,25.422]],"v":[[-98.231,-1.605],[-7.767,-84.074],[79.591,-25.98],[39.578,90.978]],"c":true}]},{"i":{"x":0.833,"y":0.833},"o":{"x":0.167,"y":0.167},"t":109,"s":[{"i":[[-1.082,96.279],[-53.282,5.362],[-5.113,-24.302],[70.316,-25.422]],"o":[[0.549,-48.869],[64.204,-6.461],[3.189,15.157],[-70.316,25.422]],"v":[[-98.231,-1.605],[-7.767,-84.074],[79.591,-25.98],[39.578,90.978]],"c":true}]},{"i":{"x":0.833,"y":0.833},"o":{"x":0.167,"y":0.167},"t":118,"s":[{"i":[[-1.082,96.279],[-53.282,5.362],[-5.113,-24.302],[70.316,-25.422]],"o":[[0.549,-48.869],[64.204,-6.461],[3.189,15.157],[-70.316,25.422]],"v":[[-96.872,6.59],[-7.739,-87.24],[80.95,-17.786],[39.578,90.978]],"c":true}]},{"i":{"x":0.833,"y":0.833},"o":{"x":0.167,"y":0.167},"t":130,"s":[{"i":[[-1.082,96.279],[-35.006,4.554],[-5.113,-24.302],[70.316,-25.422]],"o":[[0.549,-48.869],[49.078,-6.384],[3.189,15.157],[-70.316,25.422]],"v":[[-97.552,2.493],[-23.102,-92.246],[80.27,-21.883],[39.578,90.978]],"c":true}]},{"i":{"x":0.13,"y":1},"o":{"x":0.167,"y":0.167},"t":142,"s":[{"i":[[-1.082,96.279],[-53.282,5.362],[-5.113,-24.302],[70.316,-25.422]],"o":[[0.549,-48.869],[64.204,-6.461],[3.189,15.157],[-70.316,25.422]],"v":[[-98.231,-1.605],[-7.767,-84.074],[79.591,-25.98],[39.578,90.978]],"c":true}]},{"i":{"x":0.667,"y":1},"o":{"x":0.87,"y":0},"t":179,"s":[{"i":[[-1.082,96.279],[-53.282,5.362],[-5.113,-24.302],[70.316,-25.422]],"o":[[0.549,-48.869],[64.204,-6.461],[3.189,15.157],[-70.316,25.422]],"v":[[-98.231,-1.605],[-7.767,-84.074],[79.591,-25.98],[39.578,90.978]],"c":true}]},{"i":{"x":0.13,"y":1},"o":{"x":0.333,"y":0},"t":189,"s":[{"i":[[-1.082,96.279],[-100.332,10.582],[-5.113,-24.302],[70.316,-25.422]],"o":[[0.549,-48.869],[64.172,-6.768],[3.189,15.157],[-70.316,25.422]],"v":[[-87.559,-2.281],[-7.767,-84.074],[77.933,-25.136],[39.578,90.978]],"c":true}]},{"t":199,"s":[{"i":[[-1.082,96.279],[-53.282,5.362],[-5.113,-24.302],[70.316,-25.422]],"o":[[0.549,-48.869],[64.204,-6.461],[3.189,15.157],[-70.316,25.422]],"v":[[-87.559,-2.281],[-7.767,-84.074],[79.591,-25.98],[39.578,90.978]],"c":true}]}]},"nm":"Path 1","hd":false},{"ty":"fl","c":{"a":0,"k":[1,1,1,1]},"o":{"a":0,"k":100},"r":1,"bm":0,"nm":"Fill 1","hd":false},{"ty":"st","c":{"a":0,"k":[1,1,1,1]},"o":{"a":0,"k":100},"w":{"a":0,"k":16},"lc":2,"lj":2,"bm":0,"nm":"Stroke 1","hd":false},{"ty":"tr","p":{"a":0,"k":[0,0]},"a":{"a":0,"k":[0,0]},"s":{"a":0,"k":[100,100]},"r":{"a":0,"k":0},"o":{"a":0,"k":100},"sk":{"a":0,"k":0},"sa":{"a":0,"k":0},"nm":"Transform"}],"nm":"Group 1","bm":0,"hd":false}],"ip":5,"op":305,"st":5,"bm":0},{"ddd":0,"ind":27,"ty":4,"nm":"body 4","parent":17,"sr":1,"ks":{"p":{"a":0,"k":[13.631,102.547,0]},"a":{"a":0,"k":[13.631,102.547,0]}},"ao":0,"shapes":[{"ty":"gr","it":[{"ind":0,"ty":"sh","ks":{"a":0,"k":{"i":[[-36.801,5.753],[-17.196,-44.789],[-0.583,-26.363],[0.502,37.023],[-4.848,28.068]],"o":[[70.023,-10.946],[17.196,44.789],[0.583,26.363],[-0.502,-37.023],[4.848,-28.068]],"v":[[-2.862,-80.996],[82.611,-40.096],[110.203,67.974],[-80.713,84.474],[-80.655,-16.219]],"c":true}},"nm":"Path 1","hd":false},{"ty":"fl","c":{"a":0,"k":[1,1,1,1]},"o":{"a":0,"k":100},"r":1,"bm":0,"nm":"Fill 1","hd":false},{"ty":"st","c":{"a":0,"k":[1,1,1,1]},"o":{"a":0,"k":100},"w":{"a":0,"k":16},"lc":2,"lj":2,"bm":0,"nm":"Stroke 1","hd":false},{"ty":"tr","p":{"a":0,"k":[0,0]},"a":{"a":0,"k":[0,0]},"s":{"a":0,"k":[100,100]},"r":{"a":0,"k":0},"o":{"a":0,"k":100},"sk":{"a":0,"k":0},"sa":{"a":0,"k":0},"nm":"Transform"}],"nm":"Group 1","bm":0,"hd":false}],"ip":5,"op":305,"st":5,"bm":0},{"ddd":0,"ind":28,"ty":4,"nm":"hand 12","parent":20,"sr":1,"ks":{"p":{"a":0,"k":[236.496,308.621,0]},"a":{"a":0,"k":[236.495,308.621,0]}},"ao":0,"shapes":[{"ty":"gr","it":[{"ind":0,"ty":"sh","ks":{"a":1,"k":[{"i":{"x":0.833,"y":0.833},"o":{"x":0.333,"y":0},"t":69.727,"s":[{"i":[[-11.67,-61.868],[39.605,13.247],[-6.86,-11.344],[16.742,7.492],[5.522,22.293]],"o":[[3.888,20.612],[0.558,-3.127],[19.604,32.42],[-16.742,-7.492],[-5.522,-22.293]],"v":[[66.47,-28.256],[15.388,-13.342],[36.904,-15.349],[8.679,17.152],[-24.979,-22.735]],"c":true}]},{"i":{"x":0.667,"y":1},"o":{"x":0.167,"y":0.167},"t":93.363,"s":[{"i":[[-11.67,-61.868],[39.605,13.247],[-6.86,-11.344],[8.07,8.933],[6.942,24.678]],"o":[[3.888,20.612],[7.734,-3.236],[19.604,32.42],[-14.105,-12.156],[-9.823,-34.48]],"v":[[66.47,-28.256],[15.388,-13.342],[37.216,5.247],[8.99,37.749],[-28.22,-17.898]],"c":true}]},{"i":{"x":0.667,"y":1},"o":{"x":0.333,"y":0},"t":102.818,"s":[{"i":[[-11.67,-61.868],[39.605,13.247],[-6.86,-11.344],[8.07,8.933],[6.942,24.678]],"o":[[3.888,20.612],[5.4,16.003],[19.604,32.42],[-14.105,-12.156],[-9.823,-34.48]],"v":[[66.47,-28.256],[15.388,-13.342],[31.205,14.941],[2.979,47.443],[-28.22,-17.898]],"c":true}]},{"i":{"x":0.667,"y":1},"o":{"x":0.333,"y":0},"t":175,"s":[{"i":[[-11.67,-61.868],[39.605,13.247],[-6.86,-11.344],[8.07,8.933],[6.942,24.678]],"o":[[3.888,20.612],[5.4,16.003],[19.604,32.42],[-14.105,-12.156],[-9.823,-34.48]],"v":[[66.47,-28.256],[15.388,-13.342],[31.205,14.941],[2.979,47.443],[-28.22,-17.898]],"c":true}]},{"t":182,"s":[{"i":[[-11.67,-61.868],[39.605,13.247],[-6.86,-11.344],[16.742,7.492],[5.522,22.293]],"o":[[3.888,20.612],[0.558,-3.127],[19.604,32.42],[-16.742,-7.492],[-5.522,-22.293]],"v":[[66.47,-28.256],[15.388,-13.342],[36.904,-15.349],[8.679,17.152],[-24.979,-22.735]],"c":true}]}]},"nm":"Path 1","hd":false},{"ty":"fl","c":{"a":0,"k":[1,1,1,1]},"o":{"a":0,"k":100},"r":1,"bm":0,"nm":"Fill 1","hd":false},{"ty":"st","c":{"a":0,"k":[1,1,1,1]},"o":{"a":0,"k":100},"w":{"a":0,"k":18.184},"lc":2,"lj":2,"bm":0,"nm":"Stroke 1","hd":false},{"ty":"tr","p":{"a":0,"k":[185.748,336.099]},"a":{"a":0,"k":[0,0]},"s":{"a":0,"k":[100,100]},"r":{"a":0,"k":0},"o":{"a":0,"k":100},"sk":{"a":0,"k":0},"sa":{"a":0,"k":0},"nm":"Transform"}],"nm":"Group 1","bm":0,"hd":false}],"ip":5,"op":305,"st":5,"bm":0},{"ddd":0,"ind":29,"ty":4,"nm":"hand 13","parent":20,"sr":1,"ks":{"r":{"a":1,"k":[{"i":{"x":[0.667],"y":[1]},"o":{"x":[0.333],"y":[0]},"t":75.637,"s":[-58.022]},{"i":{"x":[0.667],"y":[1]},"o":{"x":[0.333],"y":[0]},"t":88.637,"s":[-10.805]},{"i":{"x":[0.667],"y":[1]},"o":{"x":[0.333],"y":[0]},"t":98.092,"s":[-40.488]},{"i":{"x":[0.667],"y":[1]},"o":{"x":[0.333],"y":[0]},"t":175,"s":[-40.488]},{"t":182,"s":[-4.44]}]},"p":{"a":1,"k":[{"i":{"x":0.667,"y":1},"o":{"x":0.333,"y":0},"t":65,"s":[219.726,341.218,0],"to":[0,0,0],"ti":[0,0,0]},{"i":{"x":0.667,"y":1},"o":{"x":0.333,"y":0},"t":88.637,"s":[224.065,358.457,0],"to":[0,0,0],"ti":[0,0,0]},{"i":{"x":0.667,"y":0.667},"o":{"x":0.333,"y":0.333},"t":98.092,"s":[211.895,376.315,0],"to":[0,0,0],"ti":[0,0,0]},{"i":{"x":0.667,"y":1},"o":{"x":0.333,"y":0},"t":175,"s":[211.895,376.315,0],"to":[0,0,0],"ti":[0,0,0]},{"t":182,"s":[219.726,341.218,0]}]},"a":{"a":0,"k":[208.189,378.381,0]},"s":{"a":0,"k":[83.897,100,100]}},"ao":0,"shapes":[{"ty":"gr","it":[{"ind":0,"ty":"sh","ks":{"a":1,"k":[{"i":{"x":0.667,"y":1},"o":{"x":0.333,"y":0},"t":75.637,"s":[{"i":[[0,0],[8.162,0.829],[6.94,5.174],[-0.402,-8.683],[3.089,-3.363],[0.313,4.329],[0.515,-0.128],[5.197,-1.876],[-2.526,1.601],[5.722,-1.542],[0.441,8.869],[-2.641,6.755]],"o":[[28.225,-0.666],[-5.339,-0.542],[-3.589,-2.676],[0.235,5.08],[-5.35,5.825],[-0.709,-9.807],[-1.481,0.367],[-6.203,2.239],[4.167,-2.641],[-4.623,1.246],[-0.423,-8.502],[2.641,-6.755]],"v":[[0.837,-15.354],[18.521,8.892],[11.408,-2.639],[11.093,9.668],[15.981,33.094],[-1.412,19.33],[-1.573,8.908],[8.178,35.796],[-7.662,10.419],[-3.886,33.402],[-14.104,10.413],[-15.512,-8.1]],"c":true}]},{"i":{"x":0.667,"y":1},"o":{"x":0.333,"y":0},"t":88.637,"s":[{"i":[[0,0],[8.162,0.829],[8.552,-1.336],[-3.466,-3.234],[-2.118,-1.337],[4.137,3.09],[0.515,-0.128],[5.197,-1.876],[-2.526,1.601],[5.722,-1.542],[0.441,8.869],[-2.641,6.755]],"o":[[28.225,-0.666],[-5.339,-0.542],[-9.796,1.53],[3.718,3.469],[6.688,4.222],[-7.877,-5.885],[-1.481,0.367],[-6.203,2.239],[4.167,-2.641],[-4.623,1.246],[-0.423,-8.502],[2.641,-6.755]],"v":[[0.837,-15.354],[15.876,10.536],[11.408,-2.639],[6.812,11.152],[14.216,12.354],[1.143,20.986],[-1.573,8.908],[-5.244,37.096],[-7.662,10.419],[-17.308,34.703],[-14.104,10.413],[-15.512,-8.1]],"c":true}]},{"i":{"x":0.667,"y":1},"o":{"x":0.333,"y":0},"t":104,"s":[{"i":[[0,0],[8.162,0.829],[8.651,0.304],[-7.169,-4.93],[-2.118,-1.337],[4.952,1.465],[0.65,-0.128],[6.564,-1.876],[-3.536,0.485],[7.227,-1.542],[1.191,9.336],[-6.65,6.618]],"o":[[28.225,-0.666],[-5.339,-0.542],[-14.231,-0.5],[4.19,2.881],[6.688,4.222],[-16.918,-5.004],[-1.87,0.367],[-7.835,2.239],[3.354,-0.46],[-5.839,1.246],[-1.078,-8.45],[5.34,-5.314]],"v":[[0.837,-15.354],[21.097,11.227],[16.628,-1.947],[6.917,16.258],[19.436,13.046],[4.794,23.134],[-6.617,8.333],[-7.64,36.18],[-16.778,9.987],[-19.235,33.934],[-25.61,11.715],[-18.96,-9.205]],"c":true}]},{"i":{"x":0.667,"y":1},"o":{"x":0.333,"y":0},"t":175,"s":[{"i":[[0,0],[8.162,0.829],[8.651,0.304],[-7.169,-4.93],[-2.118,-1.337],[4.952,1.465],[0.65,-0.128],[6.564,-1.876],[-3.536,0.485],[7.227,-1.542],[1.191,9.336],[-6.65,6.618]],"o":[[28.225,-0.666],[-5.339,-0.542],[-14.231,-0.5],[4.19,2.881],[6.688,4.222],[-16.918,-5.004],[-1.87,0.367],[-7.835,2.239],[3.354,-0.46],[-5.839,1.246],[-1.078,-8.45],[5.34,-5.314]],"v":[[0.837,-15.354],[21.097,11.227],[16.628,-1.947],[6.917,16.258],[19.436,13.046],[4.794,23.134],[-6.617,8.333],[-7.64,36.18],[-16.778,9.987],[-19.235,33.934],[-25.61,11.715],[-18.96,-9.205]],"c":true}]},{"t":182,"s":[{"i":[[0,0],[8.162,0.829],[6.94,5.174],[-0.402,-8.683],[3.089,-3.363],[0.313,4.329],[0.515,-0.128],[5.197,-1.876],[-2.526,1.601],[5.722,-1.542],[0.441,8.869],[-2.641,6.755]],"o":[[28.225,-0.666],[-5.339,-0.542],[-3.589,-2.676],[0.235,5.08],[-5.35,5.825],[-0.709,-9.807],[-1.481,0.367],[-6.203,2.239],[4.167,-2.641],[-4.623,1.246],[-0.423,-8.502],[2.641,-6.755]],"v":[[0.837,-15.354],[18.521,8.892],[11.408,-2.639],[11.093,9.668],[15.981,33.094],[-1.412,19.33],[-1.573,8.908],[8.178,35.796],[-7.662,10.419],[-3.886,33.402],[-14.104,10.413],[-15.512,-8.1]],"c":true}]}]},"nm":"Path 1","hd":false},{"ty":"st","c":{"a":0,"k":[1,1,1,1]},"o":{"a":0,"k":100},"w":{"a":0,"k":18.184},"lc":2,"lj":2,"bm":0,"nm":"Stroke 1","hd":false},{"ty":"fl","c":{"a":0,"k":[0,0,0,1]},"o":{"a":0,"k":100},"r":1,"bm":0,"nm":"Fill 1","hd":false},{"ty":"tr","p":{"a":0,"k":[208.253,388.502]},"a":{"a":0,"k":[0,0]},"s":{"a":0,"k":[100,100]},"r":{"a":0,"k":0},"o":{"a":0,"k":100},"sk":{"a":0,"k":0},"sa":{"a":0,"k":0},"nm":"Transform"}],"nm":"Group 2","bm":0,"hd":false}],"ip":49,"op":231,"st":5,"bm":0}]}],"layers":[{"ddd":0,"ind":1,"ty":0,"nm":"20_OK","refId":"comp_0","sr":1,"ks":{"p":{"a":0,"k":[256,256,0]},"a":{"a":0,"k":[256,256,0]}},"ao":0,"w":512,"h":512,"ip":72,"op":222,"st":12,"bm":0},{"ddd":0,"ind":2,"ty":0,"nm":"20_OK","refId":"comp_0","sr":1,"ks":{"p":{"a":0,"k":[256,256,0]},"a":{"a":0,"k":[256,256,0]}},"ao":0,"w":512,"h":512,"ip":-78,"op":72,"st":-138,"bm":0}]}