"run","repository","commit","render_pipeline","requested_graphics_api","temperature_before_c","temperature_after_c","timestamp_utc","animation","instances","width","height","warmup_frames","sample_frames","load_ms","memory_delta_bytes","mean_batch_ms","p50_batch_ms","p95_batch_ms","max_batch_ms","mean_per_animation_ms","renders_per_second","batches_over_16_67ms","mean_observed_frame_ms","p95_observed_frame_ms","platform","device","operating_system","graphics_device","graphics_api","unity_version"
"unity-2021.3.45f2-builtin-opengles3","unity-rlottie-2021.3.45f2","519359b09176411c1bbe16c35d3f4dc2c8d71c0c","BuiltIn","OpenGLES3","33.5","34.4","2026-08-10T20:58:30.0669980Z","A - Stitches","1","128","128","30","180","4.5401","65920","2.5543","2.5078","3.974","4.6403","2.554327","391.49","0","33.6661","33.4961","Android","samsung SM-N975F","Android OS 12 / API-31 (SP1A.210812.016/N975FXXS9HWHA)","Mali-G76","OpenGLES3","2021.3.45f2"
"unity-2021.3.45f2-builtin-opengles3","unity-rlottie-2021.3.45f2","519359b09176411c1bbe16c35d3f4dc2c8d71c0c","BuiltIn","OpenGLES3","33.5","34.4","2026-08-10T20:58:37.2285460Z","A - Stitches","1","256","256","30","180","7.4159","262504","3.7182","3.8988","5.5618","7.2371","3.718231","268.95","0","33.6651","33.5463","Android","samsung SM-N975F","Android OS 12 / API-31 (SP1A.210812.016/N975FXXS9HWHA)","Mali-G76","OpenGLES3","2021.3.45f2"
"unity-2021.3.45f2-builtin-opengles3","unity-rlottie-2021.3.45f2","519359b09176411c1bbe16c35d3f4dc2c8d71c0c","BuiltIn","OpenGLES3","33.5","34.4","2026-08-10T20:58:44.3735160Z","A - Stitches","1","512","512","30","180","8.5709","1049000","5.6428","5.699","8.7873","10.1508","5.642814","177.22","0","33.5731","33.4727","Android","samsung SM-N975F","Android OS 12 / API-31 (SP1A.210812.016/N975FXXS9HWHA)","Mali-G76","OpenGLES3","2021.3.45f2"
"unity-2021.3.45f2-builtin-opengles3","unity-rlottie-2021.3.45f2","519359b09176411c1bbe16c35d3f4dc2c8d71c0c","BuiltIn","OpenGLES3","33.5","34.4","2026-08-10T20:58:51.5536690Z","A - Stitches","1","1024","1024","30","180","6.3984","4194728","10.5748","10.6648","15.7953","20.6329","10.574781","94.56","6","33.7609","33.4444","Android","samsung SM-N975F","Android OS 12 / API-31 (SP1A.210812.016/N975FXXS9HWHA)","Mali-G76","OpenGLES3","2021.3.45f2"
"unity-2021.3.45f2-builtin-opengles3","unity-rlottie-2021.3.45f2","519359b09176411c1bbe16c35d3f4dc2c8d71c0c","BuiltIn","OpenGLES3","33.5","34.4","2026-08-10T20:58:58.7149710Z","B - Vector felt","1","128","128","30","180","12.456","65896","2.954","2.8463","4.4592","5.7535","2.954008","338.52","0","33.5781","33.4849","Android","samsung SM-N975F","Android OS 12 / API-31 (SP1A.210812.016/N975FXXS9HWHA)","Mali-G76","OpenGLES3","2021.3.45f2"
"unity-2021.3.45f2-builtin-opengles3","unity-rlottie-2021.3.45f2","519359b09176411c1bbe16c35d3f4dc2c8d71c0c","BuiltIn","OpenGLES3","33.5","34.4","2026-08-10T20:59:05.8772840Z","B - Vector felt","1","256","256","30","180","10.8659","262552","4.2522","4.3552","5.925","6.6972","4.252201","235.17","0","33.668","33.5111","Android","samsung SM-N975F","Android OS 12 / API-31 (SP1A.210812.016/N975FXXS9HWHA)","Mali-G76","OpenGLES3","2021.3.45f2"
"unity-2021.3.45f2-builtin-opengles3","unity-rlottie-2021.3.45f2","519359b09176411c1bbe16c35d3f4dc2c8d71c0c","BuiltIn","OpenGLES3","33.5","34.4","2026-08-10T20:59:13.0560320Z","B - Vector felt","1","512","512","30","180","9.1177","1048976","7.179","7.4894","9.6908","10.7665","7.178984","139.3","0","33.5764","33.4832","Android","samsung SM-N975F","Android OS 12 / API-31 (SP1A.210812.016/N975FXXS9HWHA)","Mali-G76","OpenGLES3","2021.3.45f2"
"unity-2021.3.45f2-builtin-opengles3","unity-rlottie-2021.3.45f2","519359b09176411c1bbe16c35d3f4dc2c8d71c0c","BuiltIn","OpenGLES3","33.5","34.4","2026-08-10T20:59:20.2605290Z","B - Vector felt","1","1024","1024","30","180","5.2006","4194640","11.2661","11.1692","17.1031","24.4959","11.266089","88.76","11","33.6672","33.4512","Android","samsung SM-N975F","Android OS 12 / API-31 (SP1A.210812.016/N975FXXS9HWHA)","Mali-G76","OpenGLES3","2021.3.45f2"
"unity-2021.3.45f2-builtin-opengles3","unity-rlottie-2021.3.45f2","519359b09176411c1bbe16c35d3f4dc2c8d71c0c","BuiltIn","OpenGLES3","33.5","34.4","2026-08-10T20:59:27.4122950Z","C - Hybrid felt PNG","1","128","128","30","180","7.7829","68208","2.7108","2.667","4.0652","5.7928","2.710826","368.89","0","33.5741","33.5016","Android","samsung SM-N975F","Android OS 12 / API-31 (SP1A.210812.016/N975FXXS9HWHA)","Mali-G76","OpenGLES3","2021.3.45f2"
"unity-2021.3.45f2-builtin-opengles3","unity-rlottie-2021.3.45f2","519359b09176411c1bbe16c35d3f4dc2c8d71c0c","BuiltIn","OpenGLES3","33.5","34.4","2026-08-10T20:59:34.5923520Z","C - Hybrid felt PNG","1","256","256","30","180","8.4346","264840","4.0076","4.1823","5.7467","7.7818","4.007625","249.52","0","33.6661","33.5063","Android","samsung SM-N975F","Android OS 12 / API-31 (SP1A.210812.016/N975FXXS9HWHA)","Mali-G76","OpenGLES3","2021.3.45f2"
"unity-2021.3.45f2-builtin-opengles3","unity-rlottie-2021.3.45f2","519359b09176411c1bbe16c35d3f4dc2c8d71c0c","BuiltIn","OpenGLES3","33.5","34.4","2026-08-10T20:59:41.7363680Z","C - Hybrid felt PNG","1","512","512","30","180","9.362","1051272","7.2902","7.7005","10.2992","13.3531","7.290216","137.17","0","33.5736","33.4507","Android","samsung SM-N975F","Android OS 12 / API-31 (SP1A.210812.016/N975FXXS9HWHA)","Mali-G76","OpenGLES3","2021.3.45f2"
"unity-2021.3.45f2-builtin-opengles3","unity-rlottie-2021.3.45f2","519359b09176411c1bbe16c35d3f4dc2c8d71c0c","BuiltIn","OpenGLES3","33.5","34.4","2026-08-10T20:59:48.9835400Z","C - Hybrid felt PNG","1","1024","1024","30","180","22.1183","4194728","12.5548","12.6552","17.464","28.5309","12.554793","79.65","16","34.1305","33.4781","Android","samsung SM-N975F","Android OS 12 / API-31 (SP1A.210812.016/N975FXXS9HWHA)","Mali-G76","OpenGLES3","2021.3.45f2"
"unity-2021.3.45f2-builtin-vulkan","unity-rlottie-2021.3.45f2","519359b09176411c1bbe16c35d3f4dc2c8d71c0c","BuiltIn","Vulkan","33.9","34.6","2026-08-10T21:02:08.9256910Z","A - Stitches","1","128","128","30","180","4.7981","177440","2.7984","2.7251","4.1985","5.7809","2.798351","357.35","0","33.8521","33.5221","Android","samsung SM-N975F","Android OS 12 / API-31 (SP1A.210812.016/N975FXXS9HWHA)","Mali-G76","Vulkan","2021.3.45f2"
"unity-2021.3.45f2-builtin-vulkan","unity-rlottie-2021.3.45f2","519359b09176411c1bbe16c35d3f4dc2c8d71c0c","BuiltIn","Vulkan","33.9","34.6","2026-08-10T21:02:16.0880820Z","A - Stitches","1","256","256","30","180","7.9987","705896","3.763","3.7829","5.4878","7.5224","3.763042","265.74","0","33.6658","33.4811","Android","samsung SM-N975F","Android OS 12 / API-31 (SP1A.210812.016/N975FXXS9HWHA)","Mali-G76","Vulkan","2021.3.45f2"
"unity-2021.3.45f2-builtin-vulkan","unity-rlottie-2021.3.45f2","519359b09176411c1bbe16c35d3f4dc2c8d71c0c","BuiltIn","Vulkan","33.9","34.6","2026-08-10T21:02:23.2672060Z","A - Stitches","1","512","512","30","180","12.4223","2819448","6.5167","6.8822","9.0862","12.3594","6.516655","153.45","0","33.6673","33.481","Android","samsung SM-N975F","Android OS 12 / API-31 (SP1A.210812.016/N975FXXS9HWHA)","Mali-G76","Vulkan","2021.3.45f2"
"unity-2021.3.45f2-builtin-vulkan","unity-rlottie-2021.3.45f2","519359b09176411c1bbe16c35d3f4dc2c8d71c0c","BuiltIn","Vulkan","33.9","34.6","2026-08-10T21:02:30.4455020Z","A - Stitches","1","1024","1024","30","180","20.851","11273624","10.5665","10.6656","15.6431","19.4994","10.566468","94.64","7","33.7625","33.4549","Android","samsung SM-N975F","Android OS 12 / API-31 (SP1A.210812.016/N975FXXS9HWHA)","Mali-G76","Vulkan","2021.3.45f2"
"unity-2021.3.45f2-builtin-vulkan","unity-rlottie-2021.3.45f2","519359b09176411c1bbe16c35d3f4dc2c8d71c0c","BuiltIn","Vulkan","33.9","34.6","2026-08-10T21:02:37.6242020Z","B - Vector felt","1","128","128","30","180","14.7179","177488","3.1218","3.1141","4.6804","5.4222","3.121803","320.33","0","33.6682","33.4629","Android","samsung SM-N975F","Android OS 12 / API-31 (SP1A.210812.016/N975FXXS9HWHA)","Mali-G76","Vulkan","2021.3.45f2"
"unity-2021.3.45f2-builtin-vulkan","unity-rlottie-2021.3.45f2","519359b09176411c1bbe16c35d3f4dc2c8d71c0c","BuiltIn","Vulkan","33.9","34.6","2026-08-10T21:02:44.7983370Z","B - Vector felt","1","256","256","30","180","12.6266","705896","4.4883","4.5967","6.5034","7.3603","4.488293","222.8","0","33.5747","33.5076","Android","samsung SM-N975F","Android OS 12 / API-31 (SP1A.210812.016/N975FXXS9HWHA)","Mali-G76","Vulkan","2021.3.45f2"
"unity-2021.3.45f2-builtin-vulkan","unity-rlottie-2021.3.45f2","519359b09176411c1bbe16c35d3f4dc2c8d71c0c","BuiltIn","Vulkan","33.9","34.6","2026-08-10T21:02:51.9687190Z","B - Vector felt","1","512","512","30","180","7.2074","2819360","7.1942","7.4988","9.7726","10.803","7.194169","139","0","33.668","33.4989","Android","samsung SM-N975F","Android OS 12 / API-31 (SP1A.210812.016/N975FXXS9HWHA)","Mali-G76","Vulkan","2021.3.45f2"
"unity-2021.3.45f2-builtin-vulkan","unity-rlottie-2021.3.45f2","519359b09176411c1bbe16c35d3f4dc2c8d71c0c","BuiltIn","Vulkan","33.9","34.6","2026-08-10T21:02:59.1453100Z","B - Vector felt","1","1024","1024","30","180","9.0834","11273624","11.294","11.2111","16.8177","21.5127","11.293993","88.54","11","33.5744","33.4528","Android","samsung SM-N975F","Android OS 12 / API-31 (SP1A.210812.016/N975FXXS9HWHA)","Mali-G76","Vulkan","2021.3.45f2"
"unity-2021.3.45f2-builtin-vulkan","unity-rlottie-2021.3.45f2","519359b09176411c1bbe16c35d3f4dc2c8d71c0c","BuiltIn","Vulkan","33.9","34.6","2026-08-10T21:03:06.3218500Z","C - Hybrid felt PNG","1","128","128","30","180","8.1776","177488","2.6918","2.5578","4.1636","5.6501","2.691826","371.5","0","33.667","33.4754","Android","samsung SM-N975F","Android OS 12 / API-31 (SP1A.210812.016/N975FXXS9HWHA)","Mali-G76","Vulkan","2021.3.45f2"
"unity-2021.3.45f2-builtin-vulkan","unity-rlottie-2021.3.45f2","519359b09176411c1bbe16c35d3f4dc2c8d71c0c","BuiltIn","Vulkan","33.9","34.6","2026-08-10T21:03:13.4671710Z","C - Hybrid felt PNG","1","256","256","30","180","10.4797","705676","3.9857","4.1669","6.1961","7.8714","3.985732","250.89","0","33.5746","33.4832","Android","samsung SM-N975F","Android OS 12 / API-31 (SP1A.210812.016/N975FXXS9HWHA)","Mali-G76","Vulkan","2021.3.45f2"
"unity-2021.3.45f2-builtin-vulkan","unity-rlottie-2021.3.45f2","519359b09176411c1bbe16c35d3f4dc2c8d71c0c","BuiltIn","Vulkan","33.9","34.6","2026-08-10T21:03:20.6462720Z","C - Hybrid felt PNG","1","512","512","30","180","15.277","2819456","7.0148","7.0109","10.4379","12.4908","7.014845","142.55","0","33.7622","33.4685","Android","samsung SM-N975F","Android OS 12 / API-31 (SP1A.210812.016/N975FXXS9HWHA)","Mali-G76","Vulkan","2021.3.45f2"
"unity-2021.3.45f2-builtin-vulkan","unity-rlottie-2021.3.45f2","519359b09176411c1bbe16c35d3f4dc2c8d71c0c","BuiltIn","Vulkan","33.9","34.6","2026-08-10T21:03:27.8748910Z","C - Hybrid felt PNG","1","1024","1024","30","180","28.5981","11273608","12.1495","12.4092","16.335","17.966","12.149508","82.31","4","34.0369","33.5015","Android","samsung SM-N975F","Android OS 12 / API-31 (SP1A.210812.016/N975FXXS9HWHA)","Mali-G76","Vulkan","2021.3.45f2"
"unity-2022.3.62f3-builtin-opengles3","unity-rlottie","18ded434e1bd8b155515dd8e2462c91c0a789693","BuiltIn","OpenGLES3","35","35.3","2026-08-10T21:06:58.9866630Z","A - Stitches","1","128","128","30","180","5.1138","65968","2.6116","2.5599","3.9246","4.4619","2.611647","382.9","0","33.758","33.5772","Android","samsung SM-N975F","Android OS 12 / API-31 (SP1A.210812.016/N975FXXS9HWHA)","Mali-G76","OpenGLES3","2022.3.62f3"
"unity-2022.3.62f3-builtin-opengles3","unity-rlottie","18ded434e1bd8b155515dd8e2462c91c0a789693","BuiltIn","OpenGLES3","35","35.3","2026-08-10T21:07:06.1978050Z","A - Stitches","1","256","256","30","180","6.4303","262592","3.4527","3.408","5.1906","7.6464","3.452716","289.63","0","33.9433","33.4905","Android","samsung SM-N975F","Android OS 12 / API-31 (SP1A.210812.016/N975FXXS9HWHA)","Mali-G76","OpenGLES3","2022.3.62f3"
"unity-2022.3.62f3-builtin-opengles3","unity-rlottie","18ded434e1bd8b155515dd8e2462c91c0a789693","BuiltIn","OpenGLES3","35","35.3","2026-08-10T21:07:13.3759870Z","A - Stitches","1","512","512","30","180","8.2181","1048960","6.2659","6.9342","8.647","9.8299","6.265879","159.59","0","33.7566","33.5205","Android","samsung SM-N975F","Android OS 12 / API-31 (SP1A.210812.016/N975FXXS9HWHA)","Mali-G76","OpenGLES3","2022.3.62f3"
"unity-2022.3.62f3-builtin-opengles3","unity-rlottie","18ded434e1bd8b155515dd8e2462c91c0a789693","BuiltIn","OpenGLES3","35","35.3","2026-08-10T21:07:20.5562500Z","A - Stitches","1","1024","1024","30","180","8.0963","4194752","10.8659","10.6471","17.3784","22.4901","10.865872","92.03","12","33.6636","33.4444","Android","samsung SM-N975F","Android OS 12 / API-31 (SP1A.210812.016/N975FXXS9HWHA)","Mali-G76","OpenGLES3","2022.3.62f3"
"unity-2022.3.62f3-builtin-opengles3","unity-rlottie","18ded434e1bd8b155515dd8e2462c91c0a789693","BuiltIn","OpenGLES3","35","35.3","2026-08-10T21:07:27.7491100Z","B - Vector felt","1","128","128","30","180","8.778","65944","3.1092","3.0773","4.6607","5.7444","3.109166","321.63","0","33.5734","33.4988","Android","samsung SM-N975F","Android OS 12 / API-31 (SP1A.210812.016/N975FXXS9HWHA)","Mali-G76","OpenGLES3","2022.3.62f3"
"unity-2022.3.62f3-builtin-opengles3","unity-rlottie","18ded434e1bd8b155515dd8e2462c91c0a789693","BuiltIn","OpenGLES3","35","35.3","2026-08-10T21:07:34.9099160Z","B - Vector felt","1","256","256","30","180","9.278","262528","4.2232","4.3328","5.796","7.9472","4.223213","236.79","0","33.5734","33.4945","Android","samsung SM-N975F","Android OS 12 / API-31 (SP1A.210812.016/N975FXXS9HWHA)","Mali-G76","OpenGLES3","2022.3.62f3"
"unity-2022.3.62f3-builtin-opengles3","unity-rlottie","18ded434e1bd8b155515dd8e2462c91c0a789693","BuiltIn","OpenGLES3","35","35.3","2026-08-10T21:07:42.1125920Z","B - Vector felt","1","512","512","30","180","4.0023","1048960","6.677","7.0479","9.2648","11.2879","6.676986","149.77","0","33.7577","33.4578","Android","samsung SM-N975F","Android OS 12 / API-31 (SP1A.210812.016/N975FXXS9HWHA)","Mali-G76","OpenGLES3","2022.3.62f3"
"unity-2022.3.62f3-builtin-opengles3","unity-rlottie","18ded434e1bd8b155515dd8e2462c91c0a789693","BuiltIn","OpenGLES3","35","35.3","2026-08-10T21:07:49.2914790Z","B - Vector felt","1","1024","1024","30","180","4.2472","4194624","10.7964","10.5079","16.5713","22.4142","10.796391","92.62","9","33.5733","33.4287","Android","samsung SM-N975F","Android OS 12 / API-31 (SP1A.210812.016/N975FXXS9HWHA)","Mali-G76","OpenGLES3","2022.3.62f3"
"unity-2022.3.62f3-builtin-opengles3","unity-rlottie","18ded434e1bd8b155515dd8e2462c91c0a789693","BuiltIn","OpenGLES3","35","35.3","2026-08-10T21:07:56.4959040Z","C - Hybrid felt PNG","1","128","128","30","180","7.9316","65920","2.7653","2.7403","4.2284","5.2148","2.765278","361.63","0","33.851","33.5402","Android","samsung SM-N975F","Android OS 12 / API-31 (SP1A.210812.016/N975FXXS9HWHA)","Mali-G76","OpenGLES3","2022.3.62f3"
"unity-2022.3.62f3-builtin-opengles3","unity-rlottie","18ded434e1bd8b155515dd8e2462c91c0a789693","BuiltIn","OpenGLES3","35","35.3","2026-08-10T21:08:03.6395380Z","C - Hybrid felt PNG","1","256","256","30","180","20.9339","262592","3.732","3.9422","5.5949","6.5885","3.731985","267.95","0","33.5711","33.4368","Android","samsung SM-N975F","Android OS 12 / API-31 (SP1A.210812.016/N975FXXS9HWHA)","Mali-G76","OpenGLES3","2022.3.62f3"
"unity-2022.3.62f3-builtin-opengles3","unity-rlottie","18ded434e1bd8b155515dd8e2462c91c0a789693","BuiltIn","OpenGLES3","35","35.3","2026-08-10T21:08:10.8183460Z","C - Hybrid felt PNG","1","512","512","30","180","15.6461","1048960","7.1811","7.4001","10.7989","13.0721","7.181103","139.25","0","33.7588","33.4767","Android","samsung SM-N975F","Android OS 12 / API-31 (SP1A.210812.016/N975FXXS9HWHA)","Mali-G76","OpenGLES3","2022.3.62f3"
"unity-2022.3.62f3-builtin-opengles3","unity-rlottie","18ded434e1bd8b155515dd8e2462c91c0a789693","BuiltIn","OpenGLES3","35","35.3","2026-08-10T21:08:18.0636830Z","C - Hybrid felt PNG","1","1024","1024","30","180","19.3824","4194760","12.2881","12.4746","16.8065","20.9975","12.288078","81.38","11","34.1312","33.5221","Android","samsung SM-N975F","Android OS 12 / API-31 (SP1A.210812.016/N975FXXS9HWHA)","Mali-G76","OpenGLES3","2022.3.62f3"
"unity-2022.3.62f3-builtin-vulkan","unity-rlottie","18ded434e1bd8b155515dd8e2462c91c0a789693","BuiltIn","Vulkan","34.3","35","2026-08-10T21:04:46.7941340Z","A - Stitches","1","128","128","30","180","5.2538","-413624","2.5681","2.5148","4.1073","5.3022","2.56811","389.39","0","33.6631","33.4833","Android","samsung SM-N975F","Android OS 12 / API-31 (SP1A.210812.016/N975FXXS9HWHA)","Mali-G76","Vulkan","2022.3.62f3"
"unity-2022.3.62f3-builtin-vulkan","unity-rlottie","18ded434e1bd8b155515dd8e2462c91c0a789693","BuiltIn","Vulkan","34.3","35","2026-08-10T21:04:53.9719810Z","A - Stitches","1","256","256","30","180","8.2055","705888","3.7774","3.9487","5.4789","6.3508","3.777413","264.73","0","33.7585","33.528","Android","samsung SM-N975F","Android OS 12 / API-31 (SP1A.210812.016/N975FXXS9HWHA)","Mali-G76","Vulkan","2022.3.62f3"
"unity-2022.3.62f3-builtin-vulkan","unity-rlottie","18ded434e1bd8b155515dd8e2462c91c0a789693","BuiltIn","Vulkan","34.3","35","2026-08-10T21:05:01.1338200Z","A - Stitches","1","512","512","30","180","11.125","2819448","6.3453","6.8964","8.9582","10.241","6.345287","157.6","0","33.6662","33.487","Android","samsung SM-N975F","Android OS 12 / API-31 (SP1A.210812.016/N975FXXS9HWHA)","Mali-G76","Vulkan","2022.3.62f3"
"unity-2022.3.62f3-builtin-vulkan","unity-rlottie","18ded434e1bd8b155515dd8e2462c91c0a789693","BuiltIn","Vulkan","34.3","35","2026-08-10T21:05:08.3280130Z","A - Stitches","1","1024","1024","30","180","28.8597","11273608","10.9357","10.6373","17.2134","21.4753","10.935746","91.44","12","33.7568","33.4593","Android","samsung SM-N975F","Android OS 12 / API-31 (SP1A.210812.016/N975FXXS9HWHA)","Mali-G76","Vulkan","2022.3.62f3"
"unity-2022.3.62f3-builtin-vulkan","unity-rlottie","18ded434e1bd8b155515dd8e2462c91c0a789693","BuiltIn","Vulkan","34.3","35","2026-08-10T21:05:15.4737920Z","B - Vector felt","1","128","128","30","180","7.1178","177464","3.0168","3.0322","4.4742","5.5994","3.016753","331.48","0","33.575","33.4664","Android","samsung SM-N975F","Android OS 12 / API-31 (SP1A.210812.016/N975FXXS9HWHA)","Mali-G76","Vulkan","2022.3.62f3"
"unity-2022.3.62f3-builtin-vulkan","unity-rlottie","18ded434e1bd8b155515dd8e2462c91c0a789693","BuiltIn","Vulkan","34.3","35","2026-08-10T21:05:22.6686430Z","B - Vector felt","1","256","256","30","180","12.4647","705880","4.5149","4.5283","6.7688","8.1004","4.5149","221.49","0","33.7601","33.5019","Android","samsung SM-N975F","Android OS 12 / API-31 (SP1A.210812.016/N975FXXS9HWHA)","Mali-G76","Vulkan","2022.3.62f3"
"unity-2022.3.62f3-builtin-vulkan","unity-rlottie","18ded434e1bd8b155515dd8e2462c91c0a789693","BuiltIn","Vulkan","34.3","35","2026-08-10T21:05:29.8302420Z","B - Vector felt","1","512","512","30","180","7.4984","2819244","7.1385","7.7322","10.0454","10.766","7.138503","140.09","0","33.5731","33.4888","Android","samsung SM-N975F","Android OS 12 / API-31 (SP1A.210812.016/N975FXXS9HWHA)","Mali-G76","Vulkan","2022.3.62f3"
"unity-2022.3.62f3-builtin-vulkan","unity-rlottie","18ded434e1bd8b155515dd8e2462c91c0a789693","BuiltIn","Vulkan","34.3","35","2026-08-10T21:05:37.0345970Z","B - Vector felt","1","1024","1024","30","180","7.8619","11273608","11.6706","11.3769","17.1557","22.0826","11.670609","85.69","14","33.5717","33.4521","Android","samsung SM-N975F","Android OS 12 / API-31 (SP1A.210812.016/N975FXXS9HWHA)","Mali-G76","Vulkan","2022.3.62f3"
"unity-2022.3.62f3-builtin-vulkan","unity-rlottie","18ded434e1bd8b155515dd8e2462c91c0a789693","BuiltIn","Vulkan","34.3","35","2026-08-10T21:05:44.1868750Z","C - Hybrid felt PNG","1","128","128","30","180","8.3687","177452","3.003","2.9956","4.4172","5.1099","3.003023","333","0","33.4815","33.5023","Android","samsung SM-N975F","Android OS 12 / API-31 (SP1A.210812.016/N975FXXS9HWHA)","Mali-G76","Vulkan","2022.3.62f3"
"unity-2022.3.62f3-builtin-vulkan","unity-rlottie","18ded434e1bd8b155515dd8e2462c91c0a789693","BuiltIn","Vulkan","34.3","35","2026-08-10T21:05:51.3477020Z","C - Hybrid felt PNG","1","256","256","30","180","9.9569","705700","4.0424","4.0626","6.1267","7.2165","4.042414","247.38","0","33.4808","33.4506","Android","samsung SM-N975F","Android OS 12 / API-31 (SP1A.210812.016/N975FXXS9HWHA)","Mali-G76","Vulkan","2022.3.62f3"
"unity-2022.3.62f3-builtin-vulkan","unity-rlottie","18ded434e1bd8b155515dd8e2462c91c0a789693","BuiltIn","Vulkan","34.3","35","2026-08-10T21:05:58.5112130Z","C - Hybrid felt PNG","1","512","512","30","180","9.2536","2819244","7.2714","7.3412","10.978","13.51","7.271437","137.52","0","33.6665","33.4603","Android","samsung SM-N975F","Android OS 12 / API-31 (SP1A.210812.016/N975FXXS9HWHA)","Mali-G76","Vulkan","2022.3.62f3"
"unity-2022.3.62f3-builtin-vulkan","unity-rlottie","18ded434e1bd8b155515dd8e2462c91c0a789693","BuiltIn","Vulkan","34.3","35","2026-08-10T21:06:05.7400120Z","C - Hybrid felt PNG","1","1024","1024","30","180","26.6442","11273608","12.3827","12.485","17.1236","30.6179","12.382743","80.76","11","34.0362","33.4787","Android","samsung SM-N975F","Android OS 12 / API-31 (SP1A.210812.016/N975FXXS9HWHA)","Mali-G76","Vulkan","2022.3.62f3"
"unity-6000.3.7f1-builtin-opengles3","unity-rlottie-6000.3.7f1","d18d0422db860ef14830f752738afd0039458b29","BuiltIn","OpenGLES3","35.3","35.1","2026-08-10T21:11:22.5605490Z","A - Stitches","1","128","128","30","180","3.6129","65984","2.4261","2.313","3.8651","4.8988","2.426054","412.19","0","33.7587","33.4837","Android","samsung SM-N975F","Android OS 12 / API-31 (SP1A.210812.016/N975FXXS9HWHA)","Mali-G76","OpenGLES3","6000.3.7f1"
"unity-6000.3.7f1-builtin-opengles3","unity-rlottie-6000.3.7f1","d18d0422db860ef14830f752738afd0039458b29","BuiltIn","OpenGLES3","35.3","35.1","2026-08-10T21:11:29.7224850Z","A - Stitches","1","256","256","30","180","3.1447","262752","3.3842","3.4187","5.3307","8.081","3.384172","295.49","0","33.666","33.4784","Android","samsung SM-N975F","Android OS 12 / API-31 (SP1A.210812.016/N975FXXS9HWHA)","Mali-G76","OpenGLES3","6000.3.7f1"
"unity-6000.3.7f1-builtin-opengles3","unity-rlottie-6000.3.7f1","d18d0422db860ef14830f752738afd0039458b29","BuiltIn","OpenGLES3","35.3","35.1","2026-08-10T21:11:36.9345820Z","A - Stitches","1","512","512","30","180","4.4739","1049024","6.0069","6.3021","8.402","10.5568","6.006881","166.48","0","33.9438","33.4817","Android","samsung SM-N975F","Android OS 12 / API-31 (SP1A.210812.016/N975FXXS9HWHA)","Mali-G76","OpenGLES3","6000.3.7f1"
"unity-6000.3.7f1-builtin-opengles3","unity-rlottie-6000.3.7f1","d18d0422db860ef14830f752738afd0039458b29","BuiltIn","OpenGLES3","35.3","35.1","2026-08-10T21:11:44.1623660Z","A - Stitches","1","1024","1024","30","180","4.5076","4194688","10.6109","10.6077","14.4587","19.8091","10.610921","94.24","4","34.0361","33.5208","Android","samsung SM-N975F","Android OS 12 / API-31 (SP1A.210812.016/N975FXXS9HWHA)","Mali-G76","OpenGLES3","6000.3.7f1"
"unity-6000.3.7f1-builtin-opengles3","unity-rlottie-6000.3.7f1","d18d0422db860ef14830f752738afd0039458b29","BuiltIn","OpenGLES3","35.3","35.1","2026-08-10T21:11:51.3554250Z","B - Vector felt","1","128","128","30","180","6.623","65856","2.9728","2.9263","4.2456","5.2126","2.972836","336.38","0","33.6681","33.5084","Android","samsung SM-N975F","Android OS 12 / API-31 (SP1A.210812.016/N975FXXS9HWHA)","Mali-G76","OpenGLES3","6000.3.7f1"
"unity-6000.3.7f1-builtin-opengles3","unity-rlottie-6000.3.7f1","d18d0422db860ef14830f752738afd0039458b29","BuiltIn","OpenGLES3","35.3","35.1","2026-08-10T21:11:58.5036740Z","B - Vector felt","1","256","256","30","180","4.413","262464","4.1379","4.0651","5.8375","7.4858","4.137872","241.67","0","33.4843","33.4929","Android","samsung SM-N975F","Android OS 12 / API-31 (SP1A.210812.016/N975FXXS9HWHA)","Mali-G76","OpenGLES3","6000.3.7f1"
"unity-6000.3.7f1-builtin-opengles3","unity-rlottie-6000.3.7f1","d18d0422db860ef14830f752738afd0039458b29","BuiltIn","OpenGLES3","35.3","35.1","2026-08-10T21:12:05.7157180Z","B - Vector felt","1","512","512","30","180","10.5203","1049024","6.4373","6.8088","8.7866","10.7686","6.437307","155.34","0","33.6679","33.4749","Android","samsung SM-N975F","Android OS 12 / API-31 (SP1A.210812.016/N975FXXS9HWHA)","Mali-G76","OpenGLES3","6000.3.7f1"
"unity-6000.3.7f1-builtin-opengles3","unity-rlottie-6000.3.7f1","d18d0422db860ef14830f752738afd0039458b29","BuiltIn","OpenGLES3","35.3","35.1","2026-08-10T21:12:12.9773160Z","B - Vector felt","1","1024","1024","30","180","11.8715","4194624","10.3317","10.1329","15.7353","25.0016","10.331743","96.79","5","33.9441","33.5054","Android","samsung SM-N975F","Android OS 12 / API-31 (SP1A.210812.016/N975FXXS9HWHA)","Mali-G76","OpenGLES3","6000.3.7f1"
"unity-6000.3.7f1-builtin-opengles3","unity-rlottie-6000.3.7f1","d18d0422db860ef14830f752738afd0039458b29","BuiltIn","OpenGLES3","35.3","35.1","2026-08-10T21:12:20.1395100Z","C - Hybrid felt PNG","1","128","128","30","180","9.0729","65920","2.5285","2.4784","4.0399","5.8134","2.528541","395.49","0","33.667","33.467","Android","samsung SM-N975F","Android OS 12 / API-31 (SP1A.210812.016/N975FXXS9HWHA)","Mali-G76","OpenGLES3","6000.3.7f1"
"unity-6000.3.7f1-builtin-opengles3","unity-rlottie-6000.3.7f1","d18d0422db860ef14830f752738afd0039458b29","BuiltIn","OpenGLES3","35.3","35.1","2026-08-10T21:12:27.3017710Z","C - Hybrid felt PNG","1","256","256","30","180","15.8257","262528","3.6374","3.6885","5.439","5.9397","3.637436","274.92","0","33.6672","33.4906","Android","samsung SM-N975F","Android OS 12 / API-31 (SP1A.210812.016/N975FXXS9HWHA)","Mali-G76","OpenGLES3","6000.3.7f1"
"unity-6000.3.7f1-builtin-opengles3","unity-rlottie-6000.3.7f1","d18d0422db860ef14830f752738afd0039458b29","BuiltIn","OpenGLES3","35.3","35.1","2026-08-10T21:12:34.4628720Z","C - Hybrid felt PNG","1","512","512","30","180","16.3288","1048960","6.2583","6.0835","9.396","10.9941","6.258337","159.79","0","33.6665","33.4391","Android","samsung SM-N975F","Android OS 12 / API-31 (SP1A.210812.016/N975FXXS9HWHA)","Mali-G76","OpenGLES3","6000.3.7f1"
"unity-6000.3.7f1-builtin-opengles3","unity-rlottie-6000.3.7f1","d18d0422db860ef14830f752738afd0039458b29","BuiltIn","OpenGLES3","35.3","35.1","2026-08-10T21:12:41.7097460Z","C - Hybrid felt PNG","1","1024","1024","30","180","18.0326","4194688","12.0411","12.1105","16.6704","20.6321","12.041079","83.05","10","34.1303","33.4595","Android","samsung SM-N975F","Android OS 12 / API-31 (SP1A.210812.016/N975FXXS9HWHA)","Mali-G76","OpenGLES3","6000.3.7f1"
"unity-6000.3.7f1-builtin-vulkan","unity-rlottie-6000.3.7f1","d18d0422db860ef14830f752738afd0039458b29","BuiltIn","Vulkan","35.1","35.4","2026-08-10T21:13:33.5872730Z","A - Stitches","1","128","128","30","180","5.0948","177456","2.5599","2.5317","3.9607","4.7545","2.559892","390.64","0","33.9412","33.5295","Android","samsung SM-N975F","Android OS 12 / API-31 (SP1A.210812.016/N975FXXS9HWHA)","Mali-G76","Vulkan","6000.3.7f1"
"unity-6000.3.7f1-builtin-vulkan","unity-rlottie-6000.3.7f1","d18d0422db860ef14830f752738afd0039458b29","BuiltIn","Vulkan","35.1","35.4","2026-08-10T21:13:40.7483150Z","A - Stitches","1","256","256","30","180","5.5019","705904","3.726","3.6809","5.6739","7.4043","3.725983","268.39","0","33.6617","33.4866","Android","samsung SM-N975F","Android OS 12 / API-31 (SP1A.210812.016/N975FXXS9HWHA)","Mali-G76","Vulkan","6000.3.7f1"
"unity-6000.3.7f1-builtin-vulkan","unity-rlottie-6000.3.7f1","d18d0422db860ef14830f752738afd0039458b29","BuiltIn","Vulkan","35.1","35.4","2026-08-10T21:13:47.9093410Z","A - Stitches","1","512","512","30","180","6.4087","2819424","6.2366","6.573","9.2689","10.4485","6.23658","160.34","0","33.6649","33.4477","Android","samsung SM-N975F","Android OS 12 / API-31 (SP1A.210812.016/N975FXXS9HWHA)","Mali-G76","Vulkan","6000.3.7f1"
"unity-6000.3.7f1-builtin-vulkan","unity-rlottie-6000.3.7f1","d18d0422db860ef14830f752738afd0039458b29","BuiltIn","Vulkan","35.1","35.4","2026-08-10T21:13:55.1049260Z","A - Stitches","1","1024","1024","30","180","11.2636","11273600","9.8118","9.7459","13.5186","19.9408","9.811824","101.92","2","33.853","33.4508","Android","samsung SM-N975F","Android OS 12 / API-31 (SP1A.210812.016/N975FXXS9HWHA)","Mali-G76","Vulkan","6000.3.7f1"
"unity-6000.3.7f1-builtin-vulkan","unity-rlottie-6000.3.7f1","d18d0422db860ef14830f752738afd0039458b29","BuiltIn","Vulkan","35.1","35.4","2026-08-10T21:14:02.2660440Z","B - Vector felt","1","128","128","30","180","8.2675","177456","3.1235","3.0458","4.6682","6.1111","3.123484","320.16","0","33.6667","33.4954","Android","samsung SM-N975F","Android OS 12 / API-31 (SP1A.210812.016/N975FXXS9HWHA)","Mali-G76","Vulkan","6000.3.7f1"
"unity-6000.3.7f1-builtin-vulkan","unity-rlottie-6000.3.7f1","d18d0422db860ef14830f752738afd0039458b29","BuiltIn","Vulkan","35.1","35.4","2026-08-10T21:14:09.4128600Z","B - Vector felt","1","256","256","30","180","6.8276","705676","4.1142","3.98","6.2341","7.745","4.114159","243.06","0","33.5733","33.4599","Android","samsung SM-N975F","Android OS 12 / API-31 (SP1A.210812.016/N975FXXS9HWHA)","Mali-G76","Vulkan","6000.3.7f1"
"unity-6000.3.7f1-builtin-vulkan","unity-rlottie-6000.3.7f1","d18d0422db860ef14830f752738afd0039458b29","BuiltIn","Vulkan","35.1","35.4","2026-08-10T21:14:16.5749110Z","B - Vector felt","1","512","512","30","180","4.6792","2819228","6.6458","6.7565","8.9634","10.7221","6.645833","150.47","0","33.5777","33.4516","Android","samsung SM-N975F","Android OS 12 / API-31 (SP1A.210812.016/N975FXXS9HWHA)","Mali-G76","Vulkan","6000.3.7f1"
"unity-6000.3.7f1-builtin-vulkan","unity-rlottie-6000.3.7f1","d18d0422db860ef14830f752738afd0039458b29","BuiltIn","Vulkan","35.1","35.4","2026-08-10T21:14:23.8058380Z","B - Vector felt","1","1024","1024","30","180","10.9324","11273600","11.3416","11.2686","15.8194","20.2875","11.341594","88.17","9","33.6681","33.447","Android","samsung SM-N975F","Android OS 12 / API-31 (SP1A.210812.016/N975FXXS9HWHA)","Mali-G76","Vulkan","6000.3.7f1"
"unity-6000.3.7f1-builtin-vulkan","unity-rlottie-6000.3.7f1","d18d0422db860ef14830f752738afd0039458b29","BuiltIn","Vulkan","35.1","35.4","2026-08-10T21:14:30.9473590Z","C - Hybrid felt PNG","1","128","128","30","180","7.8363","177184","2.7441","2.7479","4.0205","4.8883","2.744063","364.42","0","33.4802","33.4696","Android","samsung SM-N975F","Android OS 12 / API-31 (SP1A.210812.016/N975FXXS9HWHA)","Mali-G76","Vulkan","6000.3.7f1"
"unity-6000.3.7f1-builtin-vulkan","unity-rlottie-6000.3.7f1","d18d0422db860ef14830f752738afd0039458b29","BuiltIn","Vulkan","35.1","35.4","2026-08-10T21:14:38.1425640Z","C - Hybrid felt PNG","1","256","256","30","180","7.6293","705676","3.4266","3.4904","5.1151","7.2337","3.426623","291.83","0","33.666","33.4538","Android","samsung SM-N975F","Android OS 12 / API-31 (SP1A.210812.016/N975FXXS9HWHA)","Mali-G76","Vulkan","6000.3.7f1"
"unity-6000.3.7f1-builtin-vulkan","unity-rlottie-6000.3.7f1","d18d0422db860ef14830f752738afd0039458b29","BuiltIn","Vulkan","35.1","35.4","2026-08-10T21:14:45.3377350Z","C - Hybrid felt PNG","1","512","512","30","180","11.8067","2819200","6.5673","6.3579","10.0819","11.1175","6.567329","152.27","0","33.8515","33.4492","Android","samsung SM-N975F","Android OS 12 / API-31 (SP1A.210812.016/N975FXXS9HWHA)","Mali-G76","Vulkan","6000.3.7f1"
"unity-6000.3.7f1-builtin-vulkan","unity-rlottie-6000.3.7f1","d18d0422db860ef14830f752738afd0039458b29","BuiltIn","Vulkan","35.1","35.4","2026-08-10T21:14:52.5499080Z","C - Hybrid felt PNG","1","1024","1024","30","180","21.3626","11273360","11.905","12.1825","15.9323","22.7461","11.904986","84","5","33.9437","33.4728","Android","samsung SM-N975F","Android OS 12 / API-31 (SP1A.210812.016/N975FXXS9HWHA)","Mali-G76","Vulkan","6000.3.7f1"
"unity-6000.3.7f1-urp-opengles3","unity-rlottie-6000.3.7f1-urp","8f411e096368b39ec57ff20d2dfd9637ad9f4914","URP","OpenGLES3","35.1","35.4","2026-08-10T21:20:40.2570730Z","A - Stitches","1","128","128","30","180","2.0875","65944","2.4353","2.3318","3.7931","5.1627","2.435338","410.62","0","33.5689","33.4878","Android","samsung SM-N975F","Android OS 12 / API-31 (SP1A.210812.016/N975FXXS9HWHA)","Mali-G76","OpenGLES3","6000.3.7f1"
"unity-6000.3.7f1-urp-opengles3","unity-rlottie-6000.3.7f1-urp","8f411e096368b39ec57ff20d2dfd9637ad9f4914","URP","OpenGLES3","35.1","35.4","2026-08-10T21:20:47.4671550Z","A - Stitches","1","256","256","30","180","7.9074","262616","3.1732","3.1467","4.8156","6.9272","3.173188","315.14","0","33.9396","33.5232","Android","samsung SM-N975F","Android OS 12 / API-31 (SP1A.210812.016/N975FXXS9HWHA)","Mali-G76","OpenGLES3","6000.3.7f1"
"unity-6000.3.7f1-urp-opengles3","unity-rlottie-6000.3.7f1-urp","8f411e096368b39ec57ff20d2dfd9637ad9f4914","URP","OpenGLES3","35.1","35.4","2026-08-10T21:20:54.6621310Z","A - Stitches","1","512","512","30","180","4.433","1049048","5.388","5.5882","7.9821","10.0043","5.388007","185.6","0","33.848","33.4859","Android","samsung SM-N975F","Android OS 12 / API-31 (SP1A.210812.016/N975FXXS9HWHA)","Mali-G76","OpenGLES3","6000.3.7f1"
"unity-6000.3.7f1-urp-opengles3","unity-rlottie-6000.3.7f1-urp","8f411e096368b39ec57ff20d2dfd9637ad9f4914","URP","OpenGLES3","35.1","35.4","2026-08-10T21:21:01.8558990Z","A - Stitches","1","1024","1024","30","180","4.4955","4194936","10.1416","9.8509","15.0271","19.4671","10.14161","98.6","4","33.847","33.444","Android","samsung SM-N975F","Android OS 12 / API-31 (SP1A.210812.016/N975FXXS9HWHA)","Mali-G76","OpenGLES3","6000.3.7f1"
"unity-6000.3.7f1-urp-opengles3","unity-rlottie-6000.3.7f1-urp","8f411e096368b39ec57ff20d2dfd9637ad9f4914","URP","OpenGLES3","35.1","35.4","2026-08-10T21:21:08.9996360Z","B - Vector felt","1","128","128","30","180","4.4499","65944","2.6913","2.5799","3.973","5.9772","2.691337","371.56","0","33.5675","33.4901","Android","samsung SM-N975F","Android OS 12 / API-31 (SP1A.210812.016/N975FXXS9HWHA)","Mali-G76","OpenGLES3","6000.3.7f1"
"unity-6000.3.7f1-urp-opengles3","unity-rlottie-6000.3.7f1-urp","8f411e096368b39ec57ff20d2dfd9637ad9f4914","URP","OpenGLES3","35.1","35.4","2026-08-10T21:21:16.1621570Z","B - Vector felt","1","256","256","30","180","6.7411","262552","3.6782","3.6009","5.1805","7.2765","3.678185","271.87","0","33.567","33.4764","Android","samsung SM-N975F","Android OS 12 / API-31 (SP1A.210812.016/N975FXXS9HWHA)","Mali-G76","OpenGLES3","6000.3.7f1"
"unity-6000.3.7f1-urp-opengles3","unity-rlottie-6000.3.7f1-urp","8f411e096368b39ec57ff20d2dfd9637ad9f4914","URP","OpenGLES3","35.1","35.4","2026-08-10T21:21:23.3896470Z","B - Vector felt","1","512","512","30","180","3.0945","1048984","6.2996","6.5728","8.5752","10.2443","6.299638","158.74","0","33.6591","33.4291","Android","samsung SM-N975F","Android OS 12 / API-31 (SP1A.210812.016/N975FXXS9HWHA)","Mali-G76","OpenGLES3","6000.3.7f1"
"unity-6000.3.7f1-urp-opengles3","unity-rlottie-6000.3.7f1-urp","8f411e096368b39ec57ff20d2dfd9637ad9f4914","URP","OpenGLES3","35.1","35.4","2026-08-10T21:21:30.6727120Z","B - Vector felt","1","1024","1024","30","180","2.4661","4194648","10.3871","10.1881","15.4816","19.5333","10.387097","96.27","7","34.0306","33.6452","Android","samsung SM-N975F","Android OS 12 / API-31 (SP1A.210812.016/N975FXXS9HWHA)","Mali-G76","OpenGLES3","6000.3.7f1"
"unity-6000.3.7f1-urp-opengles3","unity-rlottie-6000.3.7f1-urp","8f411e096368b39ec57ff20d2dfd9637ad9f4914","URP","OpenGLES3","35.1","35.4","2026-08-10T21:21:37.8421150Z","C - Hybrid felt PNG","1","128","128","30","180","6.8351","65944","2.5555","2.4921","3.9793","5.5825","2.555511","391.31","0","33.7545","33.4453","Android","samsung SM-N975F","Android OS 12 / API-31 (SP1A.210812.016/N975FXXS9HWHA)","Mali-G76","OpenGLES3","6000.3.7f1"
"unity-6000.3.7f1-urp-opengles3","unity-rlottie-6000.3.7f1-urp","8f411e096368b39ec57ff20d2dfd9637ad9f4914","URP","OpenGLES3","35.1","35.4","2026-08-10T21:21:45.0537410Z","C - Hybrid felt PNG","1","256","256","30","180","14.6692","262616","3.6825","3.7042","5.3102","6.2074","3.682523","271.55","0","33.9389","33.5165","Android","samsung SM-N975F","Android OS 12 / API-31 (SP1A.210812.016/N975FXXS9HWHA)","Mali-G76","OpenGLES3","6000.3.7f1"
"unity-6000.3.7f1-urp-opengles3","unity-rlottie-6000.3.7f1-urp","8f411e096368b39ec57ff20d2dfd9637ad9f4914","URP","OpenGLES3","35.1","35.4","2026-08-10T21:21:52.1965800Z","C - Hybrid felt PNG","1","512","512","30","180","14.0809","1048984","6.145","5.9268","9.3869","10.7313","6.145008","162.73","0","33.5683","33.4271","Android","samsung SM-N975F","Android OS 12 / API-31 (SP1A.210812.016/N975FXXS9HWHA)","Mali-G76","OpenGLES3","6000.3.7f1"
"unity-6000.3.7f1-urp-opengles3","unity-rlottie-6000.3.7f1-urp","8f411e096368b39ec57ff20d2dfd9637ad9f4914","URP","OpenGLES3","35.1","35.4","2026-08-10T21:21:59.4917040Z","C - Hybrid felt PNG","1","1024","1024","30","180","13.262","4194776","11.6933","11.6941","16.0481","19.963","11.693328","85.52","6","34.4022","50.0546","Android","samsung SM-N975F","Android OS 12 / API-31 (SP1A.210812.016/N975FXXS9HWHA)","Mali-G76","OpenGLES3","6000.3.7f1"
"unity-6000.3.7f1-urp-vulkan","unity-rlottie-6000.3.7f1-urp","8f411e096368b39ec57ff20d2dfd9637ad9f4914","URP","Vulkan","35.4","35.1","2026-08-10T21:18:12.1034220Z","A - Stitches","1","128","128","30","180","3.8832","177456","2.3925","2.3165","3.7357","3.9366","2.392542","417.97","0","33.5671","33.4543","Android","samsung SM-N975F","Android OS 12 / API-31 (SP1A.210812.016/N975FXXS9HWHA)","Mali-G76","Vulkan","6000.3.7f1"
"unity-6000.3.7f1-urp-vulkan","unity-rlottie-6000.3.7f1-urp","8f411e096368b39ec57ff20d2dfd9637ad9f4914","URP","Vulkan","35.4","35.1","2026-08-10T21:18:19.2641750Z","A - Stitches","1","256","256","30","180","3.9324","705904","3.4032","3.3951","5.2463","7.1833","3.403163","293.84","0","33.6615","33.4657","Android","samsung SM-N975F","Android OS 12 / API-31 (SP1A.210812.016/N975FXXS9HWHA)","Mali-G76","Vulkan","6000.3.7f1"
"unity-6000.3.7f1-urp-vulkan","unity-rlottie-6000.3.7f1-urp","8f411e096368b39ec57ff20d2dfd9637ad9f4914","URP","Vulkan","35.4","35.1","2026-08-10T21:18:26.4248980Z","A - Stitches","1","512","512","30","180","5.6457","2819424","5.9546","6.2598","8.9796","9.9794","5.954589","167.94","0","33.6629","33.4351","Android","samsung SM-N975F","Android OS 12 / API-31 (SP1A.210812.016/N975FXXS9HWHA)","Mali-G76","Vulkan","6000.3.7f1"
"unity-6000.3.7f1-urp-vulkan","unity-rlottie-6000.3.7f1-urp","8f411e096368b39ec57ff20d2dfd9637ad9f4914","URP","Vulkan","35.4","35.1","2026-08-10T21:18:33.6369970Z","A - Stitches","1","1024","1024","30","180","16.4778","11273384","10.379","10.2246","14.913","17.6293","10.379038","96.35","3","33.9426","33.4434","Android","samsung SM-N975F","Android OS 12 / API-31 (SP1A.210812.016/N975FXXS9HWHA)","Mali-G76","Vulkan","6000.3.7f1"
"unity-6000.3.7f1-urp-vulkan","unity-rlottie-6000.3.7f1-urp","8f411e096368b39ec57ff20d2dfd9637ad9f4914","URP","Vulkan","35.4","35.1","2026-08-10T21:18:40.7972110Z","B - Vector felt","1","128","128","30","180","4.8584","177456","2.8659","2.7987","4.2575","6.0563","2.865859","348.94","0","33.6631","33.4767","Android","samsung SM-N975F","Android OS 12 / API-31 (SP1A.210812.016/N975FXXS9HWHA)","Mali-G76","Vulkan","6000.3.7f1"
"unity-6000.3.7f1-urp-vulkan","unity-rlottie-6000.3.7f1-urp","8f411e096368b39ec57ff20d2dfd9637ad9f4914","URP","Vulkan","35.4","35.1","2026-08-10T21:18:47.9970410Z","B - Vector felt","1","256","256","30","180","7.7433","705872","4.1109","4.1427","5.7419","6.6182","4.110924","243.25","0","33.8474","33.4426","Android","samsung SM-N975F","Android OS 12 / API-31 (SP1A.210812.016/N975FXXS9HWHA)","Mali-G76","Vulkan","6000.3.7f1"
"unity-6000.3.7f1-urp-vulkan","unity-rlottie-6000.3.7f1-urp","8f411e096368b39ec57ff20d2dfd9637ad9f4914","URP","Vulkan","35.4","35.1","2026-08-10T21:18:55.1523300Z","B - Vector felt","1","512","512","30","180","3.3425","2819248","6.1373","6.357","8.2862","10.2366","6.137309","162.94","0","33.5693","33.4501","Android","samsung SM-N975F","Android OS 12 / API-31 (SP1A.210812.016/N975FXXS9HWHA)","Mali-G76","Vulkan","6000.3.7f1"
"unity-6000.3.7f1-urp-vulkan","unity-rlottie-6000.3.7f1-urp","8f411e096368b39ec57ff20d2dfd9637ad9f4914","URP","Vulkan","35.4","35.1","2026-08-10T21:19:02.4384540Z","B - Vector felt","1","1024","1024","30","180","9.6651","11273624","10.8025","10.7221","15.5507","18.9215","10.802527","92.57","6","33.7579","33.434","Android","samsung SM-N975F","Android OS 12 / API-31 (SP1A.210812.016/N975FXXS9HWHA)","Mali-G76","Vulkan","6000.3.7f1"
"unity-6000.3.7f1-urp-vulkan","unity-rlottie-6000.3.7f1-urp","8f411e096368b39ec57ff20d2dfd9637ad9f4914","URP","Vulkan","35.4","35.1","2026-08-10T21:19:09.6254780Z","C - Hybrid felt PNG","1","128","128","30","180","6.6716","177260","2.6567","2.6089","4.2502","6.6753","2.656709","376.41","0","33.6642","33.4581","Android","samsung SM-N975F","Android OS 12 / API-31 (SP1A.210812.016/N975FXXS9HWHA)","Mali-G76","Vulkan","6000.3.7f1"
"unity-6000.3.7f1-urp-vulkan","unity-rlottie-6000.3.7f1-urp","8f411e096368b39ec57ff20d2dfd9637ad9f4914","URP","Vulkan","35.4","35.1","2026-08-10T21:19:16.8034980Z","C - Hybrid felt PNG","1","256","256","30","180","7.9096","705872","3.7733","3.7914","5.6896","6.2533","3.773266","265.02","0","33.7571","33.4366","Android","samsung SM-N975F","Android OS 12 / API-31 (SP1A.210812.016/N975FXXS9HWHA)","Mali-G76","Vulkan","6000.3.7f1"
"unity-6000.3.7f1-urp-vulkan","unity-rlottie-6000.3.7f1-urp","8f411e096368b39ec57ff20d2dfd9637ad9f4914","URP","Vulkan","35.4","35.1","2026-08-10T21:19:23.9986500Z","C - Hybrid felt PNG","1","512","512","30","180","18.9508","2819004","6.1075","5.771","9.2901","11.266","6.107525","163.73","0","33.8516","33.5375","Android","samsung SM-N975F","Android OS 12 / API-31 (SP1A.210812.016/N975FXXS9HWHA)","Mali-G76","Vulkan","6000.3.7f1"
"unity-6000.3.7f1-urp-vulkan","unity-rlottie-6000.3.7f1-urp","8f411e096368b39ec57ff20d2dfd9637ad9f4914","URP","Vulkan","35.4","35.1","2026-08-10T21:19:31.2610510Z","C - Hybrid felt PNG","1","1024","1024","30","180","20.7154","11273360","11.9201","12.1622","16.138","19.2475","11.920061","83.89","6","34.2195","33.4744","Android","samsung SM-N975F","Android OS 12 / API-31 (SP1A.210812.016/N975FXXS9HWHA)","Mali-G76","Vulkan","6000.3.7f1"
"unity-6000.4.5f1-builtin-opengles3","unity-rlottie-6000.4.5f1","e218590c4ff5f4604b9929758976a1a4104dfc03","BuiltIn","OpenGLES3","35.4","35.5","2026-08-10T21:25:11.0562200Z","A - Stitches","1","128","128","30","180","4.4055","65984","2.4691","2.3511","3.9212","7.5001","2.469138","405","0","33.846","33.5188","Android","samsung SM-N975F","Android OS 12 / API-31 (SP1A.210812.016/N975FXXS9HWHA)","Mali-G76","OpenGLES3","6000.4.5f1"
"unity-6000.4.5f1-builtin-opengles3","unity-rlottie-6000.4.5f1","e218590c4ff5f4604b9929758976a1a4104dfc03","BuiltIn","OpenGLES3","35.4","35.5","2026-08-10T21:25:18.2007140Z","A - Stitches","1","256","256","30","180","7.4516","262528","2.7912","2.6674","4.7187","8.3916","2.79115","358.28","0","33.5691","33.4306","Android","samsung SM-N975F","Android OS 12 / API-31 (SP1A.210812.016/N975FXXS9HWHA)","Mali-G76","OpenGLES3","6000.4.5f1"
"unity-6000.4.5f1-builtin-opengles3","unity-rlottie-6000.4.5f1","e218590c4ff5f4604b9929758976a1a4104dfc03","BuiltIn","OpenGLES3","35.4","35.5","2026-08-10T21:25:25.3771590Z","A - Stitches","1","512","512","30","180","5.0028","1049184","4.8012","4.8189","7.3138","8.5113","4.801163","208.28","0","33.7518","33.5366","Android","samsung SM-N975F","Android OS 12 / API-31 (SP1A.210812.016/N975FXXS9HWHA)","Mali-G76","OpenGLES3","6000.4.5f1"
"unity-6000.4.5f1-builtin-opengles3","unity-rlottie-6000.4.5f1","e218590c4ff5f4604b9929758976a1a4104dfc03","BuiltIn","OpenGLES3","35.4","35.5","2026-08-10T21:25:32.5715770Z","A - Stitches","1","1024","1024","30","180","2.8286","4194688","10.0998","10.0862","14.2109","21.2493","10.099771","99.01","3","33.8461","33.4332","Android","samsung SM-N975F","Android OS 12 / API-31 (SP1A.210812.016/N975FXXS9HWHA)","Mali-G76","OpenGLES3","6000.4.5f1"
"unity-6000.4.5f1-builtin-opengles3","unity-rlottie-6000.4.5f1","e218590c4ff5f4604b9929758976a1a4104dfc03","BuiltIn","OpenGLES3","35.4","35.5","2026-08-10T21:25:39.7991120Z","B - Vector felt","1","128","128","30","180","5.7451","65920","2.9433","2.9289","4.4695","5.4375","2.943319","339.75","0","33.9408","33.551","Android","samsung SM-N975F","Android OS 12 / API-31 (SP1A.210812.016/N975FXXS9HWHA)","Mali-G76","OpenGLES3","6000.4.5f1"
"unity-6000.4.5f1-builtin-opengles3","unity-rlottie-6000.4.5f1","e218590c4ff5f4604b9929758976a1a4104dfc03","BuiltIn","OpenGLES3","35.4","35.5","2026-08-10T21:25:46.9773500Z","B - Vector felt","1","256","256","30","180","7.124","262528","3.8123","3.879","5.6879","6.6385","3.812278","262.31","0","33.6611","33.4486","Android","samsung SM-N975F","Android OS 12 / API-31 (SP1A.210812.016/N975FXXS9HWHA)","Mali-G76","OpenGLES3","6000.4.5f1"
"unity-6000.4.5f1-builtin-opengles3","unity-rlottie-6000.4.5f1","e218590c4ff5f4604b9929758976a1a4104dfc03","BuiltIn","OpenGLES3","35.4","35.5","2026-08-10T21:25:54.1466140Z","B - Vector felt","1","512","512","30","180","4.7726","1048960","6.7319","7.2227","9.6333","11.4058","6.731939","148.55","0","33.478","33.4685","Android","samsung SM-N975F","Android OS 12 / API-31 (SP1A.210812.016/N975FXXS9HWHA)","Mali-G76","OpenGLES3","6000.4.5f1"
"unity-6000.4.5f1-builtin-opengles3","unity-rlottie-6000.4.5f1","e218590c4ff5f4604b9929758976a1a4104dfc03","BuiltIn","OpenGLES3","35.4","35.5","2026-08-10T21:26:01.3975050Z","B - Vector felt","1","1024","1024","30","180","2.5317","4194624","10.3924","10.4124","16.2317","21.5233","10.392351","96.22","8","33.754","33.4546","Android","samsung SM-N975F","Android OS 12 / API-31 (SP1A.210812.016/N975FXXS9HWHA)","Mali-G76","OpenGLES3","6000.4.5f1"
"unity-6000.4.5f1-builtin-opengles3","unity-rlottie-6000.4.5f1","e218590c4ff5f4604b9929758976a1a4104dfc03","BuiltIn","OpenGLES3","35.4","35.5","2026-08-10T21:26:08.5607610Z","C - Hybrid felt PNG","1","128","128","30","180","7.7989","65856","2.6161","2.5539","4.0632","5.9775","2.616116","382.25","0","33.5695","33.483","Android","samsung SM-N975F","Android OS 12 / API-31 (SP1A.210812.016/N975FXXS9HWHA)","Mali-G76","OpenGLES3","6000.4.5f1"
"unity-6000.4.5f1-builtin-opengles3","unity-rlottie-6000.4.5f1","e218590c4ff5f4604b9929758976a1a4104dfc03","BuiltIn","OpenGLES3","35.4","35.5","2026-08-10T21:26:15.7537180Z","C - Hybrid felt PNG","1","256","256","30","180","15.7279","262528","3.5723","3.6367","5.3069","6.8782","3.572254","279.94","0","33.8492","33.4767","Android","samsung SM-N975F","Android OS 12 / API-31 (SP1A.210812.016/N975FXXS9HWHA)","Mali-G76","OpenGLES3","6000.4.5f1"
"unity-6000.4.5f1-builtin-opengles3","unity-rlottie-6000.4.5f1","e218590c4ff5f4604b9929758976a1a4104dfc03","BuiltIn","OpenGLES3","35.4","35.5","2026-08-10T21:26:22.9482170Z","C - Hybrid felt PNG","1","512","512","30","180","15.8137","1048960","6.6097","6.3271","10.0944","12.7012","6.60967","151.29","0","33.7532","33.466","Android","samsung SM-N975F","Android OS 12 / API-31 (SP1A.210812.016/N975FXXS9HWHA)","Mali-G76","OpenGLES3","6000.4.5f1"
"unity-6000.4.5f1-builtin-opengles3","unity-rlottie-6000.4.5f1","e218590c4ff5f4604b9929758976a1a4104dfc03","BuiltIn","OpenGLES3","35.4","35.5","2026-08-10T21:26:30.2254410Z","C - Hybrid felt PNG","1","1024","1024","30","180","21.7764","4194688","12.5314","12.4425","17.0301","23.447","12.531403","79.8","14","34.3089","50.0605","Android","samsung SM-N975F","Android OS 12 / API-31 (SP1A.210812.016/N975FXXS9HWHA)","Mali-G76","OpenGLES3","6000.4.5f1"
"unity-6000.4.5f1-builtin-vulkan","unity-rlottie-6000.4.5f1","e218590c4ff5f4604b9929758976a1a4104dfc03","BuiltIn","Vulkan","35.5","35.7","2026-08-10T21:27:21.8792360Z","A - Stitches","1","128","128","30","180","4.651","177472","2.6045","2.5475","4.0538","5.5764","2.604473","383.95","0","33.7546","33.4978","Android","samsung SM-N975F","Android OS 12 / API-31 (SP1A.210812.016/N975FXXS9HWHA)","Mali-G76","Vulkan","6000.4.5f1"
"unity-6000.4.5f1-builtin-vulkan","unity-rlottie-6000.4.5f1","e218590c4ff5f4604b9929758976a1a4104dfc03","BuiltIn","Vulkan","35.5","35.7","2026-08-10T21:27:29.0402360Z","A - Stitches","1","256","256","30","180","7.7349","705904","3.6014","3.6915","5.385","7.8345","3.601396","277.67","0","33.6625","33.5187","Android","samsung SM-N975F","Android OS 12 / API-31 (SP1A.210812.016/N975FXXS9HWHA)","Mali-G76","Vulkan","6000.4.5f1"
"unity-6000.4.5f1-builtin-vulkan","unity-rlottie-6000.4.5f1","e218590c4ff5f4604b9929758976a1a4104dfc03","BuiltIn","Vulkan","35.5","35.7","2026-08-10T21:27:36.2019800Z","A - Stitches","1","512","512","30","180","7.8471","2819440","6.1536","6.4417","8.7576","9.9362","6.153616","162.51","0","33.6632","33.4401","Android","samsung SM-N975F","Android OS 12 / API-31 (SP1A.210812.016/N975FXXS9HWHA)","Mali-G76","Vulkan","6000.4.5f1"
"unity-6000.4.5f1-builtin-vulkan","unity-rlottie-6000.4.5f1","e218590c4ff5f4604b9929758976a1a4104dfc03","BuiltIn","Vulkan","35.5","35.7","2026-08-10T21:27:43.3952670Z","A - Stitches","1","1024","1024","30","180","10.3386","11273616","10.3419","10.253","14.2196","19.1062","10.341851","96.69","1","33.7552","33.4391","Android","samsung SM-N975F","Android OS 12 / API-31 (SP1A.210812.016/N975FXXS9HWHA)","Mali-G76","Vulkan","6000.4.5f1"
"unity-6000.4.5f1-builtin-vulkan","unity-rlottie-6000.4.5f1","e218590c4ff5f4604b9929758976a1a4104dfc03","BuiltIn","Vulkan","35.5","35.7","2026-08-10T21:27:50.5560000Z","B - Vector felt","1","128","128","30","180","6.0533","177472","2.9803","2.9589","4.2962","5.1693","2.980277","335.54","0","33.5679","33.4997","Android","samsung SM-N975F","Android OS 12 / API-31 (SP1A.210812.016/N975FXXS9HWHA)","Mali-G76","Vulkan","6000.4.5f1"
"unity-6000.4.5f1-builtin-vulkan","unity-rlottie-6000.4.5f1","e218590c4ff5f4604b9929758976a1a4104dfc03","BuiltIn","Vulkan","35.5","35.7","2026-08-10T21:27:57.7225090Z","B - Vector felt","1","256","256","30","180","6.9704","705868","4.1873","4.2497","5.9903","7.7507","4.187282","238.82","0","33.661","33.4883","Android","samsung SM-N975F","Android OS 12 / API-31 (SP1A.210812.016/N975FXXS9HWHA)","Mali-G76","Vulkan","6000.4.5f1"
"unity-6000.4.5f1-builtin-vulkan","unity-rlottie-6000.4.5f1","e218590c4ff5f4604b9929758976a1a4104dfc03","BuiltIn","Vulkan","35.5","35.7","2026-08-10T21:28:04.8767500Z","B - Vector felt","1","512","512","30","180","3.7595","2819440","6.8382","7.2607","9.5313","11.0153","6.838243","146.24","0","33.4754","33.4418","Android","samsung SM-N975F","Android OS 12 / API-31 (SP1A.210812.016/N975FXXS9HWHA)","Mali-G76","Vulkan","6000.4.5f1"
"unity-6000.4.5f1-builtin-vulkan","unity-rlottie-6000.4.5f1","e218590c4ff5f4604b9929758976a1a4104dfc03","BuiltIn","Vulkan","35.5","35.7","2026-08-10T21:28:12.0884900Z","B - Vector felt","1","1024","1024","30","180","9.2036","11273616","11.001","10.9819","15.0128","21.0215","11.000981","90.9","6","33.661","33.4364","Android","samsung SM-N975F","Android OS 12 / API-31 (SP1A.210812.016/N975FXXS9HWHA)","Mali-G76","Vulkan","6000.4.5f1"
"unity-6000.4.5f1-builtin-vulkan","unity-rlottie-6000.4.5f1","e218590c4ff5f4604b9929758976a1a4104dfc03","BuiltIn","Vulkan","35.5","35.7","2026-08-10T21:28:19.2553080Z","C - Hybrid felt PNG","1","128","128","30","180","8.609","177472","2.6996","2.645","3.9399","5.1694","2.699623","370.42","0","33.5676","33.4892","Android","samsung SM-N975F","Android OS 12 / API-31 (SP1A.210812.016/N975FXXS9HWHA)","Mali-G76","Vulkan","6000.4.5f1"
"unity-6000.4.5f1-builtin-vulkan","unity-rlottie-6000.4.5f1","e218590c4ff5f4604b9929758976a1a4104dfc03","BuiltIn","Vulkan","35.5","35.7","2026-08-10T21:28:26.4418000Z","C - Hybrid felt PNG","1","256","256","30","180","8.9613","705868","3.7051","3.6293","5.7259","6.9837","3.705143","269.9","0","33.7542","33.5457","Android","samsung SM-N975F","Android OS 12 / API-31 (SP1A.210812.016/N975FXXS9HWHA)","Mali-G76","Vulkan","6000.4.5f1"
"unity-6000.4.5f1-builtin-vulkan","unity-rlottie-6000.4.5f1","e218590c4ff5f4604b9929758976a1a4104dfc03","BuiltIn","Vulkan","35.5","35.7","2026-08-10T21:28:33.6359400Z","C - Hybrid felt PNG","1","512","512","30","180","9.818","2819440","6.9118","6.764","10.5652","12.3885","6.911777","144.68","0","33.8439","33.4529","Android","samsung SM-N975F","Android OS 12 / API-31 (SP1A.210812.016/N975FXXS9HWHA)","Mali-G76","Vulkan","6000.4.5f1"
"unity-6000.4.5f1-builtin-vulkan","unity-rlottie-6000.4.5f1","e218590c4ff5f4604b9929758976a1a4104dfc03","BuiltIn","Vulkan","35.5","35.7","2026-08-10T21:28:40.8963720Z","C - Hybrid felt PNG","1","1024","1024","30","180","21.04","11273616","12.0942","12.1337","16.725","20.4963","12.094162","82.68","10","34.2158","33.5109","Android","samsung SM-N975F","Android OS 12 / API-31 (SP1A.210812.016/N975FXXS9HWHA)","Mali-G76","Vulkan","6000.4.5f1"
"unity-6000.4.5f1-urp-opengles3","unity-rlottie-6000.4.5f1-urp","045c7e61a9e526024070a43c928e0a907cf2b807","URP","OpenGLES3","35.5","35.9","2026-08-10T21:34:31.8758260Z","A - Stitches","1","128","128","30","180","2.8878","65920","2.4333","2.3445","3.99","7.0357","2.433276","410.97","0","33.846","33.5177","Android","samsung SM-N975F","Android OS 12 / API-31 (SP1A.210812.016/N975FXXS9HWHA)","Mali-G76","OpenGLES3","6000.4.5f1"
"unity-6000.4.5f1-urp-opengles3","unity-rlottie-6000.4.5f1-urp","045c7e61a9e526024070a43c928e0a907cf2b807","URP","OpenGLES3","35.5","35.9","2026-08-10T21:34:39.0711310Z","A - Stitches","1","256","256","30","180","8.5172","262592","3.465","3.4636","5.1819","6.4609","3.464993","288.6","0","33.849","33.5086","Android","samsung SM-N975F","Android OS 12 / API-31 (SP1A.210812.016/N975FXXS9HWHA)","Mali-G76","OpenGLES3","6000.4.5f1"
"unity-6000.4.5f1-urp-opengles3","unity-rlottie-6000.4.5f1-urp","045c7e61a9e526024070a43c928e0a907cf2b807","URP","OpenGLES3","35.5","35.9","2026-08-10T21:34:46.2652780Z","A - Stitches","1","512","512","30","180","4.6942","1049024","5.5653","5.8537","7.8524","9.1981","5.565314","179.68","0","33.8488","33.4742","Android","samsung SM-N975F","Android OS 12 / API-31 (SP1A.210812.016/N975FXXS9HWHA)","Mali-G76","OpenGLES3","6000.4.5f1"
"unity-6000.4.5f1-urp-opengles3","unity-rlottie-6000.4.5f1-urp","045c7e61a9e526024070a43c928e0a907cf2b807","URP","OpenGLES3","35.5","35.9","2026-08-10T21:34:53.5095630Z","A - Stitches","1","1024","1024","30","180","7.1951","4194752","10.0771","10.0273","13.9204","16.8688","10.077078","99.24","1","34.1257","33.5306","Android","samsung SM-N975F","Android OS 12 / API-31 (SP1A.210812.016/N975FXXS9HWHA)","Mali-G76","OpenGLES3","6000.4.5f1"
"unity-6000.4.5f1-urp-opengles3","unity-rlottie-6000.4.5f1-urp","045c7e61a9e526024070a43c928e0a907cf2b807","URP","OpenGLES3","35.5","35.9","2026-08-10T21:35:00.7206990Z","B - Vector felt","1","128","128","30","180","3.6345","65920","2.8568","2.8178","4.2082","5.7469","2.856825","350.04","0","33.7567","33.458","Android","samsung SM-N975F","Android OS 12 / API-31 (SP1A.210812.016/N975FXXS9HWHA)","Mali-G76","OpenGLES3","6000.4.5f1"
"unity-6000.4.5f1-urp-opengles3","unity-rlottie-6000.4.5f1-urp","045c7e61a9e526024070a43c928e0a907cf2b807","URP","OpenGLES3","35.5","35.9","2026-08-10T21:35:07.9000690Z","B - Vector felt","1","256","256","30","180","2.5571","262464","3.9761","4.003","5.7415","7.0477","3.976052","251.51","0","33.6633","33.4379","Android","samsung SM-N975F","Android OS 12 / API-31 (SP1A.210812.016/N975FXXS9HWHA)","Mali-G76","OpenGLES3","6000.4.5f1"
"unity-6000.4.5f1-urp-opengles3","unity-rlottie-6000.4.5f1-urp","045c7e61a9e526024070a43c928e0a907cf2b807","URP","OpenGLES3","35.5","35.9","2026-08-10T21:35:15.0888360Z","B - Vector felt","1","512","512","30","180","2.5871","1048896","5.8395","5.9207","8.0441","8.6979","5.8395","171.25","0","33.6626","33.4652","Android","samsung SM-N975F","Android OS 12 / API-31 (SP1A.210812.016/N975FXXS9HWHA)","Mali-G76","OpenGLES3","6000.4.5f1"
"unity-6000.4.5f1-urp-opengles3","unity-rlottie-6000.4.5f1-urp","045c7e61a9e526024070a43c928e0a907cf2b807","URP","OpenGLES3","35.5","35.9","2026-08-10T21:35:22.3882840Z","B - Vector felt","1","1024","1024","30","180","4.0335","4194624","10.4687","10.3465","15.4375","19.0838","10.46874","95.52","2","34.2194","33.7288","Android","samsung SM-N975F","Android OS 12 / API-31 (SP1A.210812.016/N975FXXS9HWHA)","Mali-G76","OpenGLES3","6000.4.5f1"
"unity-6000.4.5f1-urp-opengles3","unity-rlottie-6000.4.5f1-urp","045c7e61a9e526024070a43c928e0a907cf2b807","URP","OpenGLES3","35.5","35.9","2026-08-10T21:35:29.5489430Z","C - Hybrid felt PNG","1","128","128","30","180","14.991","65920","2.5487","2.4409","3.8061","5.6431","2.548686","392.36","0","33.6632","33.4747","Android","samsung SM-N975F","Android OS 12 / API-31 (SP1A.210812.016/N975FXXS9HWHA)","Mali-G76","OpenGLES3","6000.4.5f1"
"unity-6000.4.5f1-urp-opengles3","unity-rlottie-6000.4.5f1-urp","045c7e61a9e526024070a43c928e0a907cf2b807","URP","OpenGLES3","35.5","35.9","2026-08-10T21:35:36.7259080Z","C - Hybrid felt PNG","1","256","256","30","180","17.5712","262592","3.5093","3.5012","5.1675","7.1184","3.509252","284.96","0","33.756","33.4646","Android","samsung SM-N975F","Android OS 12 / API-31 (SP1A.210812.016/N975FXXS9HWHA)","Mali-G76","OpenGLES3","6000.4.5f1"
"unity-6000.4.5f1-urp-opengles3","unity-rlottie-6000.4.5f1-urp","045c7e61a9e526024070a43c928e0a907cf2b807","URP","OpenGLES3","35.5","35.9","2026-08-10T21:35:43.9043960Z","C - Hybrid felt PNG","1","512","512","30","180","12.7506","1049024","6.3391","6.626","9.3392","11.9578","6.339138","157.75","0","33.756","33.4462","Android","samsung SM-N975F","Android OS 12 / API-31 (SP1A.210812.016/N975FXXS9HWHA)","Mali-G76","OpenGLES3","6000.4.5f1"
"unity-6000.4.5f1-urp-opengles3","unity-rlottie-6000.4.5f1-urp","045c7e61a9e526024070a43c928e0a907cf2b807","URP","OpenGLES3","35.5","35.9","2026-08-10T21:35:51.1661140Z","C - Hybrid felt PNG","1","1024","1024","30","180","14.9124","4194776","12.1112","12.2481","16.0985","20.1703","12.111156","82.57","8","34.222","33.5032","Android","samsung SM-N975F","Android OS 12 / API-31 (SP1A.210812.016/N975FXXS9HWHA)","Mali-G76","OpenGLES3","6000.4.5f1"
"unity-6000.4.5f1-urp-vulkan","unity-rlottie-6000.4.5f1-urp","045c7e61a9e526024070a43c928e0a907cf2b807","URP","Vulkan","35.7","35.5","2026-08-10T21:32:08.8968010Z","A - Stitches","1","128","128","30","180","5.894","177696","2.4373","2.3632","3.6553","4.5809","2.437287","410.29","0","33.5713","33.4714","Android","samsung SM-N975F","Android OS 12 / API-31 (SP1A.210812.016/N975FXXS9HWHA)","Mali-G76","Vulkan","6000.4.5f1"
"unity-6000.4.5f1-urp-vulkan","unity-rlottie-6000.4.5f1-urp","045c7e61a9e526024070a43c928e0a907cf2b807","URP","Vulkan","35.7","35.5","2026-08-10T21:32:16.0406430Z","A - Stitches","1","256","256","30","180","8.064","705920","3.5234","3.4321","5.44","7.7153","3.523364","283.82","0","33.5672","33.4623","Android","samsung SM-N975F","Android OS 12 / API-31 (SP1A.210812.016/N975FXXS9HWHA)","Mali-G76","Vulkan","6000.4.5f1"
"unity-6000.4.5f1-urp-vulkan","unity-rlottie-6000.4.5f1-urp","045c7e61a9e526024070a43c928e0a907cf2b807","URP","Vulkan","35.7","35.5","2026-08-10T21:32:23.1848350Z","A - Stitches","1","512","512","30","180","7.1744","2819440","5.9287","6.2851","8.3693","9.2126","5.928713","168.67","0","33.5692","33.4316","Android","samsung SM-N975F","Android OS 12 / API-31 (SP1A.210812.016/N975FXXS9HWHA)","Mali-G76","Vulkan","6000.4.5f1"
"unity-6000.4.5f1-urp-vulkan","unity-rlottie-6000.4.5f1-urp","045c7e61a9e526024070a43c928e0a907cf2b807","URP","Vulkan","35.7","35.5","2026-08-10T21:32:30.3791100Z","A - Stitches","1","1024","1024","30","180","17.4427","11273616","9.8922","9.9316","13.9986","17.8977","9.8922","101.09","2","33.8493","33.4307","Android","samsung SM-N975F","Android OS 12 / API-31 (SP1A.210812.016/N975FXXS9HWHA)","Mali-G76","Vulkan","6000.4.5f1"
"unity-6000.4.5f1-urp-vulkan","unity-rlottie-6000.4.5f1-urp","045c7e61a9e526024070a43c928e0a907cf2b807","URP","Vulkan","35.7","35.5","2026-08-10T21:32:37.5568430Z","B - Vector felt","1","128","128","30","180","4.9414","177472","3.0695","2.933","4.7477","5.6566","3.069467","325.79","0","33.7574","33.5004","Android","samsung SM-N975F","Android OS 12 / API-31 (SP1A.210812.016/N975FXXS9HWHA)","Mali-G76","Vulkan","6000.4.5f1"
"unity-6000.4.5f1-urp-vulkan","unity-rlottie-6000.4.5f1-urp","045c7e61a9e526024070a43c928e0a907cf2b807","URP","Vulkan","35.7","35.5","2026-08-10T21:32:44.8073340Z","B - Vector felt","1","256","256","30","180","6.8515","705868","3.808","3.884","5.479","7.0528","3.808036","262.6","0","33.756","33.4551","Android","samsung SM-N975F","Android OS 12 / API-31 (SP1A.210812.016/N975FXXS9HWHA)","Mali-G76","Vulkan","6000.4.5f1"
"unity-6000.4.5f1-urp-vulkan","unity-rlottie-6000.4.5f1-urp","045c7e61a9e526024070a43c928e0a907cf2b807","URP","Vulkan","35.7","35.5","2026-08-10T21:32:52.0093840Z","B - Vector felt","1","512","512","30","180","3.3331","2819420","6.8909","7.1284","9.6466","10.8338","6.8909","145.12","0","33.6642","33.4317","Android","samsung SM-N975F","Android OS 12 / API-31 (SP1A.210812.016/N975FXXS9HWHA)","Mali-G76","Vulkan","6000.4.5f1"
"unity-6000.4.5f1-urp-vulkan","unity-rlottie-6000.4.5f1-urp","045c7e61a9e526024070a43c928e0a907cf2b807","URP","Vulkan","35.7","35.5","2026-08-10T21:32:59.2649380Z","B - Vector felt","1","1024","1024","30","180","6.857","11273596","10.7558","10.6287","15.8478","24.347","10.755779","92.97","8","33.8475","33.4895","Android","samsung SM-N975F","Android OS 12 / API-31 (SP1A.210812.016/N975FXXS9HWHA)","Mali-G76","Vulkan","6000.4.5f1"
"unity-6000.4.5f1-urp-vulkan","unity-rlottie-6000.4.5f1-urp","045c7e61a9e526024070a43c928e0a907cf2b807","URP","Vulkan","35.7","35.5","2026-08-10T21:33:06.4853760Z","C - Hybrid felt PNG","1","128","128","30","180","8.0942","177452","2.6295","2.4912","4.0566","5.2811","2.629464","380.31","0","33.8483","33.5261","Android","samsung SM-N975F","Android OS 12 / API-31 (SP1A.210812.016/N975FXXS9HWHA)","Mali-G76","Vulkan","6000.4.5f1"
"unity-6000.4.5f1-urp-vulkan","unity-rlottie-6000.4.5f1-urp","045c7e61a9e526024070a43c928e0a907cf2b807","URP","Vulkan","35.7","35.5","2026-08-10T21:33:13.6457550Z","C - Hybrid felt PNG","1","256","256","30","180","13.0322","705888","3.8064","3.8579","5.6667","7.106","3.806389","262.72","0","33.6641","33.4316","Android","samsung SM-N975F","Android OS 12 / API-31 (SP1A.210812.016/N975FXXS9HWHA)","Mali-G76","Vulkan","6000.4.5f1"
"unity-6000.4.5f1-urp-vulkan","unity-rlottie-6000.4.5f1-urp","045c7e61a9e526024070a43c928e0a907cf2b807","URP","Vulkan","35.7","35.5","2026-08-10T21:33:20.8240860Z","C - Hybrid felt PNG","1","512","512","30","180","7.268","2819440","6.0559","5.6914","9.1451","11.6607","6.055858","165.13","0","33.7578","33.4687","Android","samsung SM-N975F","Android OS 12 / API-31 (SP1A.210812.016/N975FXXS9HWHA)","Mali-G76","Vulkan","6000.4.5f1"
"unity-6000.4.5f1-urp-vulkan","unity-rlottie-6000.4.5f1-urp","045c7e61a9e526024070a43c928e0a907cf2b807","URP","Vulkan","35.7","35.5","2026-08-10T21:33:28.0862310Z","C - Hybrid felt PNG","1","1024","1024","30","180","20.5511","11273616","11.7994","11.955","15.6223","18.6962","11.799387","84.75","5","34.2199","33.5862","Android","samsung SM-N975F","Android OS 12 / API-31 (SP1A.210812.016/N975FXXS9HWHA)","Mali-G76","Vulkan","6000.4.5f1"
"unity-6000.5.3f1-builtin-opengles3","unity-rlottie-6000.5.3f1","e95bcf4281788e4ff550ca151a8bcb4761e65365","BuiltIn","OpenGLES3","36","35.8","2026-08-10T21:38:41.6899060Z","A - Stitches","1","128","128","30","180","3.3339","65984","2.5385","2.3952","4.0965","5.9928","2.538484","393.94","0","33.8509","33.6005","Android","samsung SM-N975F","Android OS 12 / API-31 (SP1A.210812.016/N975FXXS9HWHA)","Mali-G76","OpenGLES3","6000.5.3f1"
"unity-6000.5.3f1-builtin-opengles3","unity-rlottie-6000.5.3f1","e95bcf4281788e4ff550ca151a8bcb4761e65365","BuiltIn","OpenGLES3","36","35.8","2026-08-10T21:38:48.8686930Z","A - Stitches","1","256","256","30","180","6.3725","262528","2.8952","2.7749","4.6196","6.2408","2.895223","345.4","0","33.7571","33.4549","Android","samsung SM-N975F","Android OS 12 / API-31 (SP1A.210812.016/N975FXXS9HWHA)","Mali-G76","OpenGLES3","6000.5.3f1"
"unity-6000.5.3f1-builtin-opengles3","unity-rlottie-6000.5.3f1","e95bcf4281788e4ff550ca151a8bcb4761e65365","BuiltIn","OpenGLES3","36","35.8","2026-08-10T21:38:56.0128860Z","A - Stitches","1","512","512","30","180","4.841","1049024","6.0236","6.5522","8.6663","9.8181","6.023609","166.01","0","33.5704","33.4615","Android","samsung SM-N975F","Android OS 12 / API-31 (SP1A.210812.016/N975FXXS9HWHA)","Mali-G76","OpenGLES3","6000.5.3f1"
"unity-6000.5.3f1-builtin-opengles3","unity-rlottie-6000.5.3f1","e95bcf4281788e4ff550ca151a8bcb4761e65365","BuiltIn","OpenGLES3","36","35.8","2026-08-10T21:39:03.2085940Z","A - Stitches","1","1024","1024","30","180","2.8044","4194688","10.1323","10.1393","14.0487","19.3553","10.132284","98.69","2","33.8496","33.4362","Android","samsung SM-N975F","Android OS 12 / API-31 (SP1A.210812.016/N975FXXS9HWHA)","Mali-G76","OpenGLES3","6000.5.3f1"
"unity-6000.5.3f1-builtin-opengles3","unity-rlottie-6000.5.3f1","e95bcf4281788e4ff550ca151a8bcb4761e65365","BuiltIn","OpenGLES3","36","35.8","2026-08-10T21:39:10.3858890Z","B - Vector felt","1","128","128","30","180","4.0265","65920","2.8006","2.79","4.3694","5.8128","2.800638","357.06","0","33.6671","33.4979","Android","samsung SM-N975F","Android OS 12 / API-31 (SP1A.210812.016/N975FXXS9HWHA)","Mali-G76","OpenGLES3","6000.5.3f1"
"unity-6000.5.3f1-builtin-opengles3","unity-rlottie-6000.5.3f1","e95bcf4281788e4ff550ca151a8bcb4761e65365","BuiltIn","OpenGLES3","36","35.8","2026-08-10T21:39:17.5735290Z","B - Vector felt","1","256","256","30","180","4.8989","262528","3.7319","3.6951","5.3849","6.6594","3.731937","267.96","0","33.5755","33.4534","Android","samsung SM-N975F","Android OS 12 / API-31 (SP1A.210812.016/N975FXXS9HWHA)","Mali-G76","OpenGLES3","6000.5.3f1"
"unity-6000.5.3f1-builtin-opengles3","unity-rlottie-6000.5.3f1","e95bcf4281788e4ff550ca151a8bcb4761e65365","BuiltIn","OpenGLES3","36","35.8","2026-08-10T21:39:24.7424560Z","B - Vector felt","1","512","512","30","180","2.4502","1049184","6.4327","6.9101","8.8932","9.5635","6.432665","155.46","0","33.5697","33.4497","Android","samsung SM-N975F","Android OS 12 / API-31 (SP1A.210812.016/N975FXXS9HWHA)","Mali-G76","OpenGLES3","6000.5.3f1"
"unity-6000.5.3f1-builtin-opengles3","unity-rlottie-6000.5.3f1","e95bcf4281788e4ff550ca151a8bcb4761e65365","BuiltIn","OpenGLES3","36","35.8","2026-08-10T21:39:31.9918150Z","B - Vector felt","1","1024","1024","30","180","2.7677","4194688","10.164","9.6634","15.5881","18.6869","10.164001","98.39","7","33.8496","33.4283","Android","samsung SM-N975F","Android OS 12 / API-31 (SP1A.210812.016/N975FXXS9HWHA)","Mali-G76","OpenGLES3","6000.5.3f1"
"unity-6000.5.3f1-builtin-opengles3","unity-rlottie-6000.5.3f1","e95bcf4281788e4ff550ca151a8bcb4761e65365","BuiltIn","OpenGLES3","36","35.8","2026-08-10T21:39:39.1997260Z","C - Hybrid felt PNG","1","128","128","30","180","6.3691","65856","2.4377","2.3311","4.1696","5.5327","2.437733","410.22","0","33.8516","33.4638","Android","samsung SM-N975F","Android OS 12 / API-31 (SP1A.210812.016/N975FXXS9HWHA)","Mali-G76","OpenGLES3","6000.5.3f1"
"unity-6000.5.3f1-builtin-opengles3","unity-rlottie-6000.5.3f1","e95bcf4281788e4ff550ca151a8bcb4761e65365","BuiltIn","OpenGLES3","36","35.8","2026-08-10T21:39:46.3782000Z","C - Hybrid felt PNG","1","256","256","30","180","12.2012","262528","3.8315","3.8785","5.6254","6.7482","3.83153","260.99","0","33.7588","33.4587","Android","samsung SM-N975F","Android OS 12 / API-31 (SP1A.210812.016/N975FXXS9HWHA)","Mali-G76","OpenGLES3","6000.5.3f1"
"unity-6000.5.3f1-builtin-opengles3","unity-rlottie-6000.5.3f1","e95bcf4281788e4ff550ca151a8bcb4761e65365","BuiltIn","OpenGLES3","36","35.8","2026-08-10T21:39:53.5570430Z","C - Hybrid felt PNG","1","512","512","30","180","15.7141","1048960","6.3468","6.1314","10.3292","13.4499","6.346846","157.56","0","33.7597","33.4564","Android","samsung SM-N975F","Android OS 12 / API-31 (SP1A.210812.016/N975FXXS9HWHA)","Mali-G76","OpenGLES3","6000.5.3f1"
"unity-6000.5.3f1-builtin-opengles3","unity-rlottie-6000.5.3f1","e95bcf4281788e4ff550ca151a8bcb4761e65365","BuiltIn","OpenGLES3","36","35.8","2026-08-10T21:40:00.8028200Z","C - Hybrid felt PNG","1","1024","1024","30","180","13.5997","4194752","11.9706","11.9602","15.8691","20.8412","11.970638","83.54","6","34.1306","33.559","Android","samsung SM-N975F","Android OS 12 / API-31 (SP1A.210812.016/N975FXXS9HWHA)","Mali-G76","OpenGLES3","6000.5.3f1"
"unity-6000.5.3f1-builtin-vulkan","unity-rlottie-6000.5.3f1","e95bcf4281788e4ff550ca151a8bcb4761e65365","BuiltIn","Vulkan","35.8","36.1","2026-08-10T21:40:55.0334140Z","A - Stitches","1","128","128","30","180","3.3526","177472","2.5746","2.4722","4.0919","5.4597","2.574643","388.4","0","33.849","33.504","Android","samsung SM-N975F","Android OS 12 / API-31 (SP1A.210812.016/N975FXXS9HWHA)","Mali-G76","Vulkan","6000.5.3f1"
"unity-6000.5.3f1-builtin-vulkan","unity-rlottie-6000.5.3f1","e95bcf4281788e4ff550ca151a8bcb4761e65365","BuiltIn","Vulkan","35.8","36.1","2026-08-10T21:41:02.1948450Z","A - Stitches","1","256","256","30","180","6.5907","705904","3.7625","3.8333","5.4006","6.803","3.762531","265.78","0","33.6629","33.5308","Android","samsung SM-N975F","Android OS 12 / API-31 (SP1A.210812.016/N975FXXS9HWHA)","Mali-G76","Vulkan","6000.5.3f1"
"unity-6000.5.3f1-builtin-vulkan","unity-rlottie-6000.5.3f1","e95bcf4281788e4ff550ca151a8bcb4761e65365","BuiltIn","Vulkan","35.8","36.1","2026-08-10T21:41:09.3580390Z","A - Stitches","1","512","512","30","180","8.3736","2819440","6.2786","6.5683","9.2356","10.7317","6.278589","159.27","0","33.6632","33.4629","Android","samsung SM-N975F","Android OS 12 / API-31 (SP1A.210812.016/N975FXXS9HWHA)","Mali-G76","Vulkan","6000.5.3f1"
"unity-6000.5.3f1-builtin-vulkan","unity-rlottie-6000.5.3f1","e95bcf4281788e4ff550ca151a8bcb4761e65365","BuiltIn","Vulkan","35.8","36.1","2026-08-10T21:41:16.5666810Z","A - Stitches","1","1024","1024","30","180","21.7558","11273820","10.5786","10.7078","14.6468","17.9987","10.578632","94.53","4","33.9386","33.4754","Android","samsung SM-N975F","Android OS 12 / API-31 (SP1A.210812.016/N975FXXS9HWHA)","Mali-G76","Vulkan","6000.5.3f1"
"unity-6000.5.3f1-builtin-vulkan","unity-rlottie-6000.5.3f1","e95bcf4281788e4ff550ca151a8bcb4761e65365","BuiltIn","Vulkan","35.8","36.1","2026-08-10T21:41:23.7107230Z","B - Vector felt","1","128","128","30","180","6.9671","177472","2.9974","3.0172","4.5138","5.8904","2.997358","333.63","0","33.5684","33.5112","Android","samsung SM-N975F","Android OS 12 / API-31 (SP1A.210812.016/N975FXXS9HWHA)","Mali-G76","Vulkan","6000.5.3f1"
"unity-6000.5.3f1-builtin-vulkan","unity-rlottie-6000.5.3f1","e95bcf4281788e4ff550ca151a8bcb4761e65365","BuiltIn","Vulkan","35.8","36.1","2026-08-10T21:41:30.8877460Z","B - Vector felt","1","256","256","30","180","9.9594","705888","3.8835","3.944","5.9107","7.2818","3.883497","257.5","0","33.569","33.4671","Android","samsung SM-N975F","Android OS 12 / API-31 (SP1A.210812.016/N975FXXS9HWHA)","Mali-G76","Vulkan","6000.5.3f1"
"unity-6000.5.3f1-builtin-vulkan","unity-rlottie-6000.5.3f1","e95bcf4281788e4ff550ca151a8bcb4761e65365","BuiltIn","Vulkan","35.8","36.1","2026-08-10T21:41:38.0538840Z","B - Vector felt","1","512","512","30","180","3.4492","2819420","6.7698","7.0828","9.7249","11.3985","6.76983","147.71","0","33.5697","33.4374","Android","samsung SM-N975F","Android OS 12 / API-31 (SP1A.210812.016/N975FXXS9HWHA)","Mali-G76","Vulkan","6000.5.3f1"
"unity-6000.5.3f1-builtin-vulkan","unity-rlottie-6000.5.3f1","e95bcf4281788e4ff550ca151a8bcb4761e65365","BuiltIn","Vulkan","35.8","36.1","2026-08-10T21:41:45.2862750Z","B - Vector felt","1","1024","1024","30","180","5.6683","11273596","10.9891","10.79","15.3659","22.1319","10.989081","91","7","33.661","33.4413","Android","samsung SM-N975F","Android OS 12 / API-31 (SP1A.210812.016/N975FXXS9HWHA)","Mali-G76","Vulkan","6000.5.3f1"
"unity-6000.5.3f1-builtin-vulkan","unity-rlottie-6000.5.3f1","e95bcf4281788e4ff550ca151a8bcb4761e65365","BuiltIn","Vulkan","35.8","36.1","2026-08-10T21:41:52.4649100Z","C - Hybrid felt PNG","1","128","128","30","180","7.7099","177452","2.8084","2.6718","4.177","5.4089","2.808371","356.08","0","33.6618","33.5115","Android","samsung SM-N975F","Android OS 12 / API-31 (SP1A.210812.016/N975FXXS9HWHA)","Mali-G76","Vulkan","6000.5.3f1"
"unity-6000.5.3f1-builtin-vulkan","unity-rlottie-6000.5.3f1","e95bcf4281788e4ff550ca151a8bcb4761e65365","BuiltIn","Vulkan","35.8","36.1","2026-08-10T21:41:59.6983300Z","C - Hybrid felt PNG","1","256","256","30","180","7.6838","705868","3.4314","3.5713","4.9077","6.5023","3.431417","291.42","0","34.1279","33.5071","Android","samsung SM-N975F","Android OS 12 / API-31 (SP1A.210812.016/N975FXXS9HWHA)","Mali-G76","Vulkan","6000.5.3f1"
"unity-6000.5.3f1-builtin-vulkan","unity-rlottie-6000.5.3f1","e95bcf4281788e4ff550ca151a8bcb4761e65365","BuiltIn","Vulkan","35.8","36.1","2026-08-10T21:42:06.8433500Z","C - Hybrid felt PNG","1","512","512","30","180","18.2834","2819420","6.6724","6.6843","10.2166","11.8814","6.672354","149.87","0","33.5721","33.4491","Android","samsung SM-N975F","Android OS 12 / API-31 (SP1A.210812.016/N975FXXS9HWHA)","Mali-G76","Vulkan","6000.5.3f1"
"unity-6000.5.3f1-builtin-vulkan","unity-rlottie-6000.5.3f1","e95bcf4281788e4ff550ca151a8bcb4761e65365","BuiltIn","Vulkan","35.8","36.1","2026-08-10T21:42:14.1060090Z","C - Hybrid felt PNG","1","1024","1024","30","180","21.2467","11273596","12.0533","12.3152","15.6394","20.9578","12.053306","82.96","3","34.2208","33.5314","Android","samsung SM-N975F","Android OS 12 / API-31 (SP1A.210812.016/N975FXXS9HWHA)","Mali-G76","Vulkan","6000.5.3f1"
"unity-6000.5.3f1-urp-opengles3","unity-rlottie-6000.5.3f1-urp","ab1c8c48427ce912e168ed5d9e6172c9e357fe14","URP","OpenGLES3","35.8","36.2","2026-08-10T21:48:00.7006060Z","A - Stitches","1","128","128","30","180","1.6685","65920","2.3678","2.2704","4.0208","5.2365","2.367797","422.33","0","33.7575","33.5012","Android","samsung SM-N975F","Android OS 12 / API-31 (SP1A.210812.016/N975FXXS9HWHA)","Mali-G76","OpenGLES3","6000.5.3f1"
"unity-6000.5.3f1-urp-opengles3","unity-rlottie-6000.5.3f1-urp","ab1c8c48427ce912e168ed5d9e6172c9e357fe14","URP","OpenGLES3","35.8","36.2","2026-08-10T21:48:07.8624050Z","A - Stitches","1","256","256","30","180","4.1726","262592","3.3023","3.3191","4.8889","5.8185","3.302343","302.82","0","33.6651","33.4536","Android","samsung SM-N975F","Android OS 12 / API-31 (SP1A.210812.016/N975FXXS9HWHA)","Mali-G76","OpenGLES3","6000.5.3f1"
"unity-6000.5.3f1-urp-opengles3","unity-rlottie-6000.5.3f1-urp","ab1c8c48427ce912e168ed5d9e6172c9e357fe14","URP","OpenGLES3","35.8","36.2","2026-08-10T21:48:15.0236390Z","A - Stitches","1","512","512","30","180","4.6728","1049024","5.4285","5.7663","7.5819","8.8135","5.428474","184.21","0","33.6635","33.4653","Android","samsung SM-N975F","Android OS 12 / API-31 (SP1A.210812.016/N975FXXS9HWHA)","Mali-G76","OpenGLES3","6000.5.3f1"
"unity-6000.5.3f1-urp-opengles3","unity-rlottie-6000.5.3f1-urp","ab1c8c48427ce912e168ed5d9e6172c9e357fe14","URP","OpenGLES3","35.8","36.2","2026-08-10T21:48:22.2191070Z","A - Stitches","1","1024","1024","30","180","4.8363","4194696","10.1437","9.7268","15.9165","18.3636","10.143714","98.58","5","33.8485","33.4703","Android","samsung SM-N975F","Android OS 12 / API-31 (SP1A.210812.016/N975FXXS9HWHA)","Mali-G76","OpenGLES3","6000.5.3f1"
"unity-6000.5.3f1-urp-opengles3","unity-rlottie-6000.5.3f1-urp","ab1c8c48427ce912e168ed5d9e6172c9e357fe14","URP","OpenGLES3","35.8","36.2","2026-08-10T21:48:29.3955960Z","B - Vector felt","1","128","128","30","180","4.4097","65928","2.7936","2.7493","4.0372","5.817","2.793643","357.96","0","33.6625","33.5058","Android","samsung SM-N975F","Android OS 12 / API-31 (SP1A.210812.016/N975FXXS9HWHA)","Mali-G76","OpenGLES3","6000.5.3f1"
"unity-6000.5.3f1-urp-opengles3","unity-rlottie-6000.5.3f1-urp","ab1c8c48427ce912e168ed5d9e6172c9e357fe14","URP","OpenGLES3","35.8","36.2","2026-08-10T21:48:36.5989940Z","B - Vector felt","1","256","256","30","180","4.0872","262472","3.8464","3.7461","5.5246","7.0427","3.846399","259.98","0","33.6643","33.4647","Android","samsung SM-N975F","Android OS 12 / API-31 (SP1A.210812.016/N975FXXS9HWHA)","Mali-G76","OpenGLES3","6000.5.3f1"
"unity-6000.5.3f1-urp-opengles3","unity-rlottie-6000.5.3f1-urp","ab1c8c48427ce912e168ed5d9e6172c9e357fe14","URP","OpenGLES3","35.8","36.2","2026-08-10T21:48:43.7726440Z","B - Vector felt","1","512","512","30","180","2.5243","1049192","6.3816","6.6807","8.4957","9.4452","6.381577","156.7","0","33.4796","33.4401","Android","samsung SM-N975F","Android OS 12 / API-31 (SP1A.210812.016/N975FXXS9HWHA)","Mali-G76","OpenGLES3","6000.5.3f1"
"unity-6000.5.3f1-urp-opengles3","unity-rlottie-6000.5.3f1-urp","ab1c8c48427ce912e168ed5d9e6172c9e357fe14","URP","OpenGLES3","35.8","36.2","2026-08-10T21:48:50.9977840Z","B - Vector felt","1","1024","1024","30","180","2.4686","4194632","9.8158","9.5542","14.9854","20.3154","9.815769","101.88","4","33.6662","33.4415","Android","samsung SM-N975F","Android OS 12 / API-31 (SP1A.210812.016/N975FXXS9HWHA)","Mali-G76","OpenGLES3","6000.5.3f1"
"unity-6000.5.3f1-urp-opengles3","unity-rlottie-6000.5.3f1-urp","ab1c8c48427ce912e168ed5d9e6172c9e357fe14","URP","OpenGLES3","35.8","36.2","2026-08-10T21:48:58.2084190Z","C - Hybrid felt PNG","1","128","128","30","180","6.1794","65864","2.4766","2.3995","3.9909","5.4643","2.476628","403.77","0","33.8516","33.453","Android","samsung SM-N975F","Android OS 12 / API-31 (SP1A.210812.016/N975FXXS9HWHA)","Mali-G76","OpenGLES3","6000.5.3f1"
"unity-6000.5.3f1-urp-opengles3","unity-rlottie-6000.5.3f1-urp","ab1c8c48427ce912e168ed5d9e6172c9e357fe14","URP","OpenGLES3","35.8","36.2","2026-08-10T21:49:05.3872890Z","C - Hybrid felt PNG","1","256","256","30","180","10.909","262760","3.2423","3.2132","5.0437","8.1596","3.242279","308.42","0","33.7592","33.4311","Android","samsung SM-N975F","Android OS 12 / API-31 (SP1A.210812.016/N975FXXS9HWHA)","Mali-G76","OpenGLES3","6000.5.3f1"
"unity-6000.5.3f1-urp-opengles3","unity-rlottie-6000.5.3f1-urp","ab1c8c48427ce912e168ed5d9e6172c9e357fe14","URP","OpenGLES3","35.8","36.2","2026-08-10T21:49:12.5818840Z","C - Hybrid felt PNG","1","512","512","30","180","12.8461","1048968","6.6535","6.7834","9.9056","11.8102","6.653482","150.3","0","33.8506","33.4649","Android","samsung SM-N975F","Android OS 12 / API-31 (SP1A.210812.016/N975FXXS9HWHA)","Mali-G76","OpenGLES3","6000.5.3f1"
"unity-6000.5.3f1-urp-opengles3","unity-rlottie-6000.5.3f1-urp","ab1c8c48427ce912e168ed5d9e6172c9e357fe14","URP","OpenGLES3","35.8","36.2","2026-08-10T21:49:19.8446560Z","C - Hybrid felt PNG","1","1024","1024","30","180","15.0111","4194632","11.7137","11.7854","16.21","19.304","11.713711","85.37","6","34.22","33.4921","Android","samsung SM-N975F","Android OS 12 / API-31 (SP1A.210812.016/N975FXXS9HWHA)","Mali-G76","OpenGLES3","6000.5.3f1"
"unity-6000.5.3f1-urp-vulkan","unity-rlottie-6000.5.3f1-urp","ab1c8c48427ce912e168ed5d9e6172c9e357fe14","URP","Vulkan","36.1","35.8","2026-08-10T21:45:12.5624080Z","A - Stitches","1","128","128","30","180","3.5063","177472","2.4443","2.3882","3.7828","5.3702","2.444272","409.12","0","33.6604","33.4864","Android","samsung SM-N975F","Android OS 12 / API-31 (SP1A.210812.016/N975FXXS9HWHA)","Mali-G76","Vulkan","6000.5.3f1"
"unity-6000.5.3f1-urp-vulkan","unity-rlottie-6000.5.3f1-urp","ab1c8c48427ce912e168ed5d9e6172c9e357fe14","URP","Vulkan","36.1","35.8","2026-08-10T21:45:19.7224000Z","A - Stitches","1","256","256","30","180","4.799","705904","3.5004","3.5212","4.9729","6.3525","3.500379","285.68","0","33.6622","33.4725","Android","samsung SM-N975F","Android OS 12 / API-31 (SP1A.210812.016/N975FXXS9HWHA)","Mali-G76","Vulkan","6000.5.3f1"
"unity-6000.5.3f1-urp-vulkan","unity-rlottie-6000.5.3f1-urp","ab1c8c48427ce912e168ed5d9e6172c9e357fe14","URP","Vulkan","36.1","35.8","2026-08-10T21:45:26.9006270Z","A - Stitches","1","512","512","30","180","6.726","2819440","6.0659","6.5562","8.4942","10.5173","6.065901","164.86","0","33.7564","33.4866","Android","samsung SM-N975F","Android OS 12 / API-31 (SP1A.210812.016/N975FXXS9HWHA)","Mali-G76","Vulkan","6000.5.3f1"
"unity-6000.5.3f1-urp-vulkan","unity-rlottie-6000.5.3f1-urp","ab1c8c48427ce912e168ed5d9e6172c9e357fe14","URP","Vulkan","36.1","35.8","2026-08-10T21:45:34.0961410Z","A - Stitches","1","1024","1024","30","180","13.3337","11273616","10.086","10.3086","14.1778","19.0456","10.08603","99.15","2","33.8505","33.4886","Android","samsung SM-N975F","Android OS 12 / API-31 (SP1A.210812.016/N975FXXS9HWHA)","Mali-G76","Vulkan","6000.5.3f1"
"unity-6000.5.3f1-urp-vulkan","unity-rlottie-6000.5.3f1-urp","ab1c8c48427ce912e168ed5d9e6172c9e357fe14","URP","Vulkan","36.1","35.8","2026-08-10T21:45:41.2898190Z","B - Vector felt","1","128","128","30","180","9.1902","177676","3.0465","3.0621","4.7437","5.6006","3.046472","328.25","0","33.7557","33.5025","Android","samsung SM-N975F","Android OS 12 / API-31 (SP1A.210812.016/N975FXXS9HWHA)","Mali-G76","Vulkan","6000.5.3f1"
"unity-6000.5.3f1-urp-vulkan","unity-rlottie-6000.5.3f1-urp","ab1c8c48427ce912e168ed5d9e6172c9e357fe14","URP","Vulkan","36.1","35.8","2026-08-10T21:45:48.5015520Z","B - Vector felt","1","256","256","30","180","5.5452","705888","3.9137","3.8855","5.4677","8.0598","3.913674","255.51","0","33.5721","33.4475","Android","samsung SM-N975F","Android OS 12 / API-31 (SP1A.210812.016/N975FXXS9HWHA)","Mali-G76","Vulkan","6000.5.3f1"
"unity-6000.5.3f1-urp-vulkan","unity-rlottie-6000.5.3f1-urp","ab1c8c48427ce912e168ed5d9e6172c9e357fe14","URP","Vulkan","36.1","35.8","2026-08-10T21:45:55.7364930Z","B - Vector felt","1","512","512","30","180","3.4261","2819440","6.4752","6.7689","8.7965","10.6601","6.475155","154.44","0","33.7555","33.4666","Android","samsung SM-N975F","Android OS 12 / API-31 (SP1A.210812.016/N975FXXS9HWHA)","Mali-G76","Vulkan","6000.5.3f1"
"unity-6000.5.3f1-urp-vulkan","unity-rlottie-6000.5.3f1-urp","ab1c8c48427ce912e168ed5d9e6172c9e357fe14","URP","Vulkan","36.1","35.8","2026-08-10T21:46:03.0729890Z","B - Vector felt","1","1024","1024","30","180","6.0746","11273596","10.703","10.6483","14.7051","19.6686","10.703032","93.43","5","34.2173","33.5073","Android","samsung SM-N975F","Android OS 12 / API-31 (SP1A.210812.016/N975FXXS9HWHA)","Mali-G76","Vulkan","6000.5.3f1"
"unity-6000.5.3f1-urp-vulkan","unity-rlottie-6000.5.3f1-urp","ab1c8c48427ce912e168ed5d9e6172c9e357fe14","URP","Vulkan","36.1","35.8","2026-08-10T21:46:10.2506500Z","C - Hybrid felt PNG","1","128","128","30","180","10.4742","177676","2.55","2.4575","3.9266","5.9082","2.550023","392.15","0","33.7558","33.4549","Android","samsung SM-N975F","Android OS 12 / API-31 (SP1A.210812.016/N975FXXS9HWHA)","Mali-G76","Vulkan","6000.5.3f1"
"unity-6000.5.3f1-urp-vulkan","unity-rlottie-6000.5.3f1-urp","ab1c8c48427ce912e168ed5d9e6172c9e357fe14","URP","Vulkan","36.1","35.8","2026-08-10T21:46:17.4290930Z","C - Hybrid felt PNG","1","256","256","30","180","21.6918","705888","3.4806","3.6604","5.2029","6.6937","3.480617","287.31","0","33.7563","33.5039","Android","samsung SM-N975F","Android OS 12 / API-31 (SP1A.210812.016/N975FXXS9HWHA)","Mali-G76","Vulkan","6000.5.3f1"
"unity-6000.5.3f1-urp-vulkan","unity-rlottie-6000.5.3f1-urp","ab1c8c48427ce912e168ed5d9e6172c9e357fe14","URP","Vulkan","36.1","35.8","2026-08-10T21:46:24.6406590Z","C - Hybrid felt PNG","1","512","512","30","180","16.7018","2819420","6.2476","5.888","9.6266","13.2511","6.247559","160.06","0","33.9459","33.4906","Android","samsung SM-N975F","Android OS 12 / API-31 (SP1A.210812.016/N975FXXS9HWHA)","Mali-G76","Vulkan","6000.5.3f1"
"unity-6000.5.3f1-urp-vulkan","unity-rlottie-6000.5.3f1-urp","ab1c8c48427ce912e168ed5d9e6172c9e357fe14","URP","Vulkan","36.1","35.8","2026-08-10T21:46:31.9031030Z","C - Hybrid felt PNG","1","1024","1024","30","180","21.8264","11273616","12.0424","12.2978","16.3269","20.4185","12.04241","83.04","8","34.2201","33.4677","Android","samsung SM-N975F","Android OS 12 / API-31 (SP1A.210812.016/N975FXXS9HWHA)","Mali-G76","Vulkan","6000.5.3f1"
